[INFO] Error stacktraces are turned on.
[INFO] Scanning for projects...
[INFO] 
[INFO] -----------< org.nonprofitbookkeeping:sca-ledger-h2-jakarta >-----------
[INFO] Building SCA Ledger (H2 + Jakarta) 0.2.0-SNAPSHOT
[INFO]   from pom.xml
[INFO] --------------------------------[ jar ]---------------------------------
[INFO] 
[INFO] --- clean:3.2.0:clean (default-clean) @ sca-ledger-h2-jakarta ---
[INFO] Deleting /home/runner/work/sca-jakarta-h2/sca-jakarta-h2/target
[INFO] 
[INFO] --- resources:3.4.0:resources (default-resources) @ sca-ledger-h2-jakarta ---
[INFO] Copying 36 resources from src/main/resources to target/classes
[INFO] 
[INFO] --- compiler:3.13.0:compile (default-compile) @ sca-ledger-h2-jakarta ---
[INFO] Recompiling the module because of changed source code.
[INFO] Compiling 371 source files with javac [debug release 17] to target/classes
[INFO] /home/runner/work/sca-jakarta-h2/sca-jakarta-h2/src/main/java/org/nonprofitbookkeeping/ui/UserAdminPanel.java: Some input files use unchecked or unsafe operations.
[INFO] /home/runner/work/sca-jakarta-h2/sca-jakarta-h2/src/main/java/org/nonprofitbookkeeping/ui/UserAdminPanel.java: Recompile with -Xlint:unchecked for details.
[INFO] 
[INFO] --- resources:3.4.0:testResources (default-testResources) @ sca-ledger-h2-jakarta ---
[INFO] Copying 51 resources from src/test/resources to target/test-classes
[INFO] 
[INFO] --- compiler:3.13.0:testCompile (default-testCompile) @ sca-ledger-h2-jakarta ---
[INFO] Recompiling the module because of changed dependency.
[INFO] Compiling 156 source files with javac [debug release 17] to target/test-classes
[INFO] /home/runner/work/sca-jakarta-h2/sca-jakarta-h2/src/test/java/org/nonprofitbookkeeping/ui/CompanyTableStateBinderTest.java: /home/runner/work/sca-jakarta-h2/sca-jakarta-h2/src/test/java/org/nonprofitbookkeeping/ui/CompanyTableStateBinderTest.java uses or overrides a deprecated API.
[INFO] /home/runner/work/sca-jakarta-h2/sca-jakarta-h2/src/test/java/org/nonprofitbookkeeping/ui/CompanyTableStateBinderTest.java: Recompile with -Xlint:deprecation for details.
[INFO] /home/runner/work/sca-jakarta-h2/sca-jakarta-h2/src/test/java/org/nonprofitbookkeeping/ui/CompanyTableStateBinderTest.java: /home/runner/work/sca-jakarta-h2/sca-jakarta-h2/src/test/java/org/nonprofitbookkeeping/ui/CompanyTableStateBinderTest.java uses unchecked or unsafe operations.
[INFO] /home/runner/work/sca-jakarta-h2/sca-jakarta-h2/src/test/java/org/nonprofitbookkeeping/ui/CompanyTableStateBinderTest.java: Recompile with -Xlint:unchecked for details.
[INFO] 
[INFO] --- surefire:3.2.5:test (default-test) @ sca-ledger-h2-jakarta ---
[INFO] Surefire report directory: /home/runner/work/sca-jakarta-h2/sca-jakarta-h2/target/surefire-reports
[INFO] Using auto detected provider org.apache.maven.surefire.junitplatform.JUnitPlatformProvider
[INFO] 
[INFO] -------------------------------------------------------
[INFO]  T E S T S
[INFO] -------------------------------------------------------
[INFO] Running org.nonprofitbookkeeping.dataexchange.DataExchangeFixtureContractTest
[Fatal Error] :2:10: DOCTYPE is disallowed when the feature "http://apache.org/xml/features/disallow-doctype-decl" set to true.
[Fatal Error] :2:10: DOCTYPE is disallowed when the feature "http://apache.org/xml/features/disallow-doctype-decl" set to true.
[Fatal Error] :1:71: The element type "STMTTRNRS" must be terminated by the matching end-tag "</STMTTRNRS>".
[INFO] Tests run: 18, Failures: 0, Errors: 0, Skipped: 0, Time elapsed: 0.829 s -- in org.nonprofitbookkeeping.dataexchange.DataExchangeFixtureContractTest
[INFO] Running org.nonprofitbookkeeping.persistence.TxnPortableIdentityMigrationTest
01:10:06.670 INFO  [main] org.flywaydb.core.FlywayExecutor - Database: jdbc:h2:mem:txn-portable-identity-98075be9cde4401eb26c50b7f6a75b6c (H2 2.2)
01:10:06.716 INFO  [main] o.f.c.i.s.JdbcTableSchemaHistory - Schema history table "public"."flyway_schema_history" does not exist yet
01:10:06.720 INFO  [main] o.f.core.internal.command.DbValidate - Successfully validated 26 migrations (execution time 00:00.022s)
01:10:06.730 INFO  [main] o.f.c.i.s.JdbcTableSchemaHistory - Creating Schema History table "public"."flyway_schema_history" ...
01:10:06.785 INFO  [main] o.f.core.internal.command.DbMigrate - Current version of schema "public": << Empty Schema >>
01:10:06.814 INFO  [main] o.f.core.internal.command.DbMigrate - Migrating schema "public" to version "1 - init"
01:10:06.897 INFO  [main] o.f.core.internal.command.DbMigrate - Migrating schema "public" to version "2 - schedule items"
01:10:06.911 INFO  [main] o.f.core.internal.command.DbMigrate - Migrating schema "public" to version "3 - subtype schedule defaults"
01:10:06.922 INFO  [main] o.f.core.internal.command.DbMigrate - Migrating schema "public" to version "4 - journal open item core"
01:10:06.936 INFO  [main] o.f.core.internal.command.DbMigrate - Migrating schema "public" to version "5 - open item concurrency and fks"
01:10:06.954 INFO  [main] o.f.core.internal.command.DbMigrate - Migrating schema "public" to version "6 - workflow run records"
01:10:06.964 INFO  [main] o.f.core.internal.command.DbMigrate - Migrating schema "public" to version "7 - workflow run status constraints"
01:10:06.972 INFO  [main] o.f.core.internal.command.DbMigrate - Migrating schema "public" to version "8 - approval audit records"
01:10:06.978 INFO  [main] o.f.core.internal.command.DbMigrate - Migrating schema "public" to version "45 - add budget category"
01:10:07.004 INFO  [main] o.f.core.internal.command.DbMigrate - Migrating schema "public" to version "46 - company user admin foundation"
01:10:07.030 INFO  [main] o.f.core.internal.command.DbMigrate - Migrating schema "public" to version "47 - accounting period and audit"
01:10:07.044 INFO  [main] o.f.core.internal.command.DbMigrate - Migrating schema "public" to version "48 - transaction corrections"
01:10:07.075 INFO  [main] o.f.core.internal.command.DbMigrate - Migrating schema "public" to version "49 - txn reconciliation protection"
01:10:07.084 INFO  [main] o.f.core.internal.command.DbMigrate - Migrating schema "public" to version "50 - budget plan and line"
01:10:07.111 INFO  [main] o.f.core.internal.command.DbMigrate - Migrating schema "public" to version "51 - bank import batch and statement line"
01:10:07.146 INFO  [main] o.f.core.internal.command.DbMigrate - Migrating schema "public" to version "52 - bank and configured bank account"
01:10:07.192 INFO  [main] o.f.core.internal.command.DbMigrate - Migrating schema "public" to version "53 - bank import review all rows"
01:10:07.198 INFO  [main] o.f.core.internal.command.DbMigrate - Migrating schema "public" to version "54 - txn split cleared state"
01:10:07.226 INFO  [main] o.f.core.internal.command.DbMigrate - Migrating schema "public" to version "55 - fixed assets and depreciation"
01:10:07.242 INFO  [main] o.f.core.internal.command.DbMigrate - Migrating schema "public" to version "56 - inventory items and movements"
01:10:07.255 INFO  [main] o.f.core.internal.command.DbMigrate - Migrating schema "public" to version "57 - bank reconciliation workspace"
01:10:07.268 INFO  [main] o.f.core.internal.command.DbMigrate - Migrating schema "public" to version "58 - txn supplemental lines"
01:10:07.278 INFO  [main] o.f.core.internal.command.DbMigrate - Migrating schema "public" to version "59 - company ui preferences and state"
01:10:07.285 INFO  [main] o.f.core.internal.command.DbMigrate - Migrating schema "public" to version "60 - period close ranges"
01:10:07.312 INFO  [main] o.f.core.internal.command.DbMigrate - Migrating schema "public" to version "61 - company ownership and interchange identity"
01:10:07.416 INFO  [main] o.f.core.internal.command.DbMigrate - Successfully applied 25 migrations to schema "public", now at version v61 (execution time 00:00.417s)
01:10:07.438 INFO  [main] org.flywaydb.core.FlywayExecutor - Database: jdbc:h2:mem:txn-portable-identity-98075be9cde4401eb26c50b7f6a75b6c (H2 2.2)
01:10:07.454 INFO  [main] o.f.core.internal.command.DbValidate - Successfully validated 26 migrations (execution time 00:00.012s)
01:10:07.457 INFO  [main] o.f.core.internal.command.DbMigrate - Current version of schema "public": 61
01:10:07.458 INFO  [main] o.f.core.internal.command.DbMigrate - Migrating schema "public" to version "62 - txn portable identity"
01:10:07.470 INFO  [main] o.f.core.internal.command.DbMigrate - Successfully applied 1 migration to schema "public", now at version v62 (execution time 00:00.009s)
[INFO] Tests run: 1, Failures: 0, Errors: 0, Skipped: 0, Time elapsed: 1.274 s -- in org.nonprofitbookkeeping.persistence.TxnPortableIdentityMigrationTest
[INFO] Running org.nonprofitbookkeeping.persistence.DatabaseMigrationRecoveryTest
[NPBK] Flyway migration starting.
[NPBK] JDBC URL: jdbc:h2:mem:partial-schema-588ab4d0d3874c40bf57ed12b4e29155;MODE=PostgreSQL;DATABASE_TO_LOWER=TRUE;DEFAULT_NULL_ORDERING=HIGH;DB_CLOSE_DELAY=-1;INIT=CREATE SCHEMA IF NOT EXISTS PUBLIC\;SET SCHEMA PUBLIC
[NPBK] Flyway migration failed: java.lang.IllegalStateException: Database contains a partial or non-contiguous untracked schema. No tables were deleted or recreated.
java.lang.IllegalStateException: Database contains a partial or non-contiguous untracked schema. No tables were deleted or recreated.
	at org.nonprofitbookkeeping.persistence.FlywaySchemaRecoveryService.prepareBaselineForUntrackedSchema(FlywaySchemaRecoveryService.java:90)
	at org.nonprofitbookkeeping.persistence.DatabaseMigrationService.migrateJdbcUrl(DatabaseMigrationService.java:37)
	at org.nonprofitbookkeeping.persistence.DatabaseMigrationRecoveryTest.lambda$rejectsPartialUntrackedSchemaWithoutDeletingData$0(DatabaseMigrationRecoveryTest.java:137)
	at org.junit.jupiter.api.AssertThrows.assertThrows(AssertThrows.java:53)
	at org.junit.jupiter.api.AssertThrows.assertThrows(AssertThrows.java:35)
	at org.junit.jupiter.api.Assertions.assertThrows(Assertions.java:3115)
	at org.nonprofitbookkeeping.persistence.DatabaseMigrationRecoveryTest.rejectsPartialUntrackedSchemaWithoutDeletingData(DatabaseMigrationRecoveryTest.java:135)
	at java.base/jdk.internal.reflect.NativeMethodAccessorImpl.invoke0(Native Method)
	at java.base/jdk.internal.reflect.NativeMethodAccessorImpl.invoke(NativeMethodAccessorImpl.java:77)
	at java.base/jdk.internal.reflect.DelegatingMethodAccessorImpl.invoke(DelegatingMethodAccessorImpl.java:43)
	at java.base/java.lang.reflect.Method.invoke(Method.java:569)
	at org.junit.platform.commons.util.ReflectionUtils.invokeMethod(ReflectionUtils.java:728)
	at org.junit.jupiter.engine.execution.MethodInvocation.proceed(MethodInvocation.java:60)
	at org.junit.jupiter.engine.execution.InvocationInterceptorChain$ValidatingInvocation.proceed(InvocationInterceptorChain.java:131)
	at org.junit.jupiter.engine.extension.TimeoutExtension.intercept(TimeoutExtension.java:156)
	at org.junit.jupiter.engine.extension.TimeoutExtension.interceptTestableMethod(TimeoutExtension.java:147)
	at org.junit.jupiter.engine.extension.TimeoutExtension.interceptTestMethod(TimeoutExtension.java:86)
	at org.junit.jupiter.engine.execution.InterceptingExecutableInvoker$ReflectiveInterceptorCall.lambda$ofVoidMethod$0(InterceptingExecutableInvoker.java:103)
	at org.junit.jupiter.engine.execution.InterceptingExecutableInvoker.lambda$invoke$0(InterceptingExecutableInvoker.java:93)
	at org.junit.jupiter.engine.execution.InvocationInterceptorChain$InterceptedInvocation.proceed(InvocationInterceptorChain.java:106)
	at org.junit.jupiter.engine.execution.InvocationInterceptorChain.proceed(InvocationInterceptorChain.java:64)
	at org.junit.jupiter.engine.execution.InvocationInterceptorChain.chainAndInvoke(InvocationInterceptorChain.java:45)
	at org.junit.jupiter.engine.execution.InvocationInterceptorChain.invoke(InvocationInterceptorChain.java:37)
	at org.junit.jupiter.engine.execution.InterceptingExecutableInvoker.invoke(InterceptingExecutableInvoker.java:92)
	at org.junit.jupiter.engine.execution.InterceptingExecutableInvoker.invoke(InterceptingExecutableInvoker.java:86)
	at org.junit.jupiter.engine.descriptor.TestMethodTestDescriptor.lambda$invokeTestMethod$7(TestMethodTestDescriptor.java:218)
	at org.junit.platform.engine.support.hierarchical.ThrowableCollector.execute(ThrowableCollector.java:73)
	at org.junit.jupiter.engine.descriptor.TestMethodTestDescriptor.invokeTestMethod(TestMethodTestDescriptor.java:214)
	at org.junit.jupiter.engine.descriptor.TestMethodTestDescriptor.execute(TestMethodTestDescriptor.java:139)
	at org.junit.jupiter.engine.descriptor.TestMethodTestDescriptor.execute(TestMethodTestDescriptor.java:69)
	at org.junit.platform.engine.support.hierarchical.NodeTestTask.lambda$executeRecursively$6(NodeTestTask.java:151)
	at org.junit.platform.engine.support.hierarchical.ThrowableCollector.execute(ThrowableCollector.java:73)
	at org.junit.platform.engine.support.hierarchical.NodeTestTask.lambda$executeRecursively$8(NodeTestTask.java:141)
	at org.junit.platform.engine.support.hierarchical.Node.around(Node.java:137)
	at org.junit.platform.engine.support.hierarchical.NodeTestTask.lambda$executeRecursively$9(NodeTestTask.java:139)
	at org.junit.platform.engine.support.hierarchical.ThrowableCollector.execute(ThrowableCollector.java:73)
	at org.junit.platform.engine.support.hierarchical.NodeTestTask.executeRecursively(NodeTestTask.java:138)
	at org.junit.platform.engine.support.hierarchical.NodeTestTask.execute(NodeTestTask.java:95)
	at java.base/java.util.ArrayList.forEach(ArrayList.java:1511)
	at org.junit.platform.engine.support.hierarchical.SameThreadHierarchicalTestExecutorService.invokeAll(SameThreadHierarchicalTestExecutorService.java:41)
	at org.junit.platform.engine.support.hierarchical.NodeTestTask.lambda$executeRecursively$6(NodeTestTask.java:155)
	at org.junit.platform.engine.support.hierarchical.ThrowableCollector.execute(ThrowableCollector.java:73)
	at org.junit.platform.engine.support.hierarchical.NodeTestTask.lambda$executeRecursively$8(NodeTestTask.java:141)
	at org.junit.platform.engine.support.hierarchical.Node.around(Node.java:137)
	at org.junit.platform.engine.support.hierarchical.NodeTestTask.lambda$executeRecursively$9(NodeTestTask.java:139)
	at org.junit.platform.engine.support.hierarchical.ThrowableCollector.execute(ThrowableCollector.java:73)
	at org.junit.platform.engine.support.hierarchical.NodeTestTask.executeRecursively(NodeTestTask.java:138)
	at org.junit.platform.engine.support.hierarchical.NodeTestTask.execute(NodeTestTask.java:95)
	at java.base/java.util.ArrayList.forEach(ArrayList.java:1511)
	at org.junit.platform.engine.support.hierarchical.SameThreadHierarchicalTestExecutorService.invokeAll(SameThreadHierarchicalTestExecutorService.java:41)
	at org.junit.platform.engine.support.hierarchical.NodeTestTask.lambda$executeRecursively$6(NodeTestTask.java:155)
	at org.junit.platform.engine.support.hierarchical.ThrowableCollector.execute(ThrowableCollector.java:73)
	at org.junit.platform.engine.support.hierarchical.NodeTestTask.lambda$executeRecursively$8(NodeTestTask.java:141)
	at org.junit.platform.engine.support.hierarchical.Node.around(Node.java:137)
	at org.junit.platform.engine.support.hierarchical.NodeTestTask.lambda$executeRecursively$9(NodeTestTask.java:139)
	at org.junit.platform.engine.support.hierarchical.ThrowableCollector.execute(ThrowableCollector.java:73)
	at org.junit.platform.engine.support.hierarchical.NodeTestTask.executeRecursively(NodeTestTask.java:138)
	at org.junit.platform.engine.support.hierarchical.NodeTestTask.execute(NodeTestTask.java:95)
	at org.junit.platform.engine.support.hierarchical.SameThreadHierarchicalTestExecutorService.submit(SameThreadHierarchicalTestExecutorService.java:35)
	at org.junit.platform.engine.support.hierarchical.HierarchicalTestExecutor.execute(HierarchicalTestExecutor.java:57)
	at org.junit.platform.engine.support.hierarchical.HierarchicalTestEngine.execute(HierarchicalTestEngine.java:54)
	at org.junit.platform.launcher.core.EngineExecutionOrchestrator.execute(EngineExecutionOrchestrator.java:198)
	at org.junit.platform.launcher.core.EngineExecutionOrchestrator.execute(EngineExecutionOrchestrator.java:169)
	at org.junit.platform.launcher.core.EngineExecutionOrchestrator.execute(EngineExecutionOrchestrator.java:93)
	at org.junit.platform.launcher.core.EngineExecutionOrchestrator.lambda$execute$0(EngineExecutionOrchestrator.java:58)
	at org.junit.platform.launcher.core.EngineExecutionOrchestrator.withInterceptedStreams(EngineExecutionOrchestrator.java:141)
	at org.junit.platform.launcher.core.EngineExecutionOrchestrator.execute(EngineExecutionOrchestrator.java:57)
	at org.junit.platform.launcher.core.DefaultLauncher.execute(DefaultLauncher.java:103)
	at org.junit.platform.launcher.core.DefaultLauncher.execute(DefaultLauncher.java:85)
	at org.junit.platform.launcher.core.DelegatingLauncher.execute(DelegatingLauncher.java:47)
	at org.apache.maven.surefire.junitplatform.LazyLauncher.execute(LazyLauncher.java:56)
	at org.apache.maven.surefire.junitplatform.JUnitPlatformProvider.execute(JUnitPlatformProvider.java:184)
	at org.apache.maven.surefire.junitplatform.JUnitPlatformProvider.invokeAllTests(JUnitPlatformProvider.java:148)
	at org.apache.maven.surefire.junitplatform.JUnitPlatformProvider.invoke(JUnitPlatformProvider.java:122)
	at org.apache.maven.surefire.booter.ForkedBooter.runSuitesInProcess(ForkedBooter.java:385)
	at org.apache.maven.surefire.booter.ForkedBooter.execute(ForkedBooter.java:162)
	at org.apache.maven.surefire.booter.ForkedBooter.run(ForkedBooter.java:507)
	at org.apache.maven.surefire.booter.ForkedBooter.main(ForkedBooter.java:495)
[NPBK] Flyway migration starting.
[NPBK] JDBC URL: jdbc:h2:mem:complete-schema-empty-history-964fab2d79b74f178a61aad7f6b2cbb4;MODE=PostgreSQL;DATABASE_TO_LOWER=TRUE;DEFAULT_NULL_ORDERING=HIGH;DB_CLOSE_DELAY=-1;INIT=CREATE SCHEMA IF NOT EXISTS PUBLIC\;SET SCHEMA PUBLIC
01:10:07.542 INFO  [main] org.flywaydb.core.FlywayExecutor - Database: jdbc:h2:mem:complete-schema-empty-history-964fab2d79b74f178a61aad7f6b2cbb4 (H2 2.2)
01:10:07.552 INFO  [main] o.f.c.i.s.JdbcTableSchemaHistory - Schema history table "public"."flyway_schema_history" does not exist yet
01:10:07.553 INFO  [main] o.f.core.internal.command.DbValidate - Successfully validated 26 migrations (execution time 00:00.008s)
01:10:07.554 INFO  [main] o.f.c.i.s.JdbcTableSchemaHistory - Creating Schema History table "public"."flyway_schema_history" ...
01:10:07.558 INFO  [main] o.f.core.internal.command.DbMigrate - Current version of schema "public": << Empty Schema >>
01:10:07.563 INFO  [main] o.f.core.internal.command.DbMigrate - Migrating schema "public" to version "1 - init"
01:10:07.590 INFO  [main] o.f.core.internal.command.DbMigrate - Migrating schema "public" to version "2 - schedule items"
01:10:07.597 INFO  [main] o.f.core.internal.command.DbMigrate - Migrating schema "public" to version "3 - subtype schedule defaults"
01:10:07.604 INFO  [main] o.f.core.internal.command.DbMigrate - Migrating schema "public" to version "4 - journal open item core"
01:10:07.612 INFO  [main] o.f.core.internal.command.DbMigrate - Migrating schema "public" to version "5 - open item concurrency and fks"
01:10:07.620 INFO  [main] o.f.core.internal.command.DbMigrate - Migrating schema "public" to version "6 - workflow run records"
01:10:07.625 INFO  [main] o.f.core.internal.command.DbMigrate - Migrating schema "public" to version "7 - workflow run status constraints"
01:10:07.630 INFO  [main] o.f.core.internal.command.DbMigrate - Migrating schema "public" to version "8 - approval audit records"
01:10:07.635 INFO  [main] o.f.core.internal.command.DbMigrate - Migrating schema "public" to version "45 - add budget category"
01:10:07.649 INFO  [main] o.f.core.internal.command.DbMigrate - Migrating schema "public" to version "46 - company user admin foundation"
01:10:07.662 INFO  [main] o.f.core.internal.command.DbMigrate - Migrating schema "public" to version "47 - accounting period and audit"
01:10:07.670 INFO  [main] o.f.core.internal.command.DbMigrate - Migrating schema "public" to version "48 - transaction corrections"
01:10:07.689 INFO  [main] o.f.core.internal.command.DbMigrate - Migrating schema "public" to version "49 - txn reconciliation protection"
01:10:07.695 INFO  [main] o.f.core.internal.command.DbMigrate - Migrating schema "public" to version "50 - budget plan and line"
01:10:07.705 INFO  [main] o.f.core.internal.command.DbMigrate - Migrating schema "public" to version "51 - bank import batch and statement line"
01:10:07.719 INFO  [main] o.f.core.internal.command.DbMigrate - Migrating schema "public" to version "52 - bank and configured bank account"
01:10:07.745 INFO  [main] o.f.core.internal.command.DbMigrate - Migrating schema "public" to version "53 - bank import review all rows"
01:10:07.749 INFO  [main] o.f.core.internal.command.DbMigrate - Migrating schema "public" to version "54 - txn split cleared state"
01:10:07.766 INFO  [main] o.f.core.internal.command.DbMigrate - Migrating schema "public" to version "55 - fixed assets and depreciation"
01:10:07.776 INFO  [main] o.f.core.internal.command.DbMigrate - Migrating schema "public" to version "56 - inventory items and movements"
01:10:07.784 INFO  [main] o.f.core.internal.command.DbMigrate - Migrating schema "public" to version "57 - bank reconciliation workspace"
01:10:07.793 INFO  [main] o.f.core.internal.command.DbMigrate - Migrating schema "public" to version "58 - txn supplemental lines"
01:10:07.798 INFO  [main] o.f.core.internal.command.DbMigrate - Migrating schema "public" to version "59 - company ui preferences and state"
01:10:07.803 INFO  [main] o.f.core.internal.command.DbMigrate - Migrating schema "public" to version "60 - period close ranges"
01:10:07.812 INFO  [main] o.f.core.internal.command.DbMigrate - Migrating schema "public" to version "61 - company ownership and interchange identity"
01:10:07.870 INFO  [main] o.f.core.internal.command.DbMigrate - Migrating schema "public" to version "62 - txn portable identity"
01:10:07.876 INFO  [main] o.f.core.internal.command.DbMigrate - Successfully applied 26 migrations to schema "public", now at version v62 (execution time 00:00.209s)
[NPBK] Flyway migration complete.
[NPBK] Flyway migration starting.
[NPBK] JDBC URL: jdbc:h2:mem:complete-schema-empty-history-964fab2d79b74f178a61aad7f6b2cbb4;MODE=PostgreSQL;DATABASE_TO_LOWER=TRUE;DEFAULT_NULL_ORDERING=HIGH;DB_CLOSE_DELAY=-1;INIT=CREATE SCHEMA IF NOT EXISTS PUBLIC\;SET SCHEMA PUBLIC
[NPBK] Archived Flyway history table as flyway_schema_history_orphaned_1785114607905 with 0 row(s).
[NPBK] Existing application schema has no usable Flyway history; recording a non-destructive baseline at version 51.
01:10:07.921 INFO  [main] org.flywaydb.core.FlywayExecutor - Database: jdbc:h2:mem:complete-schema-empty-history-964fab2d79b74f178a61aad7f6b2cbb4 (H2 2.2)
01:10:07.924 INFO  [main] o.f.c.i.s.JdbcTableSchemaHistory - Creating Schema History table "public"."flyway_schema_history" with baseline ...
01:10:07.927 INFO  [main] o.f.core.internal.command.DbBaseline - Successfully baselined schema with version: 51
01:10:07.939 INFO  [main] org.flywaydb.core.FlywayExecutor - Database: jdbc:h2:mem:complete-schema-empty-history-964fab2d79b74f178a61aad7f6b2cbb4 (H2 2.2)
01:10:07.950 INFO  [main] o.f.core.internal.command.DbValidate - Successfully validated 27 migrations (execution time 00:00.008s)
01:10:07.952 INFO  [main] o.f.core.internal.command.DbMigrate - Current version of schema "public": 51
01:10:07.955 INFO  [main] o.f.core.internal.command.DbMigrate - Migrating schema "public" to version "52 - bank and configured bank account"
01:10:07.958 INFO  [main] o.f.core.internal.command.DbMigrate - Migrating schema "public" to version "53 - bank import review all rows"
01:10:07.960 INFO  [main] o.f.core.internal.command.DbMigrate - Migrating schema "public" to version "54 - txn split cleared state"
01:10:07.963 INFO  [main] o.f.core.internal.command.DbMigrate - Migrating schema "public" to version "55 - fixed assets and depreciation"
01:10:07.967 INFO  [main] o.f.core.internal.command.DbMigrate - Migrating schema "public" to version "56 - inventory items and movements"
01:10:07.970 INFO  [main] o.f.core.internal.command.DbMigrate - Migrating schema "public" to version "57 - bank reconciliation workspace"
01:10:07.973 INFO  [main] o.f.core.internal.command.DbMigrate - Migrating schema "public" to version "58 - txn supplemental lines"
01:10:07.975 INFO  [main] o.f.core.internal.command.DbMigrate - Migrating schema "public" to version "59 - company ui preferences and state"
01:10:07.978 INFO  [main] o.f.core.internal.command.DbMigrate - Migrating schema "public" to version "60 - period close ranges"
01:10:07.985 INFO  [main] o.f.core.internal.command.DbMigrate - Migrating schema "public" to version "61 - company ownership and interchange identity"
01:10:08.002 INFO  [main] o.f.core.internal.command.DbMigrate - Migrating schema "public" to version "62 - txn portable identity"
01:10:08.004 INFO  [main] o.f.core.internal.command.DbMigrate - Successfully applied 11 migrations to schema "public", now at version v62 (execution time 00:00.017s)
[NPBK] Flyway migration complete.
[NPBK] Flyway migration starting.
[NPBK] JDBC URL: jdbc:h2:mem:complete-schema-failed-history-b47f57a99fcf4561b55b488332943fa2;MODE=PostgreSQL;DATABASE_TO_LOWER=TRUE;DEFAULT_NULL_ORDERING=HIGH;DB_CLOSE_DELAY=-1;INIT=CREATE SCHEMA IF NOT EXISTS PUBLIC\;SET SCHEMA PUBLIC
01:10:08.023 INFO  [main] org.flywaydb.core.FlywayExecutor - Database: jdbc:h2:mem:complete-schema-failed-history-b47f57a99fcf4561b55b488332943fa2 (H2 2.2)
01:10:08.031 INFO  [main] o.f.c.i.s.JdbcTableSchemaHistory - Schema history table "public"."flyway_schema_history" does not exist yet
01:10:08.032 INFO  [main] o.f.core.internal.command.DbValidate - Successfully validated 26 migrations (execution time 00:00.006s)
01:10:08.033 INFO  [main] o.f.c.i.s.JdbcTableSchemaHistory - Creating Schema History table "public"."flyway_schema_history" ...
01:10:08.036 INFO  [main] o.f.core.internal.command.DbMigrate - Current version of schema "public": << Empty Schema >>
01:10:08.038 INFO  [main] o.f.core.internal.command.DbMigrate - Migrating schema "public" to version "1 - init"
01:10:08.053 INFO  [main] o.f.core.internal.command.DbMigrate - Migrating schema "public" to version "2 - schedule items"
01:10:08.058 INFO  [main] o.f.core.internal.command.DbMigrate - Migrating schema "public" to version "3 - subtype schedule defaults"
01:10:08.062 INFO  [main] o.f.core.internal.command.DbMigrate - Migrating schema "public" to version "4 - journal open item core"
01:10:08.067 INFO  [main] o.f.core.internal.command.DbMigrate - Migrating schema "public" to version "5 - open item concurrency and fks"
01:10:08.073 INFO  [main] o.f.core.internal.command.DbMigrate - Migrating schema "public" to version "6 - workflow run records"
01:10:08.076 INFO  [main] o.f.core.internal.command.DbMigrate - Migrating schema "public" to version "7 - workflow run status constraints"
01:10:08.079 INFO  [main] o.f.core.internal.command.DbMigrate - Migrating schema "public" to version "8 - approval audit records"
01:10:08.082 INFO  [main] o.f.core.internal.command.DbMigrate - Migrating schema "public" to version "45 - add budget category"
01:10:08.088 INFO  [main] o.f.core.internal.command.DbMigrate - Migrating schema "public" to version "46 - company user admin foundation"
01:10:08.094 INFO  [main] o.f.core.internal.command.DbMigrate - Migrating schema "public" to version "47 - accounting period and audit"
01:10:08.099 INFO  [main] o.f.core.internal.command.DbMigrate - Migrating schema "public" to version "48 - transaction corrections"
01:10:08.108 INFO  [main] o.f.core.internal.command.DbMigrate - Migrating schema "public" to version "49 - txn reconciliation protection"
01:10:08.112 INFO  [main] o.f.core.internal.command.DbMigrate - Migrating schema "public" to version "50 - budget plan and line"
01:10:08.117 INFO  [main] o.f.core.internal.command.DbMigrate - Migrating schema "public" to version "51 - bank import batch and statement line"
01:10:08.125 INFO  [main] o.f.core.internal.command.DbMigrate - Migrating schema "public" to version "52 - bank and configured bank account"
01:10:08.139 INFO  [main] o.f.core.internal.command.DbMigrate - Migrating schema "public" to version "53 - bank import review all rows"
01:10:08.142 INFO  [main] o.f.core.internal.command.DbMigrate - Migrating schema "public" to version "54 - txn split cleared state"
01:10:08.155 INFO  [main] o.f.core.internal.command.DbMigrate - Migrating schema "public" to version "55 - fixed assets and depreciation"
01:10:08.162 INFO  [main] o.f.core.internal.command.DbMigrate - Migrating schema "public" to version "56 - inventory items and movements"
01:10:08.177 INFO  [main] o.f.core.internal.command.DbMigrate - Migrating schema "public" to version "57 - bank reconciliation workspace"
01:10:08.181 INFO  [main] o.f.core.internal.command.DbMigrate - Migrating schema "public" to version "58 - txn supplemental lines"
01:10:08.184 INFO  [main] o.f.core.internal.command.DbMigrate - Migrating schema "public" to version "59 - company ui preferences and state"
01:10:08.187 INFO  [main] o.f.core.internal.command.DbMigrate - Migrating schema "public" to version "60 - period close ranges"
01:10:08.194 INFO  [main] o.f.core.internal.command.DbMigrate - Migrating schema "public" to version "61 - company ownership and interchange identity"
01:10:08.230 INFO  [main] o.f.core.internal.command.DbMigrate - Migrating schema "public" to version "62 - txn portable identity"
01:10:08.236 INFO  [main] o.f.core.internal.command.DbMigrate - Successfully applied 26 migrations to schema "public", now at version v62 (execution time 00:00.115s)
[NPBK] Flyway migration complete.
[NPBK] Flyway migration starting.
[NPBK] JDBC URL: jdbc:h2:mem:complete-schema-failed-history-b47f57a99fcf4561b55b488332943fa2;MODE=PostgreSQL;DATABASE_TO_LOWER=TRUE;DEFAULT_NULL_ORDERING=HIGH;DB_CLOSE_DELAY=-1;INIT=CREATE SCHEMA IF NOT EXISTS PUBLIC\;SET SCHEMA PUBLIC
[NPBK] Archived Flyway history table as flyway_schema_history_orphaned_1785114608257 with 2 row(s).
[NPBK] Existing application schema has no usable Flyway history; recording a non-destructive baseline at version 51.
01:10:08.268 INFO  [main] org.flywaydb.core.FlywayExecutor - Database: jdbc:h2:mem:complete-schema-failed-history-b47f57a99fcf4561b55b488332943fa2 (H2 2.2)
01:10:08.270 INFO  [main] o.f.c.i.s.JdbcTableSchemaHistory - Creating Schema History table "public"."flyway_schema_history" with baseline ...
01:10:08.271 INFO  [main] o.f.core.internal.command.DbBaseline - Successfully baselined schema with version: 51
01:10:08.283 INFO  [main] org.flywaydb.core.FlywayExecutor - Database: jdbc:h2:mem:complete-schema-failed-history-b47f57a99fcf4561b55b488332943fa2 (H2 2.2)
01:10:08.292 INFO  [main] o.f.core.internal.command.DbValidate - Successfully validated 27 migrations (execution time 00:00.007s)
01:10:08.293 INFO  [main] o.f.core.internal.command.DbMigrate - Current version of schema "public": 51
01:10:08.295 INFO  [main] o.f.core.internal.command.DbMigrate - Migrating schema "public" to version "52 - bank and configured bank account"
01:10:08.297 INFO  [main] o.f.core.internal.command.DbMigrate - Migrating schema "public" to version "53 - bank import review all rows"
01:10:08.299 INFO  [main] o.f.core.internal.command.DbMigrate - Migrating schema "public" to version "54 - txn split cleared state"
01:10:08.301 INFO  [main] o.f.core.internal.command.DbMigrate - Migrating schema "public" to version "55 - fixed assets and depreciation"
01:10:08.304 INFO  [main] o.f.core.internal.command.DbMigrate - Migrating schema "public" to version "56 - inventory items and movements"
01:10:08.307 INFO  [main] o.f.core.internal.command.DbMigrate - Migrating schema "public" to version "57 - bank reconciliation workspace"
01:10:08.309 INFO  [main] o.f.core.internal.command.DbMigrate - Migrating schema "public" to version "58 - txn supplemental lines"
01:10:08.312 INFO  [main] o.f.core.internal.command.DbMigrate - Migrating schema "public" to version "59 - company ui preferences and state"
01:10:08.314 INFO  [main] o.f.core.internal.command.DbMigrate - Migrating schema "public" to version "60 - period close ranges"
01:10:08.321 INFO  [main] o.f.core.internal.command.DbMigrate - Migrating schema "public" to version "61 - company ownership and interchange identity"
01:10:08.336 INFO  [main] o.f.core.internal.command.DbMigrate - Migrating schema "public" to version "62 - txn portable identity"
01:10:08.338 INFO  [main] o.f.core.internal.command.DbMigrate - Successfully applied 11 migrations to schema "public", now at version v62 (execution time 00:00.013s)
[NPBK] Flyway migration complete.
[NPBK] Flyway migration starting.
[NPBK] JDBC URL: jdbc:h2:mem:fresh-schema-cf51da6df24e4524a47745e44e6f3a98;MODE=PostgreSQL;DATABASE_TO_LOWER=TRUE;DEFAULT_NULL_ORDERING=HIGH;DB_CLOSE_DELAY=-1;INIT=CREATE SCHEMA IF NOT EXISTS PUBLIC\;SET SCHEMA PUBLIC
01:10:08.354 INFO  [main] org.flywaydb.core.FlywayExecutor - Database: jdbc:h2:mem:fresh-schema-cf51da6df24e4524a47745e44e6f3a98 (H2 2.2)
01:10:08.360 INFO  [main] o.f.c.i.s.JdbcTableSchemaHistory - Schema history table "public"."flyway_schema_history" does not exist yet
01:10:08.360 INFO  [main] o.f.core.internal.command.DbValidate - Successfully validated 26 migrations (execution time 00:00.004s)
01:10:08.361 INFO  [main] o.f.c.i.s.JdbcTableSchemaHistory - Creating Schema History table "public"."flyway_schema_history" ...
01:10:08.363 INFO  [main] o.f.core.internal.command.DbMigrate - Current version of schema "public": << Empty Schema >>
01:10:08.365 INFO  [main] o.f.core.internal.command.DbMigrate - Migrating schema "public" to version "1 - init"
01:10:08.377 INFO  [main] o.f.core.internal.command.DbMigrate - Migrating schema "public" to version "2 - schedule items"
01:10:08.380 INFO  [main] o.f.core.internal.command.DbMigrate - Migrating schema "public" to version "3 - subtype schedule defaults"
01:10:08.383 INFO  [main] o.f.core.internal.command.DbMigrate - Migrating schema "public" to version "4 - journal open item core"
01:10:08.387 INFO  [main] o.f.core.internal.command.DbMigrate - Migrating schema "public" to version "5 - open item concurrency and fks"
01:10:08.392 INFO  [main] o.f.core.internal.command.DbMigrate - Migrating schema "public" to version "6 - workflow run records"
01:10:08.394 INFO  [main] o.f.core.internal.command.DbMigrate - Migrating schema "public" to version "7 - workflow run status constraints"
01:10:08.396 INFO  [main] o.f.core.internal.command.DbMigrate - Migrating schema "public" to version "8 - approval audit records"
01:10:08.398 INFO  [main] o.f.core.internal.command.DbMigrate - Migrating schema "public" to version "45 - add budget category"
01:10:08.404 INFO  [main] o.f.core.internal.command.DbMigrate - Migrating schema "public" to version "46 - company user admin foundation"
01:10:08.416 INFO  [main] o.f.core.internal.command.DbMigrate - Migrating schema "public" to version "47 - accounting period and audit"
01:10:08.419 INFO  [main] o.f.core.internal.command.DbMigrate - Migrating schema "public" to version "48 - transaction corrections"
01:10:08.428 INFO  [main] o.f.core.internal.command.DbMigrate - Migrating schema "public" to version "49 - txn reconciliation protection"
01:10:08.431 INFO  [main] o.f.core.internal.command.DbMigrate - Migrating schema "public" to version "50 - budget plan and line"
01:10:08.437 INFO  [main] o.f.core.internal.command.DbMigrate - Migrating schema "public" to version "51 - bank import batch and statement line"
01:10:08.444 INFO  [main] o.f.core.internal.command.DbMigrate - Migrating schema "public" to version "52 - bank and configured bank account"
01:10:08.456 INFO  [main] o.f.core.internal.command.DbMigrate - Migrating schema "public" to version "53 - bank import review all rows"
01:10:08.458 INFO  [main] o.f.core.internal.command.DbMigrate - Migrating schema "public" to version "54 - txn split cleared state"
01:10:08.465 INFO  [main] o.f.core.internal.command.DbMigrate - Migrating schema "public" to version "55 - fixed assets and depreciation"
01:10:08.470 INFO  [main] o.f.core.internal.command.DbMigrate - Migrating schema "public" to version "56 - inventory items and movements"
01:10:08.475 INFO  [main] o.f.core.internal.command.DbMigrate - Migrating schema "public" to version "57 - bank reconciliation workspace"
01:10:08.479 INFO  [main] o.f.core.internal.command.DbMigrate - Migrating schema "public" to version "58 - txn supplemental lines"
01:10:08.483 INFO  [main] o.f.core.internal.command.DbMigrate - Migrating schema "public" to version "59 - company ui preferences and state"
01:10:08.485 INFO  [main] o.f.core.internal.command.DbMigrate - Migrating schema "public" to version "60 - period close ranges"
01:10:08.493 INFO  [main] o.f.core.internal.command.DbMigrate - Migrating schema "public" to version "61 - company ownership and interchange identity"
01:10:08.540 INFO  [main] o.f.core.internal.command.DbMigrate - Migrating schema "public" to version "62 - txn portable identity"
01:10:08.546 INFO  [main] o.f.core.internal.command.DbMigrate - Successfully applied 26 migrations to schema "public", now at version v62 (execution time 00:00.115s)
[NPBK] Flyway migration complete.
[INFO] Tests run: 4, Failures: 0, Errors: 0, Skipped: 0, Time elapsed: 1.073 s -- in org.nonprofitbookkeeping.persistence.DatabaseMigrationRecoveryTest
[INFO] Running org.nonprofitbookkeeping.persistence.DatabaseTransferServiceTest
[NPBK] Preparing database: /tmp/junit6412062212219110299/active-ledger
[NPBK] Flyway migration starting.
[NPBK] JDBC URL: jdbc:h2:file:/tmp/junit6412062212219110299/active-ledger;MODE=PostgreSQL;DATABASE_TO_LOWER=TRUE;DEFAULT_NULL_ORDERING=HIGH;INIT=CREATE SCHEMA IF NOT EXISTS PUBLIC\;SET SCHEMA PUBLIC
01:10:08.632 INFO  [main] org.flywaydb.core.FlywayExecutor - Database: jdbc:h2:file:/tmp/junit6412062212219110299/active-ledger (H2 2.2)
01:10:08.638 INFO  [main] o.f.c.i.s.JdbcTableSchemaHistory - Schema history table "public"."flyway_schema_history" does not exist yet
01:10:08.638 INFO  [main] o.f.core.internal.command.DbValidate - Successfully validated 26 migrations (execution time 00:00.004s)
01:10:08.639 INFO  [main] o.f.c.i.s.JdbcTableSchemaHistory - Creating Schema History table "public"."flyway_schema_history" ...
01:10:08.643 INFO  [main] o.f.core.internal.command.DbMigrate - Current version of schema "public": << Empty Schema >>
01:10:08.646 INFO  [main] o.f.core.internal.command.DbMigrate - Migrating schema "public" to version "1 - init"
01:10:08.662 INFO  [main] o.f.core.internal.command.DbMigrate - Migrating schema "public" to version "2 - schedule items"
01:10:08.666 INFO  [main] o.f.core.internal.command.DbMigrate - Migrating schema "public" to version "3 - subtype schedule defaults"
01:10:08.669 INFO  [main] o.f.core.internal.command.DbMigrate - Migrating schema "public" to version "4 - journal open item core"
01:10:08.673 INFO  [main] o.f.core.internal.command.DbMigrate - Migrating schema "public" to version "5 - open item concurrency and fks"
01:10:08.677 INFO  [main] o.f.core.internal.command.DbMigrate - Migrating schema "public" to version "6 - workflow run records"
01:10:08.680 INFO  [main] o.f.core.internal.command.DbMigrate - Migrating schema "public" to version "7 - workflow run status constraints"
01:10:08.682 INFO  [main] o.f.core.internal.command.DbMigrate - Migrating schema "public" to version "8 - approval audit records"
01:10:08.684 INFO  [main] o.f.core.internal.command.DbMigrate - Migrating schema "public" to version "45 - add budget category"
01:10:08.691 INFO  [main] o.f.core.internal.command.DbMigrate - Migrating schema "public" to version "46 - company user admin foundation"
01:10:08.705 INFO  [main] o.f.core.internal.command.DbMigrate - Migrating schema "public" to version "47 - accounting period and audit"
01:10:08.709 INFO  [main] o.f.core.internal.command.DbMigrate - Migrating schema "public" to version "48 - transaction corrections"
01:10:08.718 INFO  [main] o.f.core.internal.command.DbMigrate - Migrating schema "public" to version "49 - txn reconciliation protection"
01:10:08.721 INFO  [main] o.f.core.internal.command.DbMigrate - Migrating schema "public" to version "50 - budget plan and line"
01:10:08.727 INFO  [main] o.f.core.internal.command.DbMigrate - Migrating schema "public" to version "51 - bank import batch and statement line"
01:10:08.737 INFO  [main] o.f.core.internal.command.DbMigrate - Migrating schema "public" to version "52 - bank and configured bank account"
01:10:08.759 INFO  [main] o.f.core.internal.command.DbMigrate - Migrating schema "public" to version "53 - bank import review all rows"
01:10:08.762 INFO  [main] o.f.core.internal.command.DbMigrate - Migrating schema "public" to version "54 - txn split cleared state"
01:10:08.771 INFO  [main] o.f.core.internal.command.DbMigrate - Migrating schema "public" to version "55 - fixed assets and depreciation"
01:10:08.778 INFO  [main] o.f.core.internal.command.DbMigrate - Migrating schema "public" to version "56 - inventory items and movements"
01:10:08.785 INFO  [main] o.f.core.internal.command.DbMigrate - Migrating schema "public" to version "57 - bank reconciliation workspace"
01:10:08.790 INFO  [main] o.f.core.internal.command.DbMigrate - Migrating schema "public" to version "58 - txn supplemental lines"
01:10:08.793 INFO  [main] o.f.core.internal.command.DbMigrate - Migrating schema "public" to version "59 - company ui preferences and state"
01:10:08.796 INFO  [main] o.f.core.internal.command.DbMigrate - Migrating schema "public" to version "60 - period close ranges"
01:10:08.802 INFO  [main] o.f.core.internal.command.DbMigrate - Migrating schema "public" to version "61 - company ownership and interchange identity"
01:10:08.834 INFO  [main] o.f.core.internal.command.DbMigrate - Migrating schema "public" to version "62 - txn portable identity"
01:10:08.839 INFO  [main] o.f.core.internal.command.DbMigrate - Successfully applied 26 migrations to schema "public", now at version v62 (execution time 00:00.120s)
[NPBK] Flyway migration complete.
[NPBK] Creating JPA EntityManagerFactory for selected database.
2026-07-27T01:10:08.913075230Z main ERROR Log4j2 could not find a logging implementation. Please add log4j-core to the classpath. Using SimpleLogger to log to the console...
01:10:09.577 INFO  [main] com.zaxxer.hikari.HikariDataSource - HikariPool-1 - Starting...
01:10:09.628 INFO  [main] com.zaxxer.hikari.HikariDataSource - HikariPool-1 - Start completed.
[NPBK] JPA EntityManagerFactory created for selected database.
01:10:11.431 INFO  [main] com.zaxxer.hikari.HikariDataSource - HikariPool-1 - Shutdown initiated...
01:10:11.437 INFO  [main] com.zaxxer.hikari.HikariDataSource - HikariPool-1 - Shutdown completed.
[NPBK] Preparing database: /tmp/junit9296162460492379954/source-ledger
[NPBK] Flyway migration starting.
[NPBK] JDBC URL: jdbc:h2:file:/tmp/junit9296162460492379954/source-ledger;MODE=PostgreSQL;DATABASE_TO_LOWER=TRUE;DEFAULT_NULL_ORDERING=HIGH;INIT=CREATE SCHEMA IF NOT EXISTS PUBLIC\;SET SCHEMA PUBLIC
01:10:11.683 INFO  [main] org.flywaydb.core.FlywayExecutor - Database: jdbc:h2:file:/tmp/junit9296162460492379954/source-ledger (H2 2.2)
01:10:11.695 INFO  [main] o.f.c.i.s.JdbcTableSchemaHistory - Schema history table "public"."flyway_schema_history" does not exist yet
01:10:11.696 INFO  [main] o.f.core.internal.command.DbValidate - Successfully validated 26 migrations (execution time 00:00.008s)
01:10:11.699 INFO  [main] o.f.c.i.s.JdbcTableSchemaHistory - Creating Schema History table "public"."flyway_schema_history" ...
01:10:11.704 INFO  [main] o.f.core.internal.command.DbMigrate - Current version of schema "public": << Empty Schema >>
01:10:11.710 INFO  [main] o.f.core.internal.command.DbMigrate - Migrating schema "public" to version "1 - init"
01:10:11.732 INFO  [main] o.f.core.internal.command.DbMigrate - Migrating schema "public" to version "2 - schedule items"
01:10:11.737 INFO  [main] o.f.core.internal.command.DbMigrate - Migrating schema "public" to version "3 - subtype schedule defaults"
01:10:11.740 INFO  [main] o.f.core.internal.command.DbMigrate - Migrating schema "public" to version "4 - journal open item core"
01:10:11.744 INFO  [main] o.f.core.internal.command.DbMigrate - Migrating schema "public" to version "5 - open item concurrency and fks"
01:10:11.749 INFO  [main] o.f.core.internal.command.DbMigrate - Migrating schema "public" to version "6 - workflow run records"
01:10:11.752 INFO  [main] o.f.core.internal.command.DbMigrate - Migrating schema "public" to version "7 - workflow run status constraints"
01:10:11.755 INFO  [main] o.f.core.internal.command.DbMigrate - Migrating schema "public" to version "8 - approval audit records"
01:10:11.757 INFO  [main] o.f.core.internal.command.DbMigrate - Migrating schema "public" to version "45 - add budget category"
01:10:11.765 INFO  [main] o.f.core.internal.command.DbMigrate - Migrating schema "public" to version "46 - company user admin foundation"
01:10:11.775 INFO  [main] o.f.core.internal.command.DbMigrate - Migrating schema "public" to version "47 - accounting period and audit"
01:10:11.787 INFO  [main] o.f.core.internal.command.DbMigrate - Migrating schema "public" to version "48 - transaction corrections"
01:10:11.807 INFO  [main] o.f.core.internal.command.DbMigrate - Migrating schema "public" to version "49 - txn reconciliation protection"
01:10:11.817 INFO  [main] o.f.core.internal.command.DbMigrate - Migrating schema "public" to version "50 - budget plan and line"
01:10:11.824 INFO  [main] o.f.core.internal.command.DbMigrate - Migrating schema "public" to version "51 - bank import batch and statement line"
01:10:11.833 INFO  [main] o.f.core.internal.command.DbMigrate - Migrating schema "public" to version "52 - bank and configured bank account"
01:10:11.849 INFO  [main] o.f.core.internal.command.DbMigrate - Migrating schema "public" to version "53 - bank import review all rows"
01:10:11.852 INFO  [main] o.f.core.internal.command.DbMigrate - Migrating schema "public" to version "54 - txn split cleared state"
01:10:11.863 INFO  [main] o.f.core.internal.command.DbMigrate - Migrating schema "public" to version "55 - fixed assets and depreciation"
01:10:11.870 INFO  [main] o.f.core.internal.command.DbMigrate - Migrating schema "public" to version "56 - inventory items and movements"
01:10:11.876 INFO  [main] o.f.core.internal.command.DbMigrate - Migrating schema "public" to version "57 - bank reconciliation workspace"
01:10:11.882 INFO  [main] o.f.core.internal.command.DbMigrate - Migrating schema "public" to version "58 - txn supplemental lines"
01:10:11.886 INFO  [main] o.f.core.internal.command.DbMigrate - Migrating schema "public" to version "59 - company ui preferences and state"
01:10:11.889 INFO  [main] o.f.core.internal.command.DbMigrate - Migrating schema "public" to version "60 - period close ranges"
01:10:11.899 INFO  [main] o.f.core.internal.command.DbMigrate - Migrating schema "public" to version "61 - company ownership and interchange identity"
01:10:11.942 INFO  [main] o.f.core.internal.command.DbMigrate - Migrating schema "public" to version "62 - txn portable identity"
01:10:11.948 INFO  [main] o.f.core.internal.command.DbMigrate - Successfully applied 26 migrations to schema "public", now at version v62 (execution time 00:00.155s)
[NPBK] Flyway migration complete.
[NPBK] Creating JPA EntityManagerFactory for selected database.
01:10:12.105 INFO  [main] com.zaxxer.hikari.HikariDataSource - HikariPool-2 - Starting...
01:10:12.135 INFO  [main] com.zaxxer.hikari.HikariDataSource - HikariPool-2 - Start completed.
[NPBK] JPA EntityManagerFactory created for selected database.
01:10:12.591 INFO  [main] com.zaxxer.hikari.HikariDataSource - HikariPool-2 - Shutdown initiated...
01:10:12.598 INFO  [main] com.zaxxer.hikari.HikariDataSource - HikariPool-2 - Shutdown completed.
[NPBK] Flyway migration starting.
[NPBK] JDBC URL: jdbc:h2:file:/tmp/junit9296162460492379954/.npbk-restore-8688853494065017551/restored-ledger;MODE=PostgreSQL;DATABASE_TO_LOWER=TRUE;DEFAULT_NULL_ORDERING=HIGH;INIT=CREATE SCHEMA IF NOT EXISTS PUBLIC\;SET SCHEMA PUBLIC
01:10:12.757 INFO  [main] org.flywaydb.core.FlywayExecutor - Database: jdbc:h2:file:/tmp/junit9296162460492379954/.npbk-restore-8688853494065017551/restored-ledger (H2 2.2)
01:10:12.766 INFO  [main] o.f.core.internal.command.DbValidate - Successfully validated 26 migrations (execution time 00:00.006s)
01:10:12.767 INFO  [main] o.f.core.internal.command.DbMigrate - Current version of schema "public": 62
01:10:12.767 INFO  [main] o.f.core.internal.command.DbMigrate - Schema "public" is up to date. No migration necessary.
[NPBK] Flyway migration complete.
[NPBK] Preparing database: /tmp/junit9296162460492379954/.npbk-restore-8688853494065017551/restored-ledger
[NPBK] Flyway migration starting.
[NPBK] JDBC URL: jdbc:h2:file:/tmp/junit9296162460492379954/.npbk-restore-8688853494065017551/restored-ledger;MODE=PostgreSQL;DATABASE_TO_LOWER=TRUE;DEFAULT_NULL_ORDERING=HIGH;INIT=CREATE SCHEMA IF NOT EXISTS PUBLIC\;SET SCHEMA PUBLIC
01:10:12.851 INFO  [main] org.flywaydb.core.FlywayExecutor - Database: jdbc:h2:file:/tmp/junit9296162460492379954/.npbk-restore-8688853494065017551/restored-ledger (H2 2.2)
01:10:12.860 INFO  [main] o.f.core.internal.command.DbValidate - Successfully validated 26 migrations (execution time 00:00.006s)
01:10:12.861 INFO  [main] o.f.core.internal.command.DbMigrate - Current version of schema "public": 62
01:10:12.861 INFO  [main] o.f.core.internal.command.DbMigrate - Schema "public" is up to date. No migration necessary.
[NPBK] Flyway migration complete.
[NPBK] Creating JPA EntityManagerFactory for selected database.
01:10:12.979 INFO  [main] com.zaxxer.hikari.HikariDataSource - HikariPool-3 - Starting...
01:10:13.007 INFO  [main] com.zaxxer.hikari.HikariDataSource - HikariPool-3 - Start completed.
[NPBK] JPA EntityManagerFactory created for selected database.
01:10:13.423 INFO  [main] com.zaxxer.hikari.HikariDataSource - HikariPool-3 - Shutdown initiated...
01:10:13.428 INFO  [main] com.zaxxer.hikari.HikariDataSource - HikariPool-3 - Shutdown completed.
[NPBK] Preparing database: /tmp/junit9296162460492379954/restored-ledger
[NPBK] Flyway migration starting.
[NPBK] JDBC URL: jdbc:h2:file:/tmp/junit9296162460492379954/restored-ledger;MODE=PostgreSQL;DATABASE_TO_LOWER=TRUE;DEFAULT_NULL_ORDERING=HIGH;INIT=CREATE SCHEMA IF NOT EXISTS PUBLIC\;SET SCHEMA PUBLIC
01:10:13.525 INFO  [main] org.flywaydb.core.FlywayExecutor - Database: jdbc:h2:file:/tmp/junit9296162460492379954/restored-ledger (H2 2.2)
01:10:13.533 INFO  [main] o.f.core.internal.command.DbValidate - Successfully validated 26 migrations (execution time 00:00.006s)
01:10:13.534 INFO  [main] o.f.core.internal.command.DbMigrate - Current version of schema "public": 62
01:10:13.535 INFO  [main] o.f.core.internal.command.DbMigrate - Schema "public" is up to date. No migration necessary.
[NPBK] Flyway migration complete.
[NPBK] Creating JPA EntityManagerFactory for selected database.
01:10:13.644 INFO  [main] com.zaxxer.hikari.HikariDataSource - HikariPool-4 - Starting...
01:10:13.669 INFO  [main] com.zaxxer.hikari.HikariDataSource - HikariPool-4 - Start completed.
[NPBK] JPA EntityManagerFactory created for selected database.
01:10:14.345 INFO  [main] com.zaxxer.hikari.HikariDataSource - HikariPool-4 - Shutdown initiated...
01:10:14.352 INFO  [main] com.zaxxer.hikari.HikariDataSource - HikariPool-4 - Shutdown completed.
[NPBK] Preparing database: /tmp/junit4134928568205539760/active-ledger
[NPBK] Flyway migration starting.
[NPBK] JDBC URL: jdbc:h2:file:/tmp/junit4134928568205539760/active-ledger;MODE=PostgreSQL;DATABASE_TO_LOWER=TRUE;DEFAULT_NULL_ORDERING=HIGH;INIT=CREATE SCHEMA IF NOT EXISTS PUBLIC\;SET SCHEMA PUBLIC
01:10:14.378 INFO  [main] org.flywaydb.core.FlywayExecutor - Database: jdbc:h2:file:/tmp/junit4134928568205539760/active-ledger (H2 2.2)
01:10:14.383 INFO  [main] o.f.c.i.s.JdbcTableSchemaHistory - Schema history table "public"."flyway_schema_history" does not exist yet
01:10:14.384 INFO  [main] o.f.core.internal.command.DbValidate - Successfully validated 26 migrations (execution time 00:00.004s)
01:10:14.385 INFO  [main] o.f.c.i.s.JdbcTableSchemaHistory - Creating Schema History table "public"."flyway_schema_history" ...
01:10:14.387 INFO  [main] o.f.core.internal.command.DbMigrate - Current version of schema "public": << Empty Schema >>
01:10:14.390 INFO  [main] o.f.core.internal.command.DbMigrate - Migrating schema "public" to version "1 - init"
01:10:14.403 INFO  [main] o.f.core.internal.command.DbMigrate - Migrating schema "public" to version "2 - schedule items"
01:10:14.406 INFO  [main] o.f.core.internal.command.DbMigrate - Migrating schema "public" to version "3 - subtype schedule defaults"
01:10:14.409 INFO  [main] o.f.core.internal.command.DbMigrate - Migrating schema "public" to version "4 - journal open item core"
01:10:14.413 INFO  [main] o.f.core.internal.command.DbMigrate - Migrating schema "public" to version "5 - open item concurrency and fks"
01:10:14.417 INFO  [main] o.f.core.internal.command.DbMigrate - Migrating schema "public" to version "6 - workflow run records"
01:10:14.419 INFO  [main] o.f.core.internal.command.DbMigrate - Migrating schema "public" to version "7 - workflow run status constraints"
01:10:14.421 INFO  [main] o.f.core.internal.command.DbMigrate - Migrating schema "public" to version "8 - approval audit records"
01:10:14.423 INFO  [main] o.f.core.internal.command.DbMigrate - Migrating schema "public" to version "45 - add budget category"
01:10:14.430 INFO  [main] o.f.core.internal.command.DbMigrate - Migrating schema "public" to version "46 - company user admin foundation"
01:10:14.436 INFO  [main] o.f.core.internal.command.DbMigrate - Migrating schema "public" to version "47 - accounting period and audit"
01:10:14.439 INFO  [main] o.f.core.internal.command.DbMigrate - Migrating schema "public" to version "48 - transaction corrections"
01:10:14.452 INFO  [main] o.f.core.internal.command.DbMigrate - Migrating schema "public" to version "49 - txn reconciliation protection"
01:10:14.455 INFO  [main] o.f.core.internal.command.DbMigrate - Migrating schema "public" to version "50 - budget plan and line"
01:10:14.461 INFO  [main] o.f.core.internal.command.DbMigrate - Migrating schema "public" to version "51 - bank import batch and statement line"
01:10:14.468 INFO  [main] o.f.core.internal.command.DbMigrate - Migrating schema "public" to version "52 - bank and configured bank account"
01:10:14.481 INFO  [main] o.f.core.internal.command.DbMigrate - Migrating schema "public" to version "53 - bank import review all rows"
01:10:14.483 INFO  [main] o.f.core.internal.command.DbMigrate - Migrating schema "public" to version "54 - txn split cleared state"
01:10:14.493 INFO  [main] o.f.core.internal.command.DbMigrate - Migrating schema "public" to version "55 - fixed assets and depreciation"
01:10:14.500 INFO  [main] o.f.core.internal.command.DbMigrate - Migrating schema "public" to version "56 - inventory items and movements"
01:10:14.505 INFO  [main] o.f.core.internal.command.DbMigrate - Migrating schema "public" to version "57 - bank reconciliation workspace"
01:10:14.512 INFO  [main] o.f.core.internal.command.DbMigrate - Migrating schema "public" to version "58 - txn supplemental lines"
01:10:14.516 INFO  [main] o.f.core.internal.command.DbMigrate - Migrating schema "public" to version "59 - company ui preferences and state"
01:10:14.518 INFO  [main] o.f.core.internal.command.DbMigrate - Migrating schema "public" to version "60 - period close ranges"
01:10:14.527 INFO  [main] o.f.core.internal.command.DbMigrate - Migrating schema "public" to version "61 - company ownership and interchange identity"
01:10:14.558 INFO  [main] o.f.core.internal.command.DbMigrate - Migrating schema "public" to version "62 - txn portable identity"
01:10:14.563 INFO  [main] o.f.core.internal.command.DbMigrate - Successfully applied 26 migrations to schema "public", now at version v62 (execution time 00:00.108s)
[NPBK] Flyway migration complete.
[NPBK] Creating JPA EntityManagerFactory for selected database.
01:10:14.674 INFO  [main] com.zaxxer.hikari.HikariDataSource - HikariPool-5 - Starting...
01:10:14.697 INFO  [main] com.zaxxer.hikari.HikariDataSource - HikariPool-5 - Start completed.
[NPBK] JPA EntityManagerFactory created for selected database.
01:10:15.083 INFO  [main] com.zaxxer.hikari.HikariDataSource - HikariPool-5 - Shutdown initiated...
01:10:15.089 INFO  [main] com.zaxxer.hikari.HikariDataSource - HikariPool-5 - Shutdown completed.
[INFO] Tests run: 3, Failures: 0, Errors: 0, Skipped: 0, Time elapsed: 6.533 s -- in org.nonprofitbookkeeping.persistence.DatabaseTransferServiceTest
[INFO] Running org.nonprofitbookkeeping.persistence.FlywayMigrationVersionUniquenessTest
[INFO] Tests run: 1, Failures: 0, Errors: 0, Skipped: 0, Time elapsed: 0.005 s -- in org.nonprofitbookkeeping.persistence.FlywayMigrationVersionUniquenessTest
[INFO] Running org.nonprofitbookkeeping.persistence.JpaExplicitProviderBootstrapTest
[NPBK] Preparing database: /tmp/junit13887948833703748827/explicit-hibernate-provider
[NPBK] Flyway migration starting.
[NPBK] JDBC URL: jdbc:h2:file:/tmp/junit13887948833703748827/explicit-hibernate-provider;MODE=PostgreSQL;DATABASE_TO_LOWER=TRUE;DEFAULT_NULL_ORDERING=HIGH;INIT=CREATE SCHEMA IF NOT EXISTS PUBLIC\;SET SCHEMA PUBLIC
01:10:15.126 INFO  [main] org.flywaydb.core.FlywayExecutor - Database: jdbc:h2:file:/tmp/junit13887948833703748827/explicit-hibernate-provider (H2 2.2)
01:10:15.132 INFO  [main] o.f.c.i.s.JdbcTableSchemaHistory - Schema history table "public"."flyway_schema_history" does not exist yet
01:10:15.132 INFO  [main] o.f.core.internal.command.DbValidate - Successfully validated 26 migrations (execution time 00:00.004s)
01:10:15.133 INFO  [main] o.f.c.i.s.JdbcTableSchemaHistory - Creating Schema History table "public"."flyway_schema_history" ...
01:10:15.136 INFO  [main] o.f.core.internal.command.DbMigrate - Current version of schema "public": << Empty Schema >>
01:10:15.139 INFO  [main] o.f.core.internal.command.DbMigrate - Migrating schema "public" to version "1 - init"
01:10:15.149 INFO  [main] o.f.core.internal.command.DbMigrate - Migrating schema "public" to version "2 - schedule items"
01:10:15.153 INFO  [main] o.f.core.internal.command.DbMigrate - Migrating schema "public" to version "3 - subtype schedule defaults"
01:10:15.156 INFO  [main] o.f.core.internal.command.DbMigrate - Migrating schema "public" to version "4 - journal open item core"
01:10:15.159 INFO  [main] o.f.core.internal.command.DbMigrate - Migrating schema "public" to version "5 - open item concurrency and fks"
01:10:15.163 INFO  [main] o.f.core.internal.command.DbMigrate - Migrating schema "public" to version "6 - workflow run records"
01:10:15.165 INFO  [main] o.f.core.internal.command.DbMigrate - Migrating schema "public" to version "7 - workflow run status constraints"
01:10:15.167 INFO  [main] o.f.core.internal.command.DbMigrate - Migrating schema "public" to version "8 - approval audit records"
01:10:15.169 INFO  [main] o.f.core.internal.command.DbMigrate - Migrating schema "public" to version "45 - add budget category"
01:10:15.183 INFO  [main] o.f.core.internal.command.DbMigrate - Migrating schema "public" to version "46 - company user admin foundation"
01:10:15.189 INFO  [main] o.f.core.internal.command.DbMigrate - Migrating schema "public" to version "47 - accounting period and audit"
01:10:15.193 INFO  [main] o.f.core.internal.command.DbMigrate - Migrating schema "public" to version "48 - transaction corrections"
01:10:15.200 INFO  [main] o.f.core.internal.command.DbMigrate - Migrating schema "public" to version "49 - txn reconciliation protection"
01:10:15.203 INFO  [main] o.f.core.internal.command.DbMigrate - Migrating schema "public" to version "50 - budget plan and line"
01:10:15.212 INFO  [main] o.f.core.internal.command.DbMigrate - Migrating schema "public" to version "51 - bank import batch and statement line"
01:10:15.218 INFO  [main] o.f.core.internal.command.DbMigrate - Migrating schema "public" to version "52 - bank and configured bank account"
01:10:15.230 INFO  [main] o.f.core.internal.command.DbMigrate - Migrating schema "public" to version "53 - bank import review all rows"
01:10:15.232 INFO  [main] o.f.core.internal.command.DbMigrate - Migrating schema "public" to version "54 - txn split cleared state"
01:10:15.240 INFO  [main] o.f.core.internal.command.DbMigrate - Migrating schema "public" to version "55 - fixed assets and depreciation"
01:10:15.245 INFO  [main] o.f.core.internal.command.DbMigrate - Migrating schema "public" to version "56 - inventory items and movements"
01:10:15.249 INFO  [main] o.f.core.internal.command.DbMigrate - Migrating schema "public" to version "57 - bank reconciliation workspace"
01:10:15.253 INFO  [main] o.f.core.internal.command.DbMigrate - Migrating schema "public" to version "58 - txn supplemental lines"
01:10:15.256 INFO  [main] o.f.core.internal.command.DbMigrate - Migrating schema "public" to version "59 - company ui preferences and state"
01:10:15.258 INFO  [main] o.f.core.internal.command.DbMigrate - Migrating schema "public" to version "60 - period close ranges"
01:10:15.266 INFO  [main] o.f.core.internal.command.DbMigrate - Migrating schema "public" to version "61 - company ownership and interchange identity"
01:10:15.295 INFO  [main] o.f.core.internal.command.DbMigrate - Migrating schema "public" to version "62 - txn portable identity"
01:10:15.300 INFO  [main] o.f.core.internal.command.DbMigrate - Successfully applied 26 migrations to schema "public", now at version v62 (execution time 00:00.092s)
[NPBK] Flyway migration complete.
[NPBK] Creating JPA EntityManagerFactory for selected database.
01:10:15.409 INFO  [main] com.zaxxer.hikari.HikariDataSource - HikariPool-6 - Starting...
01:10:15.433 INFO  [main] com.zaxxer.hikari.HikariDataSource - HikariPool-6 - Start completed.
[NPBK] JPA EntityManagerFactory created for selected database.
01:10:15.773 INFO  [main] com.zaxxer.hikari.HikariDataSource - HikariPool-6 - Shutdown initiated...
01:10:15.778 INFO  [main] com.zaxxer.hikari.HikariDataSource - HikariPool-6 - Shutdown completed.
[INFO] Tests run: 1, Failures: 0, Errors: 0, Skipped: 0, Time elapsed: 0.679 s -- in org.nonprofitbookkeeping.persistence.JpaExplicitProviderBootstrapTest
[INFO] Running org.nonprofitbookkeeping.persistence.BankImportMigrationTest
[NPBK] Flyway migration starting.
[NPBK] JDBC URL: jdbc:h2:mem:bank-import-model-688ef622e2ff4ff3b91a8c8dac8a6412;MODE=PostgreSQL;DATABASE_TO_LOWER=TRUE;DEFAULT_NULL_ORDERING=HIGH;DB_CLOSE_DELAY=-1;INIT=CREATE SCHEMA IF NOT EXISTS PUBLIC\;SET SCHEMA PUBLIC
01:10:15.802 INFO  [main] org.flywaydb.core.FlywayExecutor - Database: jdbc:h2:mem:bank-import-model-688ef622e2ff4ff3b91a8c8dac8a6412 (H2 2.2)
01:10:15.808 INFO  [main] o.f.c.i.s.JdbcTableSchemaHistory - Schema history table "public"."flyway_schema_history" does not exist yet
01:10:15.808 INFO  [main] o.f.core.internal.command.DbValidate - Successfully validated 26 migrations (execution time 00:00.004s)
01:10:15.809 INFO  [main] o.f.c.i.s.JdbcTableSchemaHistory - Creating Schema History table "public"."flyway_schema_history" ...
01:10:15.810 INFO  [main] o.f.core.internal.command.DbMigrate - Current version of schema "public": << Empty Schema >>
01:10:15.813 INFO  [main] o.f.core.internal.command.DbMigrate - Migrating schema "public" to version "1 - init"
01:10:15.821 INFO  [main] o.f.core.internal.command.DbMigrate - Migrating schema "public" to version "2 - schedule items"
01:10:15.824 INFO  [main] o.f.core.internal.command.DbMigrate - Migrating schema "public" to version "3 - subtype schedule defaults"
01:10:15.827 INFO  [main] o.f.core.internal.command.DbMigrate - Migrating schema "public" to version "4 - journal open item core"
01:10:15.830 INFO  [main] o.f.core.internal.command.DbMigrate - Migrating schema "public" to version "5 - open item concurrency and fks"
01:10:15.833 INFO  [main] o.f.core.internal.command.DbMigrate - Migrating schema "public" to version "6 - workflow run records"
01:10:15.835 INFO  [main] o.f.core.internal.command.DbMigrate - Migrating schema "public" to version "7 - workflow run status constraints"
01:10:15.837 INFO  [main] o.f.core.internal.command.DbMigrate - Migrating schema "public" to version "8 - approval audit records"
01:10:15.839 INFO  [main] o.f.core.internal.command.DbMigrate - Migrating schema "public" to version "45 - add budget category"
01:10:15.845 INFO  [main] o.f.core.internal.command.DbMigrate - Migrating schema "public" to version "46 - company user admin foundation"
01:10:15.851 INFO  [main] o.f.core.internal.command.DbMigrate - Migrating schema "public" to version "47 - accounting period and audit"
01:10:15.855 INFO  [main] o.f.core.internal.command.DbMigrate - Migrating schema "public" to version "48 - transaction corrections"
01:10:15.862 INFO  [main] o.f.core.internal.command.DbMigrate - Migrating schema "public" to version "49 - txn reconciliation protection"
01:10:15.864 INFO  [main] o.f.core.internal.command.DbMigrate - Migrating schema "public" to version "50 - budget plan and line"
01:10:15.869 INFO  [main] o.f.core.internal.command.DbMigrate - Migrating schema "public" to version "51 - bank import batch and statement line"
01:10:15.875 INFO  [main] o.f.core.internal.command.DbMigrate - Migrating schema "public" to version "52 - bank and configured bank account"
01:10:15.886 INFO  [main] o.f.core.internal.command.DbMigrate - Migrating schema "public" to version "53 - bank import review all rows"
01:10:15.888 INFO  [main] o.f.core.internal.command.DbMigrate - Migrating schema "public" to version "54 - txn split cleared state"
01:10:15.897 INFO  [main] o.f.core.internal.command.DbMigrate - Migrating schema "public" to version "55 - fixed assets and depreciation"
01:10:15.902 INFO  [main] o.f.core.internal.command.DbMigrate - Migrating schema "public" to version "56 - inventory items and movements"
01:10:15.906 INFO  [main] o.f.core.internal.command.DbMigrate - Migrating schema "public" to version "57 - bank reconciliation workspace"
01:10:15.910 INFO  [main] o.f.core.internal.command.DbMigrate - Migrating schema "public" to version "58 - txn supplemental lines"
01:10:15.912 INFO  [main] o.f.core.internal.command.DbMigrate - Migrating schema "public" to version "59 - company ui preferences and state"
01:10:15.914 INFO  [main] o.f.core.internal.command.DbMigrate - Migrating schema "public" to version "60 - period close ranges"
01:10:15.929 INFO  [main] o.f.core.internal.command.DbMigrate - Migrating schema "public" to version "61 - company ownership and interchange identity"
01:10:15.955 INFO  [main] o.f.core.internal.command.DbMigrate - Migrating schema "public" to version "62 - txn portable identity"
01:10:15.959 INFO  [main] o.f.core.internal.command.DbMigrate - Successfully applied 26 migrations to schema "public", now at version v62 (execution time 00:00.078s)
[NPBK] Flyway migration complete.
[INFO] Tests run: 1, Failures: 0, Errors: 0, Skipped: 0, Time elapsed: 0.182 s -- in org.nonprofitbookkeeping.persistence.BankImportMigrationTest
[INFO] Running org.nonprofitbookkeeping.persistence.CompanyOwnershipMigrationTest
01:10:15.974 INFO  [main] org.flywaydb.core.FlywayExecutor - Database: jdbc:h2:mem:company-scoped-keys-f4c15672521741819069280d93d8e21c (H2 2.2)
01:10:15.980 INFO  [main] o.f.c.i.s.JdbcTableSchemaHistory - Schema history table "public"."flyway_schema_history" does not exist yet
01:10:15.981 INFO  [main] o.f.core.internal.command.DbValidate - Successfully validated 26 migrations (execution time 00:00.004s)
01:10:15.981 INFO  [main] o.f.c.i.s.JdbcTableSchemaHistory - Creating Schema History table "public"."flyway_schema_history" ...
01:10:15.983 INFO  [main] o.f.core.internal.command.DbMigrate - Current version of schema "public": << Empty Schema >>
01:10:15.986 INFO  [main] o.f.core.internal.command.DbMigrate - Migrating schema "public" to version "1 - init"
01:10:15.998 INFO  [main] o.f.core.internal.command.DbMigrate - Migrating schema "public" to version "2 - schedule items"
01:10:16.002 INFO  [main] o.f.core.internal.command.DbMigrate - Migrating schema "public" to version "3 - subtype schedule defaults"
01:10:16.006 INFO  [main] o.f.core.internal.command.DbMigrate - Migrating schema "public" to version "4 - journal open item core"
01:10:16.010 INFO  [main] o.f.core.internal.command.DbMigrate - Migrating schema "public" to version "5 - open item concurrency and fks"
01:10:16.013 INFO  [main] o.f.core.internal.command.DbMigrate - Migrating schema "public" to version "6 - workflow run records"
01:10:16.016 INFO  [main] o.f.core.internal.command.DbMigrate - Migrating schema "public" to version "7 - workflow run status constraints"
01:10:16.018 INFO  [main] o.f.core.internal.command.DbMigrate - Migrating schema "public" to version "8 - approval audit records"
01:10:16.019 INFO  [main] o.f.core.internal.command.DbMigrate - Migrating schema "public" to version "45 - add budget category"
01:10:16.025 INFO  [main] o.f.core.internal.command.DbMigrate - Migrating schema "public" to version "46 - company user admin foundation"
01:10:16.031 INFO  [main] o.f.core.internal.command.DbMigrate - Migrating schema "public" to version "47 - accounting period and audit"
01:10:16.035 INFO  [main] o.f.core.internal.command.DbMigrate - Migrating schema "public" to version "48 - transaction corrections"
01:10:16.044 INFO  [main] o.f.core.internal.command.DbMigrate - Migrating schema "public" to version "49 - txn reconciliation protection"
01:10:16.047 INFO  [main] o.f.core.internal.command.DbMigrate - Migrating schema "public" to version "50 - budget plan and line"
01:10:16.051 INFO  [main] o.f.core.internal.command.DbMigrate - Migrating schema "public" to version "51 - bank import batch and statement line"
01:10:16.057 INFO  [main] o.f.core.internal.command.DbMigrate - Migrating schema "public" to version "52 - bank and configured bank account"
01:10:16.068 INFO  [main] o.f.core.internal.command.DbMigrate - Migrating schema "public" to version "53 - bank import review all rows"
01:10:16.070 INFO  [main] o.f.core.internal.command.DbMigrate - Migrating schema "public" to version "54 - txn split cleared state"
01:10:16.078 INFO  [main] o.f.core.internal.command.DbMigrate - Migrating schema "public" to version "55 - fixed assets and depreciation"
01:10:16.083 INFO  [main] o.f.core.internal.command.DbMigrate - Migrating schema "public" to version "56 - inventory items and movements"
01:10:16.087 INFO  [main] o.f.core.internal.command.DbMigrate - Migrating schema "public" to version "57 - bank reconciliation workspace"
01:10:16.090 INFO  [main] o.f.core.internal.command.DbMigrate - Migrating schema "public" to version "58 - txn supplemental lines"
01:10:16.093 INFO  [main] o.f.core.internal.command.DbMigrate - Migrating schema "public" to version "59 - company ui preferences and state"
01:10:16.096 INFO  [main] o.f.core.internal.command.DbMigrate - Migrating schema "public" to version "60 - period close ranges"
01:10:16.104 INFO  [main] o.f.core.internal.command.DbMigrate - Migrating schema "public" to version "61 - company ownership and interchange identity"
01:10:16.129 INFO  [main] o.f.core.internal.command.DbMigrate - Migrating schema "public" to version "62 - txn portable identity"
01:10:16.133 INFO  [main] o.f.core.internal.command.DbMigrate - Successfully applied 26 migrations to schema "public", now at version v62 (execution time 00:00.084s)
01:10:16.147 INFO  [main] org.flywaydb.core.FlywayExecutor - Database: jdbc:h2:mem:single-company-backfill-9de056f70827421799735e64fd124417 (H2 2.2)
01:10:16.152 INFO  [main] o.f.c.i.s.JdbcTableSchemaHistory - Schema history table "public"."flyway_schema_history" does not exist yet
01:10:16.152 INFO  [main] o.f.core.internal.command.DbValidate - Successfully validated 26 migrations (execution time 00:00.004s)
01:10:16.153 INFO  [main] o.f.c.i.s.JdbcTableSchemaHistory - Creating Schema History table "public"."flyway_schema_history" ...
01:10:16.154 INFO  [main] o.f.core.internal.command.DbMigrate - Current version of schema "public": << Empty Schema >>
01:10:16.157 INFO  [main] o.f.core.internal.command.DbMigrate - Migrating schema "public" to version "1 - init"
01:10:16.165 INFO  [main] o.f.core.internal.command.DbMigrate - Migrating schema "public" to version "2 - schedule items"
01:10:16.168 INFO  [main] o.f.core.internal.command.DbMigrate - Migrating schema "public" to version "3 - subtype schedule defaults"
01:10:16.170 INFO  [main] o.f.core.internal.command.DbMigrate - Migrating schema "public" to version "4 - journal open item core"
01:10:16.173 INFO  [main] o.f.core.internal.command.DbMigrate - Migrating schema "public" to version "5 - open item concurrency and fks"
01:10:16.176 INFO  [main] o.f.core.internal.command.DbMigrate - Migrating schema "public" to version "6 - workflow run records"
01:10:16.177 INFO  [main] o.f.core.internal.command.DbMigrate - Migrating schema "public" to version "7 - workflow run status constraints"
01:10:16.179 INFO  [main] o.f.core.internal.command.DbMigrate - Migrating schema "public" to version "8 - approval audit records"
01:10:16.180 INFO  [main] o.f.core.internal.command.DbMigrate - Migrating schema "public" to version "45 - add budget category"
01:10:16.185 INFO  [main] o.f.core.internal.command.DbMigrate - Migrating schema "public" to version "46 - company user admin foundation"
01:10:16.190 INFO  [main] o.f.core.internal.command.DbMigrate - Migrating schema "public" to version "47 - accounting period and audit"
01:10:16.192 INFO  [main] o.f.core.internal.command.DbMigrate - Migrating schema "public" to version "48 - transaction corrections"
01:10:16.198 INFO  [main] o.f.core.internal.command.DbMigrate - Migrating schema "public" to version "49 - txn reconciliation protection"
01:10:16.201 INFO  [main] o.f.core.internal.command.DbMigrate - Migrating schema "public" to version "50 - budget plan and line"
01:10:16.205 INFO  [main] o.f.core.internal.command.DbMigrate - Migrating schema "public" to version "51 - bank import batch and statement line"
01:10:16.211 INFO  [main] o.f.core.internal.command.DbMigrate - Migrating schema "public" to version "52 - bank and configured bank account"
01:10:16.222 INFO  [main] o.f.core.internal.command.DbMigrate - Migrating schema "public" to version "53 - bank import review all rows"
01:10:16.224 INFO  [main] o.f.core.internal.command.DbMigrate - Migrating schema "public" to version "54 - txn split cleared state"
01:10:16.231 INFO  [main] o.f.core.internal.command.DbMigrate - Migrating schema "public" to version "55 - fixed assets and depreciation"
01:10:16.235 INFO  [main] o.f.core.internal.command.DbMigrate - Migrating schema "public" to version "56 - inventory items and movements"
01:10:16.240 INFO  [main] o.f.core.internal.command.DbMigrate - Migrating schema "public" to version "57 - bank reconciliation workspace"
01:10:16.243 INFO  [main] o.f.core.internal.command.DbMigrate - Migrating schema "public" to version "58 - txn supplemental lines"
01:10:16.246 INFO  [main] o.f.core.internal.command.DbMigrate - Migrating schema "public" to version "59 - company ui preferences and state"
01:10:16.248 INFO  [main] o.f.core.internal.command.DbMigrate - Migrating schema "public" to version "60 - period close ranges"
01:10:16.249 INFO  [main] o.f.core.internal.command.DbMigrate - Successfully applied 24 migrations to schema "public", now at version v60 (execution time 00:00.044s)
01:10:16.258 INFO  [main] org.flywaydb.core.FlywayExecutor - Database: jdbc:h2:mem:single-company-backfill-9de056f70827421799735e64fd124417 (H2 2.2)
01:10:16.264 INFO  [main] o.f.core.internal.command.DbValidate - Successfully validated 26 migrations (execution time 00:00.005s)
01:10:16.265 INFO  [main] o.f.core.internal.command.DbMigrate - Current version of schema "public": 60
01:10:16.278 INFO  [main] o.f.core.internal.command.DbMigrate - Migrating schema "public" to version "61 - company ownership and interchange identity"
01:10:16.305 INFO  [main] o.f.core.internal.command.DbMigrate - Migrating schema "public" to version "62 - txn portable identity"
01:10:16.310 INFO  [main] o.f.core.internal.command.DbMigrate - Successfully applied 2 migrations to schema "public", now at version v62 (execution time 00:00.028s)
01:10:16.320 INFO  [main] org.flywaydb.core.FlywayExecutor - Database: jdbc:h2:mem:ownership-columns-d7ce05eabe65472c9808a8a450f70f9f (H2 2.2)
01:10:16.325 INFO  [main] o.f.c.i.s.JdbcTableSchemaHistory - Schema history table "public"."flyway_schema_history" does not exist yet
01:10:16.326 INFO  [main] o.f.core.internal.command.DbValidate - Successfully validated 26 migrations (execution time 00:00.004s)
01:10:16.326 INFO  [main] o.f.c.i.s.JdbcTableSchemaHistory - Creating Schema History table "public"."flyway_schema_history" ...
01:10:16.328 INFO  [main] o.f.core.internal.command.DbMigrate - Current version of schema "public": << Empty Schema >>
01:10:16.330 INFO  [main] o.f.core.internal.command.DbMigrate - Migrating schema "public" to version "1 - init"
01:10:16.338 INFO  [main] o.f.core.internal.command.DbMigrate - Migrating schema "public" to version "2 - schedule items"
01:10:16.340 INFO  [main] o.f.core.internal.command.DbMigrate - Migrating schema "public" to version "3 - subtype schedule defaults"
01:10:16.343 INFO  [main] o.f.core.internal.command.DbMigrate - Migrating schema "public" to version "4 - journal open item core"
01:10:16.345 INFO  [main] o.f.core.internal.command.DbMigrate - Migrating schema "public" to version "5 - open item concurrency and fks"
01:10:16.348 INFO  [main] o.f.core.internal.command.DbMigrate - Migrating schema "public" to version "6 - workflow run records"
01:10:16.349 INFO  [main] o.f.core.internal.command.DbMigrate - Migrating schema "public" to version "7 - workflow run status constraints"
01:10:16.351 INFO  [main] o.f.core.internal.command.DbMigrate - Migrating schema "public" to version "8 - approval audit records"
01:10:16.352 INFO  [main] o.f.core.internal.command.DbMigrate - Migrating schema "public" to version "45 - add budget category"
01:10:16.357 INFO  [main] o.f.core.internal.command.DbMigrate - Migrating schema "public" to version "46 - company user admin foundation"
01:10:16.362 INFO  [main] o.f.core.internal.command.DbMigrate - Migrating schema "public" to version "47 - accounting period and audit"
01:10:16.365 INFO  [main] o.f.core.internal.command.DbMigrate - Migrating schema "public" to version "48 - transaction corrections"
01:10:16.372 INFO  [main] o.f.core.internal.command.DbMigrate - Migrating schema "public" to version "49 - txn reconciliation protection"
01:10:16.374 INFO  [main] o.f.core.internal.command.DbMigrate - Migrating schema "public" to version "50 - budget plan and line"
01:10:16.378 INFO  [main] o.f.core.internal.command.DbMigrate - Migrating schema "public" to version "51 - bank import batch and statement line"
01:10:16.385 INFO  [main] o.f.core.internal.command.DbMigrate - Migrating schema "public" to version "52 - bank and configured bank account"
01:10:16.395 INFO  [main] o.f.core.internal.command.DbMigrate - Migrating schema "public" to version "53 - bank import review all rows"
01:10:16.397 INFO  [main] o.f.core.internal.command.DbMigrate - Migrating schema "public" to version "54 - txn split cleared state"
01:10:16.404 INFO  [main] o.f.core.internal.command.DbMigrate - Migrating schema "public" to version "55 - fixed assets and depreciation"
01:10:16.410 INFO  [main] o.f.core.internal.command.DbMigrate - Migrating schema "public" to version "56 - inventory items and movements"
01:10:16.414 INFO  [main] o.f.core.internal.command.DbMigrate - Migrating schema "public" to version "57 - bank reconciliation workspace"
01:10:16.417 INFO  [main] o.f.core.internal.command.DbMigrate - Migrating schema "public" to version "58 - txn supplemental lines"
01:10:16.420 INFO  [main] o.f.core.internal.command.DbMigrate - Migrating schema "public" to version "59 - company ui preferences and state"
01:10:16.422 INFO  [main] o.f.core.internal.command.DbMigrate - Migrating schema "public" to version "60 - period close ranges"
01:10:16.430 INFO  [main] o.f.core.internal.command.DbMigrate - Migrating schema "public" to version "61 - company ownership and interchange identity"
01:10:16.454 INFO  [main] o.f.core.internal.command.DbMigrate - Migrating schema "public" to version "62 - txn portable identity"
01:10:16.458 INFO  [main] o.f.core.internal.command.DbMigrate - Successfully applied 26 migrations to schema "public", now at version v62 (execution time 00:00.070s)
01:10:16.522 INFO  [main] org.flywaydb.core.FlywayExecutor - Database: jdbc:h2:mem:multi-company-ambiguity-db40d225a6684d9d91341520b683393b (H2 2.2)
01:10:16.527 INFO  [main] o.f.c.i.s.JdbcTableSchemaHistory - Schema history table "public"."flyway_schema_history" does not exist yet
01:10:16.527 INFO  [main] o.f.core.internal.command.DbValidate - Successfully validated 26 migrations (execution time 00:00.004s)
01:10:16.528 INFO  [main] o.f.c.i.s.JdbcTableSchemaHistory - Creating Schema History table "public"."flyway_schema_history" ...
01:10:16.529 INFO  [main] o.f.core.internal.command.DbMigrate - Current version of schema "public": << Empty Schema >>
01:10:16.532 INFO  [main] o.f.core.internal.command.DbMigrate - Migrating schema "public" to version "1 - init"
01:10:16.540 INFO  [main] o.f.core.internal.command.DbMigrate - Migrating schema "public" to version "2 - schedule items"
01:10:16.543 INFO  [main] o.f.core.internal.command.DbMigrate - Migrating schema "public" to version "3 - subtype schedule defaults"
01:10:16.545 INFO  [main] o.f.core.internal.command.DbMigrate - Migrating schema "public" to version "4 - journal open item core"
01:10:16.548 INFO  [main] o.f.core.internal.command.DbMigrate - Migrating schema "public" to version "5 - open item concurrency and fks"
01:10:16.550 INFO  [main] o.f.core.internal.command.DbMigrate - Migrating schema "public" to version "6 - workflow run records"
01:10:16.552 INFO  [main] o.f.core.internal.command.DbMigrate - Migrating schema "public" to version "7 - workflow run status constraints"
01:10:16.553 INFO  [main] o.f.core.internal.command.DbMigrate - Migrating schema "public" to version "8 - approval audit records"
01:10:16.555 INFO  [main] o.f.core.internal.command.DbMigrate - Migrating schema "public" to version "45 - add budget category"
01:10:16.560 INFO  [main] o.f.core.internal.command.DbMigrate - Migrating schema "public" to version "46 - company user admin foundation"
01:10:16.565 INFO  [main] o.f.core.internal.command.DbMigrate - Migrating schema "public" to version "47 - accounting period and audit"
01:10:16.567 INFO  [main] o.f.core.internal.command.DbMigrate - Migrating schema "public" to version "48 - transaction corrections"
01:10:16.573 INFO  [main] o.f.core.internal.command.DbMigrate - Migrating schema "public" to version "49 - txn reconciliation protection"
01:10:16.575 INFO  [main] o.f.core.internal.command.DbMigrate - Migrating schema "public" to version "50 - budget plan and line"
01:10:16.579 INFO  [main] o.f.core.internal.command.DbMigrate - Migrating schema "public" to version "51 - bank import batch and statement line"
01:10:16.585 INFO  [main] o.f.core.internal.command.DbMigrate - Migrating schema "public" to version "52 - bank and configured bank account"
01:10:16.596 INFO  [main] o.f.core.internal.command.DbMigrate - Migrating schema "public" to version "53 - bank import review all rows"
01:10:16.598 INFO  [main] o.f.core.internal.command.DbMigrate - Migrating schema "public" to version "54 - txn split cleared state"
01:10:16.613 INFO  [main] o.f.core.internal.command.DbMigrate - Migrating schema "public" to version "55 - fixed assets and depreciation"
01:10:16.617 INFO  [main] o.f.core.internal.command.DbMigrate - Migrating schema "public" to version "56 - inventory items and movements"
01:10:16.622 INFO  [main] o.f.core.internal.command.DbMigrate - Migrating schema "public" to version "57 - bank reconciliation workspace"
01:10:16.625 INFO  [main] o.f.core.internal.command.DbMigrate - Migrating schema "public" to version "58 - txn supplemental lines"
01:10:16.627 INFO  [main] o.f.core.internal.command.DbMigrate - Migrating schema "public" to version "59 - company ui preferences and state"
01:10:16.629 INFO  [main] o.f.core.internal.command.DbMigrate - Migrating schema "public" to version "60 - period close ranges"
01:10:16.630 INFO  [main] o.f.core.internal.command.DbMigrate - Successfully applied 24 migrations to schema "public", now at version v60 (execution time 00:00.051s)
01:10:16.638 INFO  [main] org.flywaydb.core.FlywayExecutor - Database: jdbc:h2:mem:multi-company-ambiguity-db40d225a6684d9d91341520b683393b (H2 2.2)
01:10:16.645 INFO  [main] o.f.core.internal.command.DbValidate - Successfully validated 26 migrations (execution time 00:00.004s)
01:10:16.645 INFO  [main] o.f.core.internal.command.DbMigrate - Current version of schema "public": 60
01:10:16.652 INFO  [main] o.f.core.internal.command.DbMigrate - Migrating schema "public" to version "61 - company ownership and interchange identity"
01:10:16.677 INFO  [main] o.f.core.internal.command.DbMigrate - Migrating schema "public" to version "62 - txn portable identity"
01:10:16.681 INFO  [main] o.f.core.internal.command.DbMigrate - Successfully applied 2 migrations to schema "public", now at version v62 (execution time 00:00.025s)
[INFO] Tests run: 4, Failures: 0, Errors: 0, Skipped: 0, Time elapsed: 0.718 s -- in org.nonprofitbookkeeping.persistence.CompanyOwnershipMigrationTest
[INFO] Running org.nonprofitbookkeeping.persistence.BudgetPlanMigrationTest
[NPBK] Flyway migration starting.
[NPBK] JDBC URL: jdbc:h2:mem:budget-plan-model-74c64659bb6e485dabdd33e556f288e3;MODE=PostgreSQL;DATABASE_TO_LOWER=TRUE;DEFAULT_NULL_ORDERING=HIGH;DB_CLOSE_DELAY=-1;INIT=CREATE SCHEMA IF NOT EXISTS PUBLIC\;SET SCHEMA PUBLIC
01:10:16.699 INFO  [main] org.flywaydb.core.FlywayExecutor - Database: jdbc:h2:mem:budget-plan-model-74c64659bb6e485dabdd33e556f288e3 (H2 2.2)
01:10:16.704 INFO  [main] o.f.c.i.s.JdbcTableSchemaHistory - Schema history table "public"."flyway_schema_history" does not exist yet
01:10:16.705 INFO  [main] o.f.core.internal.command.DbValidate - Successfully validated 26 migrations (execution time 00:00.004s)
01:10:16.705 INFO  [main] o.f.c.i.s.JdbcTableSchemaHistory - Creating Schema History table "public"."flyway_schema_history" ...
01:10:16.707 INFO  [main] o.f.core.internal.command.DbMigrate - Current version of schema "public": << Empty Schema >>
01:10:16.708 INFO  [main] o.f.core.internal.command.DbMigrate - Migrating schema "public" to version "1 - init"
01:10:16.714 INFO  [main] o.f.core.internal.command.DbMigrate - Migrating schema "public" to version "2 - schedule items"
01:10:16.716 INFO  [main] o.f.core.internal.command.DbMigrate - Migrating schema "public" to version "3 - subtype schedule defaults"
01:10:16.718 INFO  [main] o.f.core.internal.command.DbMigrate - Migrating schema "public" to version "4 - journal open item core"
01:10:16.721 INFO  [main] o.f.core.internal.command.DbMigrate - Migrating schema "public" to version "5 - open item concurrency and fks"
01:10:16.723 INFO  [main] o.f.core.internal.command.DbMigrate - Migrating schema "public" to version "6 - workflow run records"
01:10:16.725 INFO  [main] o.f.core.internal.command.DbMigrate - Migrating schema "public" to version "7 - workflow run status constraints"
01:10:16.726 INFO  [main] o.f.core.internal.command.DbMigrate - Migrating schema "public" to version "8 - approval audit records"
01:10:16.728 INFO  [main] o.f.core.internal.command.DbMigrate - Migrating schema "public" to version "45 - add budget category"
01:10:16.733 INFO  [main] o.f.core.internal.command.DbMigrate - Migrating schema "public" to version "46 - company user admin foundation"
01:10:16.736 INFO  [main] o.f.core.internal.command.DbMigrate - Migrating schema "public" to version "47 - accounting period and audit"
01:10:16.738 INFO  [main] o.f.core.internal.command.DbMigrate - Migrating schema "public" to version "48 - transaction corrections"
01:10:16.742 INFO  [main] o.f.core.internal.command.DbMigrate - Migrating schema "public" to version "49 - txn reconciliation protection"
01:10:16.743 INFO  [main] o.f.core.internal.command.DbMigrate - Migrating schema "public" to version "50 - budget plan and line"
01:10:16.746 INFO  [main] o.f.core.internal.command.DbMigrate - Migrating schema "public" to version "51 - bank import batch and statement line"
01:10:16.749 INFO  [main] o.f.core.internal.command.DbMigrate - Migrating schema "public" to version "52 - bank and configured bank account"
01:10:16.756 INFO  [main] o.f.core.internal.command.DbMigrate - Migrating schema "public" to version "53 - bank import review all rows"
01:10:16.758 INFO  [main] o.f.core.internal.command.DbMigrate - Migrating schema "public" to version "54 - txn split cleared state"
01:10:16.762 INFO  [main] o.f.core.internal.command.DbMigrate - Migrating schema "public" to version "55 - fixed assets and depreciation"
01:10:16.766 INFO  [main] o.f.core.internal.command.DbMigrate - Migrating schema "public" to version "56 - inventory items and movements"
01:10:16.769 INFO  [main] o.f.core.internal.command.DbMigrate - Migrating schema "public" to version "57 - bank reconciliation workspace"
01:10:16.771 INFO  [main] o.f.core.internal.command.DbMigrate - Migrating schema "public" to version "58 - txn supplemental lines"
01:10:16.773 INFO  [main] o.f.core.internal.command.DbMigrate - Migrating schema "public" to version "59 - company ui preferences and state"
01:10:16.775 INFO  [main] o.f.core.internal.command.DbMigrate - Migrating schema "public" to version "60 - period close ranges"
01:10:16.783 INFO  [main] o.f.core.internal.command.DbMigrate - Migrating schema "public" to version "61 - company ownership and interchange identity"
01:10:16.800 INFO  [main] o.f.core.internal.command.DbMigrate - Migrating schema "public" to version "62 - txn portable identity"
01:10:16.804 INFO  [main] o.f.core.internal.command.DbMigrate - Successfully applied 26 migrations to schema "public", now at version v62 (execution time 00:00.049s)
[NPBK] Flyway migration complete.
[INFO] Tests run: 1, Failures: 0, Errors: 0, Skipped: 0, Time elapsed: 0.121 s -- in org.nonprofitbookkeeping.persistence.BudgetPlanMigrationTest
[INFO] Running org.nonprofitbookkeeping.domain.timing.TransactionTimingTest
[INFO] Tests run: 2, Failures: 0, Errors: 0, Skipped: 0, Time elapsed: 0.003 s -- in org.nonprofitbookkeeping.domain.timing.TransactionTimingTest
[INFO] Running org.nonprofitbookkeeping.domain.core.JournalTransactionTest
[INFO] Tests run: 3, Failures: 0, Errors: 0, Skipped: 0, Time elapsed: 0.005 s -- in org.nonprofitbookkeeping.domain.core.JournalTransactionTest
[INFO] Running org.nonprofitbookkeeping.interchange.sclx.SclxDocumentParserTest
[INFO] Tests run: 6, Failures: 0, Errors: 0, Skipped: 0, Time elapsed: 0.016 s -- in org.nonprofitbookkeeping.interchange.sclx.SclxDocumentParserTest
[INFO] Running org.nonprofitbookkeeping.interchange.sclx.SclxPortableIdentityTest
[INFO] Tests run: 6, Failures: 0, Errors: 0, Skipped: 0, Time elapsed: 0.042 s -- in org.nonprofitbookkeeping.interchange.sclx.SclxPortableIdentityTest
[INFO] Running org.nonprofitbookkeeping.interchange.sclx.SclxCoreSnapshotQueryServiceTest
[NPBK] Preparing database: /tmp/junit12619631633614810185/missing-active-chart
[NPBK] Flyway migration starting.
[NPBK] JDBC URL: jdbc:h2:file:/tmp/junit12619631633614810185/missing-active-chart;MODE=PostgreSQL;DATABASE_TO_LOWER=TRUE;DEFAULT_NULL_ORDERING=HIGH;INIT=CREATE SCHEMA IF NOT EXISTS PUBLIC\;SET SCHEMA PUBLIC
01:10:16.899 INFO  [main] org.flywaydb.core.FlywayExecutor - Database: jdbc:h2:file:/tmp/junit12619631633614810185/missing-active-chart (H2 2.2)
01:10:16.905 INFO  [main] o.f.c.i.s.JdbcTableSchemaHistory - Schema history table "public"."flyway_schema_history" does not exist yet
01:10:16.905 INFO  [main] o.f.core.internal.command.DbValidate - Successfully validated 26 migrations (execution time 00:00.004s)
01:10:16.906 INFO  [main] o.f.c.i.s.JdbcTableSchemaHistory - Creating Schema History table "public"."flyway_schema_history" ...
01:10:16.908 INFO  [main] o.f.core.internal.command.DbMigrate - Current version of schema "public": << Empty Schema >>
01:10:16.911 INFO  [main] o.f.core.internal.command.DbMigrate - Migrating schema "public" to version "1 - init"
01:10:16.920 INFO  [main] o.f.core.internal.command.DbMigrate - Migrating schema "public" to version "2 - schedule items"
01:10:16.922 INFO  [main] o.f.core.internal.command.DbMigrate - Migrating schema "public" to version "3 - subtype schedule defaults"
01:10:16.924 INFO  [main] o.f.core.internal.command.DbMigrate - Migrating schema "public" to version "4 - journal open item core"
01:10:16.927 INFO  [main] o.f.core.internal.command.DbMigrate - Migrating schema "public" to version "5 - open item concurrency and fks"
01:10:16.929 INFO  [main] o.f.core.internal.command.DbMigrate - Migrating schema "public" to version "6 - workflow run records"
01:10:16.931 INFO  [main] o.f.core.internal.command.DbMigrate - Migrating schema "public" to version "7 - workflow run status constraints"
01:10:16.932 INFO  [main] o.f.core.internal.command.DbMigrate - Migrating schema "public" to version "8 - approval audit records"
01:10:16.934 INFO  [main] o.f.core.internal.command.DbMigrate - Migrating schema "public" to version "45 - add budget category"
01:10:16.939 INFO  [main] o.f.core.internal.command.DbMigrate - Migrating schema "public" to version "46 - company user admin foundation"
01:10:16.944 INFO  [main] o.f.core.internal.command.DbMigrate - Migrating schema "public" to version "47 - accounting period and audit"
01:10:16.957 INFO  [main] o.f.core.internal.command.DbMigrate - Migrating schema "public" to version "48 - transaction corrections"
01:10:16.963 INFO  [main] o.f.core.internal.command.DbMigrate - Migrating schema "public" to version "49 - txn reconciliation protection"
01:10:16.966 INFO  [main] o.f.core.internal.command.DbMigrate - Migrating schema "public" to version "50 - budget plan and line"
01:10:16.970 INFO  [main] o.f.core.internal.command.DbMigrate - Migrating schema "public" to version "51 - bank import batch and statement line"
01:10:16.976 INFO  [main] o.f.core.internal.command.DbMigrate - Migrating schema "public" to version "52 - bank and configured bank account"
01:10:16.986 INFO  [main] o.f.core.internal.command.DbMigrate - Migrating schema "public" to version "53 - bank import review all rows"
01:10:16.988 INFO  [main] o.f.core.internal.command.DbMigrate - Migrating schema "public" to version "54 - txn split cleared state"
01:10:16.995 INFO  [main] o.f.core.internal.command.DbMigrate - Migrating schema "public" to version "55 - fixed assets and depreciation"
01:10:16.999 INFO  [main] o.f.core.internal.command.DbMigrate - Migrating schema "public" to version "56 - inventory items and movements"
01:10:17.004 INFO  [main] o.f.core.internal.command.DbMigrate - Migrating schema "public" to version "57 - bank reconciliation workspace"
01:10:17.008 INFO  [main] o.f.core.internal.command.DbMigrate - Migrating schema "public" to version "58 - txn supplemental lines"
01:10:17.011 INFO  [main] o.f.core.internal.command.DbMigrate - Migrating schema "public" to version "59 - company ui preferences and state"
01:10:17.013 INFO  [main] o.f.core.internal.command.DbMigrate - Migrating schema "public" to version "60 - period close ranges"
01:10:17.021 INFO  [main] o.f.core.internal.command.DbMigrate - Migrating schema "public" to version "61 - company ownership and interchange identity"
01:10:17.047 INFO  [main] o.f.core.internal.command.DbMigrate - Migrating schema "public" to version "62 - txn portable identity"
01:10:17.051 INFO  [main] o.f.core.internal.command.DbMigrate - Successfully applied 26 migrations to schema "public", now at version v62 (execution time 00:00.075s)
[NPBK] Flyway migration complete.
[NPBK] Creating JPA EntityManagerFactory for selected database.
01:10:17.151 INFO  [main] com.zaxxer.hikari.HikariDataSource - HikariPool-7 - Starting...
01:10:17.171 INFO  [main] com.zaxxer.hikari.HikariDataSource - HikariPool-7 - Start completed.
[NPBK] JPA EntityManagerFactory created for selected database.
01:10:17.579 INFO  [main] com.zaxxer.hikari.HikariDataSource - HikariPool-7 - Shutdown initiated...
01:10:17.583 INFO  [main] com.zaxxer.hikari.HikariDataSource - HikariPool-7 - Shutdown completed.
[NPBK] Preparing database: /tmp/junit14562986804010785868/selected-company-snapshot
[NPBK] Flyway migration starting.
[NPBK] JDBC URL: jdbc:h2:file:/tmp/junit14562986804010785868/selected-company-snapshot;MODE=PostgreSQL;DATABASE_TO_LOWER=TRUE;DEFAULT_NULL_ORDERING=HIGH;INIT=CREATE SCHEMA IF NOT EXISTS PUBLIC\;SET SCHEMA PUBLIC
01:10:17.601 INFO  [main] org.flywaydb.core.FlywayExecutor - Database: jdbc:h2:file:/tmp/junit14562986804010785868/selected-company-snapshot (H2 2.2)
01:10:17.607 INFO  [main] o.f.c.i.s.JdbcTableSchemaHistory - Schema history table "public"."flyway_schema_history" does not exist yet
01:10:17.607 INFO  [main] o.f.core.internal.command.DbValidate - Successfully validated 26 migrations (execution time 00:00.004s)
01:10:17.607 INFO  [main] o.f.c.i.s.JdbcTableSchemaHistory - Creating Schema History table "public"."flyway_schema_history" ...
01:10:17.609 INFO  [main] o.f.core.internal.command.DbMigrate - Current version of schema "public": << Empty Schema >>
01:10:17.612 INFO  [main] o.f.core.internal.command.DbMigrate - Migrating schema "public" to version "1 - init"
01:10:17.621 INFO  [main] o.f.core.internal.command.DbMigrate - Migrating schema "public" to version "2 - schedule items"
01:10:17.623 INFO  [main] o.f.core.internal.command.DbMigrate - Migrating schema "public" to version "3 - subtype schedule defaults"
01:10:17.626 INFO  [main] o.f.core.internal.command.DbMigrate - Migrating schema "public" to version "4 - journal open item core"
01:10:17.628 INFO  [main] o.f.core.internal.command.DbMigrate - Migrating schema "public" to version "5 - open item concurrency and fks"
01:10:17.630 INFO  [main] o.f.core.internal.command.DbMigrate - Migrating schema "public" to version "6 - workflow run records"
01:10:17.632 INFO  [main] o.f.core.internal.command.DbMigrate - Migrating schema "public" to version "7 - workflow run status constraints"
01:10:17.633 INFO  [main] o.f.core.internal.command.DbMigrate - Migrating schema "public" to version "8 - approval audit records"
01:10:17.635 INFO  [main] o.f.core.internal.command.DbMigrate - Migrating schema "public" to version "45 - add budget category"
01:10:17.640 INFO  [main] o.f.core.internal.command.DbMigrate - Migrating schema "public" to version "46 - company user admin foundation"
01:10:17.644 INFO  [main] o.f.core.internal.command.DbMigrate - Migrating schema "public" to version "47 - accounting period and audit"
01:10:17.647 INFO  [main] o.f.core.internal.command.DbMigrate - Migrating schema "public" to version "48 - transaction corrections"
01:10:17.653 INFO  [main] o.f.core.internal.command.DbMigrate - Migrating schema "public" to version "49 - txn reconciliation protection"
01:10:17.655 INFO  [main] o.f.core.internal.command.DbMigrate - Migrating schema "public" to version "50 - budget plan and line"
01:10:17.659 INFO  [main] o.f.core.internal.command.DbMigrate - Migrating schema "public" to version "51 - bank import batch and statement line"
01:10:17.664 INFO  [main] o.f.core.internal.command.DbMigrate - Migrating schema "public" to version "52 - bank and configured bank account"
01:10:17.673 INFO  [main] o.f.core.internal.command.DbMigrate - Migrating schema "public" to version "53 - bank import review all rows"
01:10:17.675 INFO  [main] o.f.core.internal.command.DbMigrate - Migrating schema "public" to version "54 - txn split cleared state"
01:10:17.682 INFO  [main] o.f.core.internal.command.DbMigrate - Migrating schema "public" to version "55 - fixed assets and depreciation"
01:10:17.687 INFO  [main] o.f.core.internal.command.DbMigrate - Migrating schema "public" to version "56 - inventory items and movements"
01:10:17.691 INFO  [main] o.f.core.internal.command.DbMigrate - Migrating schema "public" to version "57 - bank reconciliation workspace"
01:10:17.694 INFO  [main] o.f.core.internal.command.DbMigrate - Migrating schema "public" to version "58 - txn supplemental lines"
01:10:17.697 INFO  [main] o.f.core.internal.command.DbMigrate - Migrating schema "public" to version "59 - company ui preferences and state"
01:10:17.699 INFO  [main] o.f.core.internal.command.DbMigrate - Migrating schema "public" to version "60 - period close ranges"
01:10:17.706 INFO  [main] o.f.core.internal.command.DbMigrate - Migrating schema "public" to version "61 - company ownership and interchange identity"
01:10:17.732 INFO  [main] o.f.core.internal.command.DbMigrate - Migrating schema "public" to version "62 - txn portable identity"
01:10:17.736 INFO  [main] o.f.core.internal.command.DbMigrate - Successfully applied 26 migrations to schema "public", now at version v62 (execution time 00:00.069s)
[NPBK] Flyway migration complete.
[NPBK] Creating JPA EntityManagerFactory for selected database.
01:10:17.844 INFO  [main] com.zaxxer.hikari.HikariDataSource - HikariPool-8 - Starting...
01:10:17.863 INFO  [main] com.zaxxer.hikari.HikariDataSource - HikariPool-8 - Start completed.
[NPBK] JPA EntityManagerFactory created for selected database.
01:10:18.176 INFO  [main] com.zaxxer.hikari.HikariDataSource - HikariPool-8 - Shutdown initiated...
01:10:18.181 INFO  [main] com.zaxxer.hikari.HikariDataSource - HikariPool-8 - Shutdown completed.
[INFO] Tests run: 2, Failures: 0, Errors: 0, Skipped: 0, Time elapsed: 1.302 s -- in org.nonprofitbookkeeping.interchange.sclx.SclxCoreSnapshotQueryServiceTest
[INFO] Running org.nonprofitbookkeeping.interchange.sclx.SclxStructureValidatorTest
[INFO] Tests run: 3, Failures: 0, Errors: 0, Skipped: 0, Time elapsed: 0.007 s -- in org.nonprofitbookkeeping.interchange.sclx.SclxStructureValidatorTest
[INFO] Running org.nonprofitbookkeeping.interchange.sclx.SclxVersionTest
[INFO] Tests run: 3, Failures: 0, Errors: 0, Skipped: 0, Time elapsed: 0.003 s -- in org.nonprofitbookkeeping.interchange.sclx.SclxVersionTest
[INFO] Running org.nonprofitbookkeeping.interchange.sclx.SclxExportDocumentTest
[INFO] Tests run: 2, Failures: 0, Errors: 0, Skipped: 0, Time elapsed: 0.002 s -- in org.nonprofitbookkeeping.interchange.sclx.SclxExportDocumentTest
[INFO] Running org.nonprofitbookkeeping.interchange.sclx.SclxExportDocumentValidatorTest
[INFO] Tests run: 4, Failures: 0, Errors: 0, Skipped: 0, Time elapsed: 0.012 s -- in org.nonprofitbookkeeping.interchange.sclx.SclxExportDocumentValidatorTest
[INFO] Running org.nonprofitbookkeeping.interchange.sclx.SclxExportSectionTest
[INFO] Tests run: 2, Failures: 0, Errors: 0, Skipped: 0, Time elapsed: 0.007 s -- in org.nonprofitbookkeeping.interchange.sclx.SclxExportSectionTest
[INFO] Running org.nonprofitbookkeeping.interchange.sclx.SclxCoreSnapshotAssemblerTest
[INFO] Tests run: 3, Failures: 0, Errors: 0, Skipped: 0, Time elapsed: 0.005 s -- in org.nonprofitbookkeeping.interchange.sclx.SclxCoreSnapshotAssemblerTest
[INFO] Running org.nonprofitbookkeeping.interchange.coa.ChartOfAccountsJsonMappingTest
[NPBK] Preparing database: /tmp/junit6916883792116048867/mapped
[NPBK] Flyway migration starting.
[NPBK] JDBC URL: jdbc:h2:file:/tmp/junit6916883792116048867/mapped;MODE=PostgreSQL;DATABASE_TO_LOWER=TRUE;DEFAULT_NULL_ORDERING=HIGH;INIT=CREATE SCHEMA IF NOT EXISTS PUBLIC\;SET SCHEMA PUBLIC
01:10:18.253 INFO  [main] org.flywaydb.core.FlywayExecutor - Database: jdbc:h2:file:/tmp/junit6916883792116048867/mapped (H2 2.2)
01:10:18.257 INFO  [main] o.f.c.i.s.JdbcTableSchemaHistory - Schema history table "public"."flyway_schema_history" does not exist yet
01:10:18.258 INFO  [main] o.f.core.internal.command.DbValidate - Successfully validated 26 migrations (execution time 00:00.003s)
01:10:18.258 INFO  [main] o.f.c.i.s.JdbcTableSchemaHistory - Creating Schema History table "public"."flyway_schema_history" ...
01:10:18.260 INFO  [main] o.f.core.internal.command.DbMigrate - Current version of schema "public": << Empty Schema >>
01:10:18.262 INFO  [main] o.f.core.internal.command.DbMigrate - Migrating schema "public" to version "1 - init"
01:10:18.269 INFO  [main] o.f.core.internal.command.DbMigrate - Migrating schema "public" to version "2 - schedule items"
01:10:18.271 INFO  [main] o.f.core.internal.command.DbMigrate - Migrating schema "public" to version "3 - subtype schedule defaults"
01:10:18.273 INFO  [main] o.f.core.internal.command.DbMigrate - Migrating schema "public" to version "4 - journal open item core"
01:10:18.275 INFO  [main] o.f.core.internal.command.DbMigrate - Migrating schema "public" to version "5 - open item concurrency and fks"
01:10:18.277 INFO  [main] o.f.core.internal.command.DbMigrate - Migrating schema "public" to version "6 - workflow run records"
01:10:18.278 INFO  [main] o.f.core.internal.command.DbMigrate - Migrating schema "public" to version "7 - workflow run status constraints"
01:10:18.279 INFO  [main] o.f.core.internal.command.DbMigrate - Migrating schema "public" to version "8 - approval audit records"
01:10:18.280 INFO  [main] o.f.core.internal.command.DbMigrate - Migrating schema "public" to version "45 - add budget category"
01:10:18.284 INFO  [main] o.f.core.internal.command.DbMigrate - Migrating schema "public" to version "46 - company user admin foundation"
01:10:18.287 INFO  [main] o.f.core.internal.command.DbMigrate - Migrating schema "public" to version "47 - accounting period and audit"
01:10:18.289 INFO  [main] o.f.core.internal.command.DbMigrate - Migrating schema "public" to version "48 - transaction corrections"
01:10:18.294 INFO  [main] o.f.core.internal.command.DbMigrate - Migrating schema "public" to version "49 - txn reconciliation protection"
01:10:18.295 INFO  [main] o.f.core.internal.command.DbMigrate - Migrating schema "public" to version "50 - budget plan and line"
01:10:18.298 INFO  [main] o.f.core.internal.command.DbMigrate - Migrating schema "public" to version "51 - bank import batch and statement line"
01:10:18.302 INFO  [main] o.f.core.internal.command.DbMigrate - Migrating schema "public" to version "52 - bank and configured bank account"
01:10:18.311 INFO  [main] o.f.core.internal.command.DbMigrate - Migrating schema "public" to version "53 - bank import review all rows"
01:10:18.312 INFO  [main] o.f.core.internal.command.DbMigrate - Migrating schema "public" to version "54 - txn split cleared state"
01:10:18.317 INFO  [main] o.f.core.internal.command.DbMigrate - Migrating schema "public" to version "55 - fixed assets and depreciation"
01:10:18.320 INFO  [main] o.f.core.internal.command.DbMigrate - Migrating schema "public" to version "56 - inventory items and movements"
01:10:18.323 INFO  [main] o.f.core.internal.command.DbMigrate - Migrating schema "public" to version "57 - bank reconciliation workspace"
01:10:18.325 INFO  [main] o.f.core.internal.command.DbMigrate - Migrating schema "public" to version "58 - txn supplemental lines"
01:10:18.327 INFO  [main] o.f.core.internal.command.DbMigrate - Migrating schema "public" to version "59 - company ui preferences and state"
01:10:18.328 INFO  [main] o.f.core.internal.command.DbMigrate - Migrating schema "public" to version "60 - period close ranges"
01:10:18.333 INFO  [main] o.f.core.internal.command.DbMigrate - Migrating schema "public" to version "61 - company ownership and interchange identity"
01:10:18.355 INFO  [main] o.f.core.internal.command.DbMigrate - Migrating schema "public" to version "62 - txn portable identity"
01:10:18.357 INFO  [main] o.f.core.internal.command.DbMigrate - Successfully applied 26 migrations to schema "public", now at version v62 (execution time 00:00.055s)
[NPBK] Flyway migration complete.
[NPBK] Creating JPA EntityManagerFactory for selected database.
01:10:18.429 INFO  [main] com.zaxxer.hikari.HikariDataSource - HikariPool-9 - Starting...
01:10:18.441 INFO  [main] com.zaxxer.hikari.HikariDataSource - HikariPool-9 - Start completed.
[NPBK] JPA EntityManagerFactory created for selected database.
01:10:18.817 INFO  [main] com.zaxxer.hikari.HikariDataSource - HikariPool-9 - Shutdown initiated...
01:10:18.830 INFO  [main] com.zaxxer.hikari.HikariDataSource - HikariPool-9 - Shutdown completed.
[INFO] Tests run: 1, Failures: 0, Errors: 0, Skipped: 0, Time elapsed: 0.604 s -- in org.nonprofitbookkeeping.interchange.coa.ChartOfAccountsJsonMappingTest
[INFO] Running org.nonprofitbookkeeping.interchange.coa.ChartOfAccountsJsonImportServiceTest
[NPBK] Preparing database: /tmp/junit4718578245008918701/create-new
[NPBK] Flyway migration starting.
[NPBK] JDBC URL: jdbc:h2:file:/tmp/junit4718578245008918701/create-new;MODE=PostgreSQL;DATABASE_TO_LOWER=TRUE;DEFAULT_NULL_ORDERING=HIGH;INIT=CREATE SCHEMA IF NOT EXISTS PUBLIC\;SET SCHEMA PUBLIC
01:10:18.851 INFO  [main] org.flywaydb.core.FlywayExecutor - Database: jdbc:h2:file:/tmp/junit4718578245008918701/create-new (H2 2.2)
01:10:18.856 INFO  [main] o.f.c.i.s.JdbcTableSchemaHistory - Schema history table "public"."flyway_schema_history" does not exist yet
01:10:18.856 INFO  [main] o.f.core.internal.command.DbValidate - Successfully validated 26 migrations (execution time 00:00.003s)
01:10:18.857 INFO  [main] o.f.c.i.s.JdbcTableSchemaHistory - Creating Schema History table "public"."flyway_schema_history" ...
01:10:18.858 INFO  [main] o.f.core.internal.command.DbMigrate - Current version of schema "public": << Empty Schema >>
01:10:18.860 INFO  [main] o.f.core.internal.command.DbMigrate - Migrating schema "public" to version "1 - init"
01:10:18.867 INFO  [main] o.f.core.internal.command.DbMigrate - Migrating schema "public" to version "2 - schedule items"
01:10:18.870 INFO  [main] o.f.core.internal.command.DbMigrate - Migrating schema "public" to version "3 - subtype schedule defaults"
01:10:18.872 INFO  [main] o.f.core.internal.command.DbMigrate - Migrating schema "public" to version "4 - journal open item core"
01:10:18.875 INFO  [main] o.f.core.internal.command.DbMigrate - Migrating schema "public" to version "5 - open item concurrency and fks"
01:10:18.877 INFO  [main] o.f.core.internal.command.DbMigrate - Migrating schema "public" to version "6 - workflow run records"
01:10:18.879 INFO  [main] o.f.core.internal.command.DbMigrate - Migrating schema "public" to version "7 - workflow run status constraints"
01:10:18.880 INFO  [main] o.f.core.internal.command.DbMigrate - Migrating schema "public" to version "8 - approval audit records"
01:10:18.882 INFO  [main] o.f.core.internal.command.DbMigrate - Migrating schema "public" to version "45 - add budget category"
01:10:18.887 INFO  [main] o.f.core.internal.command.DbMigrate - Migrating schema "public" to version "46 - company user admin foundation"
01:10:18.892 INFO  [main] o.f.core.internal.command.DbMigrate - Migrating schema "public" to version "47 - accounting period and audit"
01:10:18.894 INFO  [main] o.f.core.internal.command.DbMigrate - Migrating schema "public" to version "48 - transaction corrections"
01:10:18.901 INFO  [main] o.f.core.internal.command.DbMigrate - Migrating schema "public" to version "49 - txn reconciliation protection"
01:10:18.903 INFO  [main] o.f.core.internal.command.DbMigrate - Migrating schema "public" to version "50 - budget plan and line"
01:10:18.907 INFO  [main] o.f.core.internal.command.DbMigrate - Migrating schema "public" to version "51 - bank import batch and statement line"
01:10:18.929 INFO  [main] o.f.core.internal.command.DbMigrate - Migrating schema "public" to version "52 - bank and configured bank account"
01:10:18.939 INFO  [main] o.f.core.internal.command.DbMigrate - Migrating schema "public" to version "53 - bank import review all rows"
01:10:18.941 INFO  [main] o.f.core.internal.command.DbMigrate - Migrating schema "public" to version "54 - txn split cleared state"
01:10:18.947 INFO  [main] o.f.core.internal.command.DbMigrate - Migrating schema "public" to version "55 - fixed assets and depreciation"
01:10:18.951 INFO  [main] o.f.core.internal.command.DbMigrate - Migrating schema "public" to version "56 - inventory items and movements"
01:10:18.956 INFO  [main] o.f.core.internal.command.DbMigrate - Migrating schema "public" to version "57 - bank reconciliation workspace"
01:10:18.959 INFO  [main] o.f.core.internal.command.DbMigrate - Migrating schema "public" to version "58 - txn supplemental lines"
01:10:18.961 INFO  [main] o.f.core.internal.command.DbMigrate - Migrating schema "public" to version "59 - company ui preferences and state"
01:10:18.963 INFO  [main] o.f.core.internal.command.DbMigrate - Migrating schema "public" to version "60 - period close ranges"
01:10:18.970 INFO  [main] o.f.core.internal.command.DbMigrate - Migrating schema "public" to version "61 - company ownership and interchange identity"
01:10:18.986 INFO  [main] o.f.core.internal.command.DbMigrate - Migrating schema "public" to version "62 - txn portable identity"
01:10:18.989 INFO  [main] o.f.core.internal.command.DbMigrate - Successfully applied 26 migrations to schema "public", now at version v62 (execution time 00:00.071s)
[NPBK] Flyway migration complete.
[NPBK] Creating JPA EntityManagerFactory for selected database.
01:10:19.054 INFO  [main] com.zaxxer.hikari.HikariDataSource - HikariPool-10 - Starting...
01:10:19.066 INFO  [main] com.zaxxer.hikari.HikariDataSource - HikariPool-10 - Start completed.
[NPBK] JPA EntityManagerFactory created for selected database.
01:10:19.388 INFO  [main] com.zaxxer.hikari.HikariDataSource - HikariPool-10 - Shutdown initiated...
01:10:19.395 INFO  [main] com.zaxxer.hikari.HikariDataSource - HikariPool-10 - Shutdown completed.
[NPBK] Preparing database: /tmp/junit10160387182908473970/merge
[NPBK] Flyway migration starting.
[NPBK] JDBC URL: jdbc:h2:file:/tmp/junit10160387182908473970/merge;MODE=PostgreSQL;DATABASE_TO_LOWER=TRUE;DEFAULT_NULL_ORDERING=HIGH;INIT=CREATE SCHEMA IF NOT EXISTS PUBLIC\;SET SCHEMA PUBLIC
01:10:19.409 INFO  [main] org.flywaydb.core.FlywayExecutor - Database: jdbc:h2:file:/tmp/junit10160387182908473970/merge (H2 2.2)
01:10:19.415 INFO  [main] o.f.c.i.s.JdbcTableSchemaHistory - Schema history table "public"."flyway_schema_history" does not exist yet
01:10:19.415 INFO  [main] o.f.core.internal.command.DbValidate - Successfully validated 26 migrations (execution time 00:00.004s)
01:10:19.416 INFO  [main] o.f.c.i.s.JdbcTableSchemaHistory - Creating Schema History table "public"."flyway_schema_history" ...
01:10:19.417 INFO  [main] o.f.core.internal.command.DbMigrate - Current version of schema "public": << Empty Schema >>
01:10:19.420 INFO  [main] o.f.core.internal.command.DbMigrate - Migrating schema "public" to version "1 - init"
01:10:19.428 INFO  [main] o.f.core.internal.command.DbMigrate - Migrating schema "public" to version "2 - schedule items"
01:10:19.431 INFO  [main] o.f.core.internal.command.DbMigrate - Migrating schema "public" to version "3 - subtype schedule defaults"
01:10:19.433 INFO  [main] o.f.core.internal.command.DbMigrate - Migrating schema "public" to version "4 - journal open item core"
01:10:19.436 INFO  [main] o.f.core.internal.command.DbMigrate - Migrating schema "public" to version "5 - open item concurrency and fks"
01:10:19.438 INFO  [main] o.f.core.internal.command.DbMigrate - Migrating schema "public" to version "6 - workflow run records"
01:10:19.440 INFO  [main] o.f.core.internal.command.DbMigrate - Migrating schema "public" to version "7 - workflow run status constraints"
01:10:19.441 INFO  [main] o.f.core.internal.command.DbMigrate - Migrating schema "public" to version "8 - approval audit records"
01:10:19.442 INFO  [main] o.f.core.internal.command.DbMigrate - Migrating schema "public" to version "45 - add budget category"
01:10:19.447 INFO  [main] o.f.core.internal.command.DbMigrate - Migrating schema "public" to version "46 - company user admin foundation"
01:10:19.452 INFO  [main] o.f.core.internal.command.DbMigrate - Migrating schema "public" to version "47 - accounting period and audit"
01:10:19.454 INFO  [main] o.f.core.internal.command.DbMigrate - Migrating schema "public" to version "48 - transaction corrections"
01:10:19.460 INFO  [main] o.f.core.internal.command.DbMigrate - Migrating schema "public" to version "49 - txn reconciliation protection"
01:10:19.462 INFO  [main] o.f.core.internal.command.DbMigrate - Migrating schema "public" to version "50 - budget plan and line"
01:10:19.466 INFO  [main] o.f.core.internal.command.DbMigrate - Migrating schema "public" to version "51 - bank import batch and statement line"
01:10:19.472 INFO  [main] o.f.core.internal.command.DbMigrate - Migrating schema "public" to version "52 - bank and configured bank account"
01:10:19.481 INFO  [main] o.f.core.internal.command.DbMigrate - Migrating schema "public" to version "53 - bank import review all rows"
01:10:19.483 INFO  [main] o.f.core.internal.command.DbMigrate - Migrating schema "public" to version "54 - txn split cleared state"
01:10:19.489 INFO  [main] o.f.core.internal.command.DbMigrate - Migrating schema "public" to version "55 - fixed assets and depreciation"
01:10:19.493 INFO  [main] o.f.core.internal.command.DbMigrate - Migrating schema "public" to version "56 - inventory items and movements"
01:10:19.497 INFO  [main] o.f.core.internal.command.DbMigrate - Migrating schema "public" to version "57 - bank reconciliation workspace"
01:10:19.500 INFO  [main] o.f.core.internal.command.DbMigrate - Migrating schema "public" to version "58 - txn supplemental lines"
01:10:19.502 INFO  [main] o.f.core.internal.command.DbMigrate - Migrating schema "public" to version "59 - company ui preferences and state"
01:10:19.503 INFO  [main] o.f.core.internal.command.DbMigrate - Migrating schema "public" to version "60 - period close ranges"
01:10:19.511 INFO  [main] o.f.core.internal.command.DbMigrate - Migrating schema "public" to version "61 - company ownership and interchange identity"
01:10:19.534 INFO  [main] o.f.core.internal.command.DbMigrate - Migrating schema "public" to version "62 - txn portable identity"
01:10:19.538 INFO  [main] o.f.core.internal.command.DbMigrate - Successfully applied 26 migrations to schema "public", now at version v62 (execution time 00:00.063s)
[NPBK] Flyway migration complete.
[NPBK] Creating JPA EntityManagerFactory for selected database.
01:10:19.625 INFO  [main] com.zaxxer.hikari.HikariDataSource - HikariPool-11 - Starting...
01:10:19.643 INFO  [main] com.zaxxer.hikari.HikariDataSource - HikariPool-11 - Start completed.
[NPBK] JPA EntityManagerFactory created for selected database.
01:10:19.989 INFO  [main] com.zaxxer.hikari.HikariDataSource - HikariPool-11 - Shutdown initiated...
01:10:19.993 INFO  [main] com.zaxxer.hikari.HikariDataSource - HikariPool-11 - Shutdown completed.
[NPBK] Preparing database: /tmp/junit4631773513169399034/rollback
[NPBK] Flyway migration starting.
[NPBK] JDBC URL: jdbc:h2:file:/tmp/junit4631773513169399034/rollback;MODE=PostgreSQL;DATABASE_TO_LOWER=TRUE;DEFAULT_NULL_ORDERING=HIGH;INIT=CREATE SCHEMA IF NOT EXISTS PUBLIC\;SET SCHEMA PUBLIC
01:10:20.008 INFO  [main] org.flywaydb.core.FlywayExecutor - Database: jdbc:h2:file:/tmp/junit4631773513169399034/rollback (H2 2.2)
01:10:20.014 INFO  [main] o.f.c.i.s.JdbcTableSchemaHistory - Schema history table "public"."flyway_schema_history" does not exist yet
01:10:20.014 INFO  [main] o.f.core.internal.command.DbValidate - Successfully validated 26 migrations (execution time 00:00.004s)
01:10:20.014 INFO  [main] o.f.c.i.s.JdbcTableSchemaHistory - Creating Schema History table "public"."flyway_schema_history" ...
01:10:20.016 INFO  [main] o.f.core.internal.command.DbMigrate - Current version of schema "public": << Empty Schema >>
01:10:20.018 INFO  [main] o.f.core.internal.command.DbMigrate - Migrating schema "public" to version "1 - init"
01:10:20.026 INFO  [main] o.f.core.internal.command.DbMigrate - Migrating schema "public" to version "2 - schedule items"
01:10:20.028 INFO  [main] o.f.core.internal.command.DbMigrate - Migrating schema "public" to version "3 - subtype schedule defaults"
01:10:20.030 INFO  [main] o.f.core.internal.command.DbMigrate - Migrating schema "public" to version "4 - journal open item core"
01:10:20.032 INFO  [main] o.f.core.internal.command.DbMigrate - Migrating schema "public" to version "5 - open item concurrency and fks"
01:10:20.035 INFO  [main] o.f.core.internal.command.DbMigrate - Migrating schema "public" to version "6 - workflow run records"
01:10:20.036 INFO  [main] o.f.core.internal.command.DbMigrate - Migrating schema "public" to version "7 - workflow run status constraints"
01:10:20.037 INFO  [main] o.f.core.internal.command.DbMigrate - Migrating schema "public" to version "8 - approval audit records"
01:10:20.038 INFO  [main] o.f.core.internal.command.DbMigrate - Migrating schema "public" to version "45 - add budget category"
01:10:20.043 INFO  [main] o.f.core.internal.command.DbMigrate - Migrating schema "public" to version "46 - company user admin foundation"
01:10:20.047 INFO  [main] o.f.core.internal.command.DbMigrate - Migrating schema "public" to version "47 - accounting period and audit"
01:10:20.049 INFO  [main] o.f.core.internal.command.DbMigrate - Migrating schema "public" to version "48 - transaction corrections"
01:10:20.054 INFO  [main] o.f.core.internal.command.DbMigrate - Migrating schema "public" to version "49 - txn reconciliation protection"
01:10:20.056 INFO  [main] o.f.core.internal.command.DbMigrate - Migrating schema "public" to version "50 - budget plan and line"
01:10:20.060 INFO  [main] o.f.core.internal.command.DbMigrate - Migrating schema "public" to version "51 - bank import batch and statement line"
01:10:20.066 INFO  [main] o.f.core.internal.command.DbMigrate - Migrating schema "public" to version "52 - bank and configured bank account"
01:10:20.075 INFO  [main] o.f.core.internal.command.DbMigrate - Migrating schema "public" to version "53 - bank import review all rows"
01:10:20.076 INFO  [main] o.f.core.internal.command.DbMigrate - Migrating schema "public" to version "54 - txn split cleared state"
01:10:20.083 INFO  [main] o.f.core.internal.command.DbMigrate - Migrating schema "public" to version "55 - fixed assets and depreciation"
01:10:20.086 INFO  [main] o.f.core.internal.command.DbMigrate - Migrating schema "public" to version "56 - inventory items and movements"
01:10:20.090 INFO  [main] o.f.core.internal.command.DbMigrate - Migrating schema "public" to version "57 - bank reconciliation workspace"
01:10:20.094 INFO  [main] o.f.core.internal.command.DbMigrate - Migrating schema "public" to version "58 - txn supplemental lines"
01:10:20.096 INFO  [main] o.f.core.internal.command.DbMigrate - Migrating schema "public" to version "59 - company ui preferences and state"
01:10:20.097 INFO  [main] o.f.core.internal.command.DbMigrate - Migrating schema "public" to version "60 - period close ranges"
01:10:20.105 INFO  [main] o.f.core.internal.command.DbMigrate - Migrating schema "public" to version "61 - company ownership and interchange identity"
01:10:20.127 INFO  [main] o.f.core.internal.command.DbMigrate - Migrating schema "public" to version "62 - txn portable identity"
01:10:20.131 INFO  [main] o.f.core.internal.command.DbMigrate - Successfully applied 26 migrations to schema "public", now at version v62 (execution time 00:00.060s)
[NPBK] Flyway migration complete.
[NPBK] Creating JPA EntityManagerFactory for selected database.
01:10:20.191 INFO  [main] com.zaxxer.hikari.HikariDataSource - HikariPool-12 - Starting...
01:10:20.206 INFO  [main] com.zaxxer.hikari.HikariDataSource - HikariPool-12 - Start completed.
[NPBK] JPA EntityManagerFactory created for selected database.
01:10:20.454 INFO  [main] com.zaxxer.hikari.HikariDataSource - HikariPool-12 - Shutdown initiated...
01:10:20.459 INFO  [main] com.zaxxer.hikari.HikariDataSource - HikariPool-12 - Shutdown completed.
[INFO] Tests run: 3, Failures: 0, Errors: 0, Skipped: 0, Time elapsed: 1.628 s -- in org.nonprofitbookkeeping.interchange.coa.ChartOfAccountsJsonImportServiceTest
[INFO] Running org.nonprofitbookkeeping.interchange.coa.ChartOfAccountsJsonServiceTest
[NPBK] Preparing database: /tmp/junit15055105770599662722/export-source
[NPBK] Flyway migration starting.
[NPBK] JDBC URL: jdbc:h2:file:/tmp/junit15055105770599662722/export-source;MODE=PostgreSQL;DATABASE_TO_LOWER=TRUE;DEFAULT_NULL_ORDERING=HIGH;INIT=CREATE SCHEMA IF NOT EXISTS PUBLIC\;SET SCHEMA PUBLIC
01:10:20.481 INFO  [main] org.flywaydb.core.FlywayExecutor - Database: jdbc:h2:file:/tmp/junit15055105770599662722/export-source (H2 2.2)
01:10:20.486 INFO  [main] o.f.c.i.s.JdbcTableSchemaHistory - Schema history table "public"."flyway_schema_history" does not exist yet
01:10:20.486 INFO  [main] o.f.core.internal.command.DbValidate - Successfully validated 26 migrations (execution time 00:00.004s)
01:10:20.487 INFO  [main] o.f.c.i.s.JdbcTableSchemaHistory - Creating Schema History table "public"."flyway_schema_history" ...
01:10:20.488 INFO  [main] o.f.core.internal.command.DbMigrate - Current version of schema "public": << Empty Schema >>
01:10:20.490 INFO  [main] o.f.core.internal.command.DbMigrate - Migrating schema "public" to version "1 - init"
01:10:20.499 INFO  [main] o.f.core.internal.command.DbMigrate - Migrating schema "public" to version "2 - schedule items"
01:10:20.501 INFO  [main] o.f.core.internal.command.DbMigrate - Migrating schema "public" to version "3 - subtype schedule defaults"
01:10:20.502 INFO  [main] o.f.core.internal.command.DbMigrate - Migrating schema "public" to version "4 - journal open item core"
01:10:20.504 INFO  [main] o.f.core.internal.command.DbMigrate - Migrating schema "public" to version "5 - open item concurrency and fks"
01:10:20.505 INFO  [main] o.f.core.internal.command.DbMigrate - Migrating schema "public" to version "6 - workflow run records"
01:10:20.506 INFO  [main] o.f.core.internal.command.DbMigrate - Migrating schema "public" to version "7 - workflow run status constraints"
01:10:20.507 INFO  [main] o.f.core.internal.command.DbMigrate - Migrating schema "public" to version "8 - approval audit records"
01:10:20.508 INFO  [main] o.f.core.internal.command.DbMigrate - Migrating schema "public" to version "45 - add budget category"
01:10:20.511 INFO  [main] o.f.core.internal.command.DbMigrate - Migrating schema "public" to version "46 - company user admin foundation"
01:10:20.514 INFO  [main] o.f.core.internal.command.DbMigrate - Migrating schema "public" to version "47 - accounting period and audit"
01:10:20.516 INFO  [main] o.f.core.internal.command.DbMigrate - Migrating schema "public" to version "48 - transaction corrections"
01:10:20.519 INFO  [main] o.f.core.internal.command.DbMigrate - Migrating schema "public" to version "49 - txn reconciliation protection"
01:10:20.521 INFO  [main] o.f.core.internal.command.DbMigrate - Migrating schema "public" to version "50 - budget plan and line"
01:10:20.523 INFO  [main] o.f.core.internal.command.DbMigrate - Migrating schema "public" to version "51 - bank import batch and statement line"
01:10:20.527 INFO  [main] o.f.core.internal.command.DbMigrate - Migrating schema "public" to version "52 - bank and configured bank account"
01:10:20.534 INFO  [main] o.f.core.internal.command.DbMigrate - Migrating schema "public" to version "53 - bank import review all rows"
01:10:20.535 INFO  [main] o.f.core.internal.command.DbMigrate - Migrating schema "public" to version "54 - txn split cleared state"
01:10:20.545 INFO  [main] o.f.core.internal.command.DbMigrate - Migrating schema "public" to version "55 - fixed assets and depreciation"
01:10:20.548 INFO  [main] o.f.core.internal.command.DbMigrate - Migrating schema "public" to version "56 - inventory items and movements"
01:10:20.551 INFO  [main] o.f.core.internal.command.DbMigrate - Migrating schema "public" to version "57 - bank reconciliation workspace"
01:10:20.553 INFO  [main] o.f.core.internal.command.DbMigrate - Migrating schema "public" to version "58 - txn supplemental lines"
01:10:20.554 INFO  [main] o.f.core.internal.command.DbMigrate - Migrating schema "public" to version "59 - company ui preferences and state"
01:10:20.555 INFO  [main] o.f.core.internal.command.DbMigrate - Migrating schema "public" to version "60 - period close ranges"
01:10:20.560 INFO  [main] o.f.core.internal.command.DbMigrate - Migrating schema "public" to version "61 - company ownership and interchange identity"
01:10:20.574 INFO  [main] o.f.core.internal.command.DbMigrate - Migrating schema "public" to version "62 - txn portable identity"
01:10:20.576 INFO  [main] o.f.core.internal.command.DbMigrate - Successfully applied 26 migrations to schema "public", now at version v62 (execution time 00:00.045s)
[NPBK] Flyway migration complete.
[NPBK] Creating JPA EntityManagerFactory for selected database.
01:10:20.635 INFO  [main] com.zaxxer.hikari.HikariDataSource - HikariPool-13 - Starting...
01:10:20.648 INFO  [main] com.zaxxer.hikari.HikariDataSource - HikariPool-13 - Start completed.
[NPBK] JPA EntityManagerFactory created for selected database.
01:10:20.878 INFO  [main] com.zaxxer.hikari.HikariDataSource - HikariPool-13 - Shutdown initiated...
01:10:20.881 INFO  [main] com.zaxxer.hikari.HikariDataSource - HikariPool-13 - Shutdown completed.
[NPBK] Preparing database: /tmp/junit755763735314676615/cycle
[NPBK] Flyway migration starting.
[NPBK] JDBC URL: jdbc:h2:file:/tmp/junit755763735314676615/cycle;MODE=PostgreSQL;DATABASE_TO_LOWER=TRUE;DEFAULT_NULL_ORDERING=HIGH;INIT=CREATE SCHEMA IF NOT EXISTS PUBLIC\;SET SCHEMA PUBLIC
01:10:20.895 INFO  [main] org.flywaydb.core.FlywayExecutor - Database: jdbc:h2:file:/tmp/junit755763735314676615/cycle (H2 2.2)
01:10:20.899 INFO  [main] o.f.c.i.s.JdbcTableSchemaHistory - Schema history table "public"."flyway_schema_history" does not exist yet
01:10:20.899 INFO  [main] o.f.core.internal.command.DbValidate - Successfully validated 26 migrations (execution time 00:00.002s)
01:10:20.899 INFO  [main] o.f.c.i.s.JdbcTableSchemaHistory - Creating Schema History table "public"."flyway_schema_history" ...
01:10:20.900 INFO  [main] o.f.core.internal.command.DbMigrate - Current version of schema "public": << Empty Schema >>
01:10:20.902 INFO  [main] o.f.core.internal.command.DbMigrate - Migrating schema "public" to version "1 - init"
01:10:20.907 INFO  [main] o.f.core.internal.command.DbMigrate - Migrating schema "public" to version "2 - schedule items"
01:10:20.909 INFO  [main] o.f.core.internal.command.DbMigrate - Migrating schema "public" to version "3 - subtype schedule defaults"
01:10:20.911 INFO  [main] o.f.core.internal.command.DbMigrate - Migrating schema "public" to version "4 - journal open item core"
01:10:20.913 INFO  [main] o.f.core.internal.command.DbMigrate - Migrating schema "public" to version "5 - open item concurrency and fks"
01:10:20.916 INFO  [main] o.f.core.internal.command.DbMigrate - Migrating schema "public" to version "6 - workflow run records"
01:10:20.917 INFO  [main] o.f.core.internal.command.DbMigrate - Migrating schema "public" to version "7 - workflow run status constraints"
01:10:20.918 INFO  [main] o.f.core.internal.command.DbMigrate - Migrating schema "public" to version "8 - approval audit records"
01:10:20.919 INFO  [main] o.f.core.internal.command.DbMigrate - Migrating schema "public" to version "45 - add budget category"
01:10:20.922 INFO  [main] o.f.core.internal.command.DbMigrate - Migrating schema "public" to version "46 - company user admin foundation"
01:10:20.925 INFO  [main] o.f.core.internal.command.DbMigrate - Migrating schema "public" to version "47 - accounting period and audit"
01:10:20.927 INFO  [main] o.f.core.internal.command.DbMigrate - Migrating schema "public" to version "48 - transaction corrections"
01:10:20.931 INFO  [main] o.f.core.internal.command.DbMigrate - Migrating schema "public" to version "49 - txn reconciliation protection"
01:10:20.932 INFO  [main] o.f.core.internal.command.DbMigrate - Migrating schema "public" to version "50 - budget plan and line"
01:10:20.934 INFO  [main] o.f.core.internal.command.DbMigrate - Migrating schema "public" to version "51 - bank import batch and statement line"
01:10:20.939 INFO  [main] o.f.core.internal.command.DbMigrate - Migrating schema "public" to version "52 - bank and configured bank account"
01:10:20.946 INFO  [main] o.f.core.internal.command.DbMigrate - Migrating schema "public" to version "53 - bank import review all rows"
01:10:20.947 INFO  [main] o.f.core.internal.command.DbMigrate - Migrating schema "public" to version "54 - txn split cleared state"
01:10:20.951 INFO  [main] o.f.core.internal.command.DbMigrate - Migrating schema "public" to version "55 - fixed assets and depreciation"
01:10:20.954 INFO  [main] o.f.core.internal.command.DbMigrate - Migrating schema "public" to version "56 - inventory items and movements"
01:10:20.956 INFO  [main] o.f.core.internal.command.DbMigrate - Migrating schema "public" to version "57 - bank reconciliation workspace"
01:10:20.958 INFO  [main] o.f.core.internal.command.DbMigrate - Migrating schema "public" to version "58 - txn supplemental lines"
01:10:20.959 INFO  [main] o.f.core.internal.command.DbMigrate - Migrating schema "public" to version "59 - company ui preferences and state"
01:10:20.960 INFO  [main] o.f.core.internal.command.DbMigrate - Migrating schema "public" to version "60 - period close ranges"
01:10:20.965 INFO  [main] o.f.core.internal.command.DbMigrate - Migrating schema "public" to version "61 - company ownership and interchange identity"
01:10:20.980 INFO  [main] o.f.core.internal.command.DbMigrate - Migrating schema "public" to version "62 - txn portable identity"
01:10:20.982 INFO  [main] o.f.core.internal.command.DbMigrate - Successfully applied 26 migrations to schema "public", now at version v62 (execution time 00:00.040s)
[NPBK] Flyway migration complete.
[NPBK] Creating JPA EntityManagerFactory for selected database.
01:10:21.041 INFO  [main] com.zaxxer.hikari.HikariDataSource - HikariPool-14 - Starting...
01:10:21.053 INFO  [main] com.zaxxer.hikari.HikariDataSource - HikariPool-14 - Start completed.
[NPBK] JPA EntityManagerFactory created for selected database.
01:10:21.234 INFO  [main] com.zaxxer.hikari.HikariDataSource - HikariPool-14 - Shutdown initiated...
01:10:21.238 INFO  [main] com.zaxxer.hikari.HikariDataSource - HikariPool-14 - Shutdown completed.
[NPBK] Preparing database: /tmp/junit5743521699304448974/donor-preview
[NPBK] Flyway migration starting.
[NPBK] JDBC URL: jdbc:h2:file:/tmp/junit5743521699304448974/donor-preview;MODE=PostgreSQL;DATABASE_TO_LOWER=TRUE;DEFAULT_NULL_ORDERING=HIGH;INIT=CREATE SCHEMA IF NOT EXISTS PUBLIC\;SET SCHEMA PUBLIC
01:10:21.254 INFO  [main] org.flywaydb.core.FlywayExecutor - Database: jdbc:h2:file:/tmp/junit5743521699304448974/donor-preview (H2 2.2)
01:10:21.258 INFO  [main] o.f.c.i.s.JdbcTableSchemaHistory - Schema history table "public"."flyway_schema_history" does not exist yet
01:10:21.258 INFO  [main] o.f.core.internal.command.DbValidate - Successfully validated 26 migrations (execution time 00:00.003s)
01:10:21.259 INFO  [main] o.f.c.i.s.JdbcTableSchemaHistory - Creating Schema History table "public"."flyway_schema_history" ...
01:10:21.260 INFO  [main] o.f.core.internal.command.DbMigrate - Current version of schema "public": << Empty Schema >>
01:10:21.261 INFO  [main] o.f.core.internal.command.DbMigrate - Migrating schema "public" to version "1 - init"
01:10:21.266 INFO  [main] o.f.core.internal.command.DbMigrate - Migrating schema "public" to version "2 - schedule items"
01:10:21.268 INFO  [main] o.f.core.internal.command.DbMigrate - Migrating schema "public" to version "3 - subtype schedule defaults"
01:10:21.269 INFO  [main] o.f.core.internal.command.DbMigrate - Migrating schema "public" to version "4 - journal open item core"
01:10:21.270 INFO  [main] o.f.core.internal.command.DbMigrate - Migrating schema "public" to version "5 - open item concurrency and fks"
01:10:21.272 INFO  [main] o.f.core.internal.command.DbMigrate - Migrating schema "public" to version "6 - workflow run records"
01:10:21.274 INFO  [main] o.f.core.internal.command.DbMigrate - Migrating schema "public" to version "7 - workflow run status constraints"
01:10:21.275 INFO  [main] o.f.core.internal.command.DbMigrate - Migrating schema "public" to version "8 - approval audit records"
01:10:21.275 INFO  [main] o.f.core.internal.command.DbMigrate - Migrating schema "public" to version "45 - add budget category"
01:10:21.278 INFO  [main] o.f.core.internal.command.DbMigrate - Migrating schema "public" to version "46 - company user admin foundation"
01:10:21.281 INFO  [main] o.f.core.internal.command.DbMigrate - Migrating schema "public" to version "47 - accounting period and audit"
01:10:21.282 INFO  [main] o.f.core.internal.command.DbMigrate - Migrating schema "public" to version "48 - transaction corrections"
01:10:21.285 INFO  [main] o.f.core.internal.command.DbMigrate - Migrating schema "public" to version "49 - txn reconciliation protection"
01:10:21.287 INFO  [main] o.f.core.internal.command.DbMigrate - Migrating schema "public" to version "50 - budget plan and line"
01:10:21.290 INFO  [main] o.f.core.internal.command.DbMigrate - Migrating schema "public" to version "51 - bank import batch and statement line"
01:10:21.293 INFO  [main] o.f.core.internal.command.DbMigrate - Migrating schema "public" to version "52 - bank and configured bank account"
01:10:21.299 INFO  [main] o.f.core.internal.command.DbMigrate - Migrating schema "public" to version "53 - bank import review all rows"
01:10:21.301 INFO  [main] o.f.core.internal.command.DbMigrate - Migrating schema "public" to version "54 - txn split cleared state"
01:10:21.304 INFO  [main] o.f.core.internal.command.DbMigrate - Migrating schema "public" to version "55 - fixed assets and depreciation"
01:10:21.307 INFO  [main] o.f.core.internal.command.DbMigrate - Migrating schema "public" to version "56 - inventory items and movements"
01:10:21.309 INFO  [main] o.f.core.internal.command.DbMigrate - Migrating schema "public" to version "57 - bank reconciliation workspace"
01:10:21.311 INFO  [main] o.f.core.internal.command.DbMigrate - Migrating schema "public" to version "58 - txn supplemental lines"
01:10:21.312 INFO  [main] o.f.core.internal.command.DbMigrate - Migrating schema "public" to version "59 - company ui preferences and state"
01:10:21.314 INFO  [main] o.f.core.internal.command.DbMigrate - Migrating schema "public" to version "60 - period close ranges"
01:10:21.318 INFO  [main] o.f.core.internal.command.DbMigrate - Migrating schema "public" to version "61 - company ownership and interchange identity"
01:10:21.332 INFO  [main] o.f.core.internal.command.DbMigrate - Migrating schema "public" to version "62 - txn portable identity"
01:10:21.334 INFO  [main] o.f.core.internal.command.DbMigrate - Successfully applied 26 migrations to schema "public", now at version v62 (execution time 00:00.034s)
[NPBK] Flyway migration complete.
[NPBK] Creating JPA EntityManagerFactory for selected database.
01:10:21.391 INFO  [main] com.zaxxer.hikari.HikariDataSource - HikariPool-15 - Starting...
01:10:21.404 INFO  [main] com.zaxxer.hikari.HikariDataSource - HikariPool-15 - Start completed.
[NPBK] JPA EntityManagerFactory created for selected database.
01:10:21.601 INFO  [main] com.zaxxer.hikari.HikariDataSource - HikariPool-15 - Shutdown initiated...
01:10:21.606 INFO  [main] com.zaxxer.hikari.HikariDataSource - HikariPool-15 - Shutdown completed.
[NPBK] Preparing database: /tmp/junit17692294883306593954/duplicate-key
[NPBK] Flyway migration starting.
[NPBK] JDBC URL: jdbc:h2:file:/tmp/junit17692294883306593954/duplicate-key;MODE=PostgreSQL;DATABASE_TO_LOWER=TRUE;DEFAULT_NULL_ORDERING=HIGH;INIT=CREATE SCHEMA IF NOT EXISTS PUBLIC\;SET SCHEMA PUBLIC
01:10:21.620 INFO  [main] org.flywaydb.core.FlywayExecutor - Database: jdbc:h2:file:/tmp/junit17692294883306593954/duplicate-key (H2 2.2)
01:10:21.624 INFO  [main] o.f.c.i.s.JdbcTableSchemaHistory - Schema history table "public"."flyway_schema_history" does not exist yet
01:10:21.624 INFO  [main] o.f.core.internal.command.DbValidate - Successfully validated 26 migrations (execution time 00:00.002s)
01:10:21.625 INFO  [main] o.f.c.i.s.JdbcTableSchemaHistory - Creating Schema History table "public"."flyway_schema_history" ...
01:10:21.626 INFO  [main] o.f.core.internal.command.DbMigrate - Current version of schema "public": << Empty Schema >>
01:10:21.628 INFO  [main] o.f.core.internal.command.DbMigrate - Migrating schema "public" to version "1 - init"
01:10:21.635 INFO  [main] o.f.core.internal.command.DbMigrate - Migrating schema "public" to version "2 - schedule items"
01:10:21.637 INFO  [main] o.f.core.internal.command.DbMigrate - Migrating schema "public" to version "3 - subtype schedule defaults"
01:10:21.638 INFO  [main] o.f.core.internal.command.DbMigrate - Migrating schema "public" to version "4 - journal open item core"
01:10:21.639 INFO  [main] o.f.core.internal.command.DbMigrate - Migrating schema "public" to version "5 - open item concurrency and fks"
01:10:21.641 INFO  [main] o.f.core.internal.command.DbMigrate - Migrating schema "public" to version "6 - workflow run records"
01:10:21.642 INFO  [main] o.f.core.internal.command.DbMigrate - Migrating schema "public" to version "7 - workflow run status constraints"
01:10:21.643 INFO  [main] o.f.core.internal.command.DbMigrate - Migrating schema "public" to version "8 - approval audit records"
01:10:21.643 INFO  [main] o.f.core.internal.command.DbMigrate - Migrating schema "public" to version "45 - add budget category"
01:10:21.646 INFO  [main] o.f.core.internal.command.DbMigrate - Migrating schema "public" to version "46 - company user admin foundation"
01:10:21.649 INFO  [main] o.f.core.internal.command.DbMigrate - Migrating schema "public" to version "47 - accounting period and audit"
01:10:21.651 INFO  [main] o.f.core.internal.command.DbMigrate - Migrating schema "public" to version "48 - transaction corrections"
01:10:21.654 INFO  [main] o.f.core.internal.command.DbMigrate - Migrating schema "public" to version "49 - txn reconciliation protection"
01:10:21.655 INFO  [main] o.f.core.internal.command.DbMigrate - Migrating schema "public" to version "50 - budget plan and line"
01:10:21.658 INFO  [main] o.f.core.internal.command.DbMigrate - Migrating schema "public" to version "51 - bank import batch and statement line"
01:10:21.661 INFO  [main] o.f.core.internal.command.DbMigrate - Migrating schema "public" to version "52 - bank and configured bank account"
01:10:21.667 INFO  [main] o.f.core.internal.command.DbMigrate - Migrating schema "public" to version "53 - bank import review all rows"
01:10:21.668 INFO  [main] o.f.core.internal.command.DbMigrate - Migrating schema "public" to version "54 - txn split cleared state"
01:10:21.672 INFO  [main] o.f.core.internal.command.DbMigrate - Migrating schema "public" to version "55 - fixed assets and depreciation"
01:10:21.674 INFO  [main] o.f.core.internal.command.DbMigrate - Migrating schema "public" to version "56 - inventory items and movements"
01:10:21.677 INFO  [main] o.f.core.internal.command.DbMigrate - Migrating schema "public" to version "57 - bank reconciliation workspace"
01:10:21.679 INFO  [main] o.f.core.internal.command.DbMigrate - Migrating schema "public" to version "58 - txn supplemental lines"
01:10:21.681 INFO  [main] o.f.core.internal.command.DbMigrate - Migrating schema "public" to version "59 - company ui preferences and state"
01:10:21.682 INFO  [main] o.f.core.internal.command.DbMigrate - Migrating schema "public" to version "60 - period close ranges"
01:10:21.686 INFO  [main] o.f.core.internal.command.DbMigrate - Migrating schema "public" to version "61 - company ownership and interchange identity"
01:10:21.701 INFO  [main] o.f.core.internal.command.DbMigrate - Migrating schema "public" to version "62 - txn portable identity"
01:10:21.703 INFO  [main] o.f.core.internal.command.DbMigrate - Successfully applied 26 migrations to schema "public", now at version v62 (execution time 00:00.038s)
[NPBK] Flyway migration complete.
[NPBK] Creating JPA EntityManagerFactory for selected database.
01:10:21.764 INFO  [main] com.zaxxer.hikari.HikariDataSource - HikariPool-16 - Starting...
01:10:21.775 INFO  [main] com.zaxxer.hikari.HikariDataSource - HikariPool-16 - Start completed.
[NPBK] JPA EntityManagerFactory created for selected database.
01:10:21.961 INFO  [main] com.zaxxer.hikari.HikariDataSource - HikariPool-16 - Shutdown initiated...
01:10:21.964 INFO  [main] com.zaxxer.hikari.HikariDataSource - HikariPool-16 - Shutdown completed.
[INFO] Tests run: 4, Failures: 0, Errors: 0, Skipped: 0, Time elapsed: 1.503 s -- in org.nonprofitbookkeeping.interchange.coa.ChartOfAccountsJsonServiceTest
[INFO] Running org.nonprofitbookkeeping.ui.InspectorPresentationModelTest
[INFO] Tests run: 1, Failures: 0, Errors: 0, Skipped: 0, Time elapsed: 0.007 s -- in org.nonprofitbookkeeping.ui.InspectorPresentationModelTest
[INFO] Running org.nonprofitbookkeeping.ui.DashboardValueFormatterTest
[INFO] Tests run: 2, Failures: 0, Errors: 0, Skipped: 0, Time elapsed: 0.016 s -- in org.nonprofitbookkeeping.ui.DashboardValueFormatterTest
[INFO] Running org.nonprofitbookkeeping.ui.DatabaseCompanyRoundTripIntegrationTest
[NPBK] Preparing database: /tmp/junit17515424522484569299/company-round-trip
[NPBK] Flyway migration starting.
[NPBK] JDBC URL: jdbc:h2:file:/tmp/junit17515424522484569299/company-round-trip;MODE=PostgreSQL;DATABASE_TO_LOWER=TRUE;DEFAULT_NULL_ORDERING=HIGH;INIT=CREATE SCHEMA IF NOT EXISTS PUBLIC\;SET SCHEMA PUBLIC
01:10:22.013 INFO  [main] org.flywaydb.core.FlywayExecutor - Database: jdbc:h2:file:/tmp/junit17515424522484569299/company-round-trip (H2 2.2)
01:10:22.017 INFO  [main] o.f.c.i.s.JdbcTableSchemaHistory - Schema history table "public"."flyway_schema_history" does not exist yet
01:10:22.018 INFO  [main] o.f.core.internal.command.DbValidate - Successfully validated 26 migrations (execution time 00:00.003s)
01:10:22.018 INFO  [main] o.f.c.i.s.JdbcTableSchemaHistory - Creating Schema History table "public"."flyway_schema_history" ...
01:10:22.019 INFO  [main] o.f.core.internal.command.DbMigrate - Current version of schema "public": << Empty Schema >>
01:10:22.021 INFO  [main] o.f.core.internal.command.DbMigrate - Migrating schema "public" to version "1 - init"
01:10:22.026 INFO  [main] o.f.core.internal.command.DbMigrate - Migrating schema "public" to version "2 - schedule items"
01:10:22.028 INFO  [main] o.f.core.internal.command.DbMigrate - Migrating schema "public" to version "3 - subtype schedule defaults"
01:10:22.029 INFO  [main] o.f.core.internal.command.DbMigrate - Migrating schema "public" to version "4 - journal open item core"
01:10:22.030 INFO  [main] o.f.core.internal.command.DbMigrate - Migrating schema "public" to version "5 - open item concurrency and fks"
01:10:22.032 INFO  [main] o.f.core.internal.command.DbMigrate - Migrating schema "public" to version "6 - workflow run records"
01:10:22.033 INFO  [main] o.f.core.internal.command.DbMigrate - Migrating schema "public" to version "7 - workflow run status constraints"
01:10:22.034 INFO  [main] o.f.core.internal.command.DbMigrate - Migrating schema "public" to version "8 - approval audit records"
01:10:22.036 INFO  [main] o.f.core.internal.command.DbMigrate - Migrating schema "public" to version "45 - add budget category"
01:10:22.039 INFO  [main] o.f.core.internal.command.DbMigrate - Migrating schema "public" to version "46 - company user admin foundation"
01:10:22.042 INFO  [main] o.f.core.internal.command.DbMigrate - Migrating schema "public" to version "47 - accounting period and audit"
01:10:22.044 INFO  [main] o.f.core.internal.command.DbMigrate - Migrating schema "public" to version "48 - transaction corrections"
01:10:22.048 INFO  [main] o.f.core.internal.command.DbMigrate - Migrating schema "public" to version "49 - txn reconciliation protection"
01:10:22.049 INFO  [main] o.f.core.internal.command.DbMigrate - Migrating schema "public" to version "50 - budget plan and line"
01:10:22.052 INFO  [main] o.f.core.internal.command.DbMigrate - Migrating schema "public" to version "51 - bank import batch and statement line"
01:10:22.056 INFO  [main] o.f.core.internal.command.DbMigrate - Migrating schema "public" to version "52 - bank and configured bank account"
01:10:22.061 INFO  [main] o.f.core.internal.command.DbMigrate - Migrating schema "public" to version "53 - bank import review all rows"
01:10:22.062 INFO  [main] o.f.core.internal.command.DbMigrate - Migrating schema "public" to version "54 - txn split cleared state"
01:10:22.067 INFO  [main] o.f.core.internal.command.DbMigrate - Migrating schema "public" to version "55 - fixed assets and depreciation"
01:10:22.069 INFO  [main] o.f.core.internal.command.DbMigrate - Migrating schema "public" to version "56 - inventory items and movements"
01:10:22.071 INFO  [main] o.f.core.internal.command.DbMigrate - Migrating schema "public" to version "57 - bank reconciliation workspace"
01:10:22.073 INFO  [main] o.f.core.internal.command.DbMigrate - Migrating schema "public" to version "58 - txn supplemental lines"
01:10:22.075 INFO  [main] o.f.core.internal.command.DbMigrate - Migrating schema "public" to version "59 - company ui preferences and state"
01:10:22.076 INFO  [main] o.f.core.internal.command.DbMigrate - Migrating schema "public" to version "60 - period close ranges"
01:10:22.080 INFO  [main] o.f.core.internal.command.DbMigrate - Migrating schema "public" to version "61 - company ownership and interchange identity"
01:10:22.095 INFO  [main] o.f.core.internal.command.DbMigrate - Migrating schema "public" to version "62 - txn portable identity"
01:10:22.097 INFO  [main] o.f.core.internal.command.DbMigrate - Successfully applied 26 migrations to schema "public", now at version v62 (execution time 00:00.036s)
[NPBK] Flyway migration complete.
[NPBK] Creating JPA EntityManagerFactory for selected database.
01:10:22.159 INFO  [main] com.zaxxer.hikari.HikariDataSource - HikariPool-17 - Starting...
01:10:22.170 INFO  [main] com.zaxxer.hikari.HikariDataSource - HikariPool-17 - Start completed.
[NPBK] JPA EntityManagerFactory created for selected database.
01:10:22.357 INFO  [main] com.zaxxer.hikari.HikariDataSource - HikariPool-17 - Shutdown initiated...
01:10:22.361 INFO  [main] com.zaxxer.hikari.HikariDataSource - HikariPool-17 - Shutdown completed.
[NPBK] Preparing database: /tmp/junit17515424522484569299/company-round-trip
[NPBK] Flyway migration starting.
[NPBK] JDBC URL: jdbc:h2:file:/tmp/junit17515424522484569299/company-round-trip;MODE=PostgreSQL;DATABASE_TO_LOWER=TRUE;DEFAULT_NULL_ORDERING=HIGH;INIT=CREATE SCHEMA IF NOT EXISTS PUBLIC\;SET SCHEMA PUBLIC
01:10:22.395 INFO  [main] org.flywaydb.core.FlywayExecutor - Database: jdbc:h2:file:/tmp/junit17515424522484569299/company-round-trip (H2 2.2)
01:10:22.399 INFO  [main] o.f.core.internal.command.DbValidate - Successfully validated 26 migrations (execution time 00:00.003s)
01:10:22.400 INFO  [main] o.f.core.internal.command.DbMigrate - Current version of schema "public": 62
01:10:22.400 INFO  [main] o.f.core.internal.command.DbMigrate - Schema "public" is up to date. No migration necessary.
[NPBK] Flyway migration complete.
[NPBK] Creating JPA EntityManagerFactory for selected database.
01:10:22.462 INFO  [main] com.zaxxer.hikari.HikariDataSource - HikariPool-18 - Starting...
01:10:22.473 INFO  [main] com.zaxxer.hikari.HikariDataSource - HikariPool-18 - Start completed.
[NPBK] JPA EntityManagerFactory created for selected database.
01:10:22.648 INFO  [main] com.zaxxer.hikari.HikariDataSource - HikariPool-18 - Shutdown initiated...
01:10:22.653 INFO  [main] com.zaxxer.hikari.HikariDataSource - HikariPool-18 - Shutdown completed.
[INFO] Tests run: 1, Failures: 0, Errors: 0, Skipped: 0, Time elapsed: 0.664 s -- in org.nonprofitbookkeeping.ui.DatabaseCompanyRoundTripIntegrationTest
[INFO] Running org.nonprofitbookkeeping.ui.NavigationPaneInspectorBodyTest
[INFO] Tests run: 2, Failures: 0, Errors: 0, Skipped: 0, Time elapsed: 0.074 s -- in org.nonprofitbookkeeping.ui.NavigationPaneInspectorBodyTest
[INFO] Running org.nonprofitbookkeeping.ui.CoreEditorComplianceSourceTest
[INFO] Tests run: 1, Failures: 0, Errors: 0, Skipped: 0, Time elapsed: 0.002 s -- in org.nonprofitbookkeeping.ui.CoreEditorComplianceSourceTest
[INFO] Running org.nonprofitbookkeeping.ui.ReportLibraryTypedSourceTest
[INFO] Tests run: 1, Failures: 0, Errors: 0, Skipped: 0, Time elapsed: 0.002 s -- in org.nonprofitbookkeeping.ui.ReportLibraryTypedSourceTest
[INFO] Running org.nonprofitbookkeeping.ui.ChartOfAccountsInterchangePanelTest
[INFO] Tests run: 2, Failures: 0, Errors: 0, Skipped: 0, Time elapsed: 0.007 s -- in org.nonprofitbookkeeping.ui.ChartOfAccountsInterchangePanelTest
[INFO] Running org.nonprofitbookkeeping.ui.DatabaseRecoveryPanelTest
[INFO] Tests run: 0, Failures: 0, Errors: 0, Skipped: 0, Time elapsed: 0.007 s -- in org.nonprofitbookkeeping.ui.DatabaseRecoveryPanelTest
[INFO] Running org.nonprofitbookkeeping.ui.WorkspaceShellLayoutPolicyTest
[INFO] Tests run: 6, Failures: 0, Errors: 0, Skipped: 0, Time elapsed: 0.009 s -- in org.nonprofitbookkeeping.ui.WorkspaceShellLayoutPolicyTest
[INFO] Running org.nonprofitbookkeeping.ui.JournalPaneTest
Jul 27, 2026 1:10:22 AM java.util.prefs.FileSystemPreferences$1 run
INFO: Created user preferences directory.
[INFO] Tests run: 2, Failures: 0, Errors: 0, Skipped: 0, Time elapsed: 0.069 s -- in org.nonprofitbookkeeping.ui.JournalPaneTest
[INFO] Running org.nonprofitbookkeeping.ui.PanelHostBehaviorTest
[INFO] Tests run: 0, Failures: 0, Errors: 0, Skipped: 0, Time elapsed: 0.001 s -- in org.nonprofitbookkeeping.ui.PanelHostBehaviorTest
[INFO] Running org.nonprofitbookkeeping.ui.MainWindowPrivilegeGatingTest
[INFO] Tests run: 0, Failures: 0, Errors: 0, Skipped: 0, Time elapsed: 0.002 s -- in org.nonprofitbookkeeping.ui.MainWindowPrivilegeGatingTest
[INFO] Running org.nonprofitbookkeeping.ui.TransactionLineEditorModelTest
[INFO] Tests run: 7, Failures: 0, Errors: 0, Skipped: 0, Time elapsed: 0.008 s -- in org.nonprofitbookkeeping.ui.TransactionLineEditorModelTest
[INFO] Running org.nonprofitbookkeeping.ui.FullTextTooltipInstallerTest
[WARNING] Tests run: 5, Failures: 0, Errors: 0, Skipped: 5, Time elapsed: 0.008 s -- in org.nonprofitbookkeeping.ui.FullTextTooltipInstallerTest
[INFO] Running org.nonprofitbookkeeping.ui.UiSessionStateAuthTest
[INFO] Tests run: 1, Failures: 0, Errors: 0, Skipped: 0, Time elapsed: 0.001 s -- in org.nonprofitbookkeeping.ui.UiSessionStateAuthTest
[INFO] Running org.nonprofitbookkeeping.ui.TransactionEditorPanelValidationTest
[INFO] Tests run: 4, Failures: 0, Errors: 0, Skipped: 0, Time elapsed: 0.013 s -- in org.nonprofitbookkeeping.ui.TransactionEditorPanelValidationTest
[INFO] Running org.nonprofitbookkeeping.ui.ChartOfAccountsPanelFormStateTest
[INFO] Tests run: 0, Failures: 0, Errors: 0, Skipped: 0, Time elapsed: 0.001 s -- in org.nonprofitbookkeeping.ui.ChartOfAccountsPanelFormStateTest
[INFO] Running org.nonprofitbookkeeping.ui.ActivePeriodContextTest
[INFO] Tests run: 5, Failures: 0, Errors: 0, Skipped: 0, Time elapsed: 0.009 s -- in org.nonprofitbookkeeping.ui.ActivePeriodContextTest
[INFO] Running org.nonprofitbookkeeping.ui.TransactionEditorRedesignSourceTest
[INFO] Tests run: 2, Failures: 0, Errors: 0, Skipped: 0, Time elapsed: 0.006 s -- in org.nonprofitbookkeeping.ui.TransactionEditorRedesignSourceTest
[INFO] Running org.nonprofitbookkeeping.ui.AssetsRegisterPanelSourceTest
[INFO] Tests run: 1, Failures: 0, Errors: 0, Skipped: 0, Time elapsed: 0.003 s -- in org.nonprofitbookkeeping.ui.AssetsRegisterPanelSourceTest
[INFO] Running org.nonprofitbookkeeping.ui.DeletePlaceholderSourceTest
[INFO] Tests run: 1, Failures: 0, Errors: 0, Skipped: 0, Time elapsed: 0.064 s -- in org.nonprofitbookkeeping.ui.DeletePlaceholderSourceTest
[INFO] Running org.nonprofitbookkeeping.ui.ReconciliationRunsPanelTest
[INFO] Tests run: 1, Failures: 0, Errors: 0, Skipped: 0, Time elapsed: 0.002 s -- in org.nonprofitbookkeeping.ui.ReconciliationRunsPanelTest
[INFO] Running org.nonprofitbookkeeping.ui.DrillThroughCoordinatorTest
[NPBK][drill-through] Configured opener: org.nonprofitbookkeeping.ui.DrillThroughCoordinatorTest$$Lambda$1393/0x00007f9f54a2abe0@1e5a5436
[NPBK][drill-through] Opening JOURNAL_PANE with context 'Edit Txn #41'.
[NPBK][drill-through] Open request dispatched for JOURNAL_PANE.
[NPBK][drill-through] Consumed context for JOURNAL_PANE: 'Edit Txn #41'.
[NPBK][drill-through] Consumed context for JOURNAL_PANE: ''.
[NPBK][drill-through] Configured opener: org.nonprofitbookkeeping.ui.DrillThroughCoordinatorTest$$Lambda$1395/0x00007f9f54a2b458@4d4baf51
[NPBK][drill-through] Stored legacy ledger context 'Report drill-through: Balance Sheet'.
[NPBK][drill-through] Opening JOURNAL_PANE with context 'Report drill-through: Balance Sheet'.
[NPBK][drill-through] Open request dispatched for JOURNAL_PANE.
[NPBK][drill-through] Consumed legacy context: 'Report drill-through: Balance Sheet'.
[NPBK][drill-through] Consumed context for JOURNAL_PANE: 'Report drill-through: Balance Sheet'.
[NPBK][drill-through] Consumed context for JOURNAL_PANE: ''.
[NPBK][drill-through] Consumed legacy context: ''.
[NPBK][drill-through] Configured opener: org.nonprofitbookkeeping.ui.DrillThroughCoordinatorTest$$Lambda$1396/0x00007f9f54a2b690@5d29f62c
[NPBK][drill-through] Opening CHART_OF_ACCOUNTS with context 'Check duplicate account codes'.
[NPBK][drill-through] Open request dispatched for CHART_OF_ACCOUNTS.
[NPBK][drill-through] Consumed context for CHART_OF_ACCOUNTS: 'Check duplicate account codes'.
[NPBK][drill-through] Consumed context for CHART_OF_ACCOUNTS: ''.
[NPBK][drill-through] Consumed context for FUNDS: ''.
[INFO] Tests run: 3, Failures: 0, Errors: 0, Skipped: 0, Time elapsed: 0.006 s -- in org.nonprofitbookkeeping.ui.DrillThroughCoordinatorTest
[INFO] Running org.nonprofitbookkeeping.ui.TransactionEditorPanelCommandMappingTest
[INFO] Tests run: 2, Failures: 0, Errors: 0, Skipped: 0, Time elapsed: 0.003 s -- in org.nonprofitbookkeeping.ui.TransactionEditorPanelCommandMappingTest
[INFO] Running org.nonprofitbookkeeping.ui.MainWindowPhase1FollowupTest
[INFO] Tests run: 0, Failures: 0, Errors: 0, Skipped: 0, Time elapsed: 0.001 s -- in org.nonprofitbookkeeping.ui.MainWindowPhase1FollowupTest
[INFO] Running org.nonprofitbookkeeping.ui.ImportPreviewPanelTokenNormalizationTest
[INFO] Tests run: 2, Failures: 0, Errors: 0, Skipped: 0, Time elapsed: 0.003 s -- in org.nonprofitbookkeeping.ui.ImportPreviewPanelTokenNormalizationTest
[INFO] Running org.nonprofitbookkeeping.ui.ProductionDesignRulesTestFxTest
[WARNING] Tests run: 7, Failures: 0, Errors: 0, Skipped: 7, Time elapsed: 0.001 s -- in org.nonprofitbookkeeping.ui.ProductionDesignRulesTestFxTest
[INFO] Running org.nonprofitbookkeeping.ui.ProductionPanelRouteComplianceTest
[NPBK] UiServiceRegistry reconnecting to database: /tmp/junit12420105338645751298/production-panel-routes
[NPBK] Preparing database: /tmp/junit12420105338645751298/production-panel-routes
[NPBK] Flyway migration starting.
[NPBK] JDBC URL: jdbc:h2:file:/tmp/junit12420105338645751298/production-panel-routes;MODE=PostgreSQL;DATABASE_TO_LOWER=TRUE;DEFAULT_NULL_ORDERING=HIGH;INIT=CREATE SCHEMA IF NOT EXISTS PUBLIC\;SET SCHEMA PUBLIC
01:10:23.023 INFO  [main] org.flywaydb.core.FlywayExecutor - Database: jdbc:h2:file:/tmp/junit12420105338645751298/production-panel-routes (H2 2.2)
01:10:23.029 INFO  [main] o.f.c.i.s.JdbcTableSchemaHistory - Schema history table "public"."flyway_schema_history" does not exist yet
01:10:23.029 INFO  [main] o.f.core.internal.command.DbValidate - Successfully validated 26 migrations (execution time 00:00.004s)
01:10:23.029 INFO  [main] o.f.c.i.s.JdbcTableSchemaHistory - Creating Schema History table "public"."flyway_schema_history" ...
01:10:23.031 INFO  [main] o.f.core.internal.command.DbMigrate - Current version of schema "public": << Empty Schema >>
01:10:23.034 INFO  [main] o.f.core.internal.command.DbMigrate - Migrating schema "public" to version "1 - init"
01:10:23.041 INFO  [main] o.f.core.internal.command.DbMigrate - Migrating schema "public" to version "2 - schedule items"
01:10:23.044 INFO  [main] o.f.core.internal.command.DbMigrate - Migrating schema "public" to version "3 - subtype schedule defaults"
01:10:23.046 INFO  [main] o.f.core.internal.command.DbMigrate - Migrating schema "public" to version "4 - journal open item core"
01:10:23.048 INFO  [main] o.f.core.internal.command.DbMigrate - Migrating schema "public" to version "5 - open item concurrency and fks"
01:10:23.050 INFO  [main] o.f.core.internal.command.DbMigrate - Migrating schema "public" to version "6 - workflow run records"
01:10:23.051 INFO  [main] o.f.core.internal.command.DbMigrate - Migrating schema "public" to version "7 - workflow run status constraints"
01:10:23.053 INFO  [main] o.f.core.internal.command.DbMigrate - Migrating schema "public" to version "8 - approval audit records"
01:10:23.054 INFO  [main] o.f.core.internal.command.DbMigrate - Migrating schema "public" to version "45 - add budget category"
01:10:23.058 INFO  [main] o.f.core.internal.command.DbMigrate - Migrating schema "public" to version "46 - company user admin foundation"
01:10:23.062 INFO  [main] o.f.core.internal.command.DbMigrate - Migrating schema "public" to version "47 - accounting period and audit"
01:10:23.064 INFO  [main] o.f.core.internal.command.DbMigrate - Migrating schema "public" to version "48 - transaction corrections"
01:10:23.069 INFO  [main] o.f.core.internal.command.DbMigrate - Migrating schema "public" to version "49 - txn reconciliation protection"
01:10:23.071 INFO  [main] o.f.core.internal.command.DbMigrate - Migrating schema "public" to version "50 - budget plan and line"
01:10:23.075 INFO  [main] o.f.core.internal.command.DbMigrate - Migrating schema "public" to version "51 - bank import batch and statement line"
01:10:23.079 INFO  [main] o.f.core.internal.command.DbMigrate - Migrating schema "public" to version "52 - bank and configured bank account"
01:10:23.088 INFO  [main] o.f.core.internal.command.DbMigrate - Migrating schema "public" to version "53 - bank import review all rows"
01:10:23.090 INFO  [main] o.f.core.internal.command.DbMigrate - Migrating schema "public" to version "54 - txn split cleared state"
01:10:23.100 INFO  [main] o.f.core.internal.command.DbMigrate - Migrating schema "public" to version "55 - fixed assets and depreciation"
01:10:23.104 INFO  [main] o.f.core.internal.command.DbMigrate - Migrating schema "public" to version "56 - inventory items and movements"
01:10:23.107 INFO  [main] o.f.core.internal.command.DbMigrate - Migrating schema "public" to version "57 - bank reconciliation workspace"
01:10:23.110 INFO  [main] o.f.core.internal.command.DbMigrate - Migrating schema "public" to version "58 - txn supplemental lines"
01:10:23.112 INFO  [main] o.f.core.internal.command.DbMigrate - Migrating schema "public" to version "59 - company ui preferences and state"
01:10:23.113 INFO  [main] o.f.core.internal.command.DbMigrate - Migrating schema "public" to version "60 - period close ranges"
01:10:23.121 INFO  [main] o.f.core.internal.command.DbMigrate - Migrating schema "public" to version "61 - company ownership and interchange identity"
01:10:23.149 INFO  [main] o.f.core.internal.command.DbMigrate - Migrating schema "public" to version "62 - txn portable identity"
01:10:23.153 INFO  [main] o.f.core.internal.command.DbMigrate - Successfully applied 26 migrations to schema "public", now at version v62 (execution time 00:00.063s)
[NPBK] Flyway migration complete.
[NPBK] Creating JPA EntityManagerFactory for selected database.
01:10:23.246 INFO  [main] com.zaxxer.hikari.HikariDataSource - HikariPool-19 - Starting...
01:10:23.264 INFO  [main] com.zaxxer.hikari.HikariDataSource - HikariPool-19 - Start completed.
[NPBK] JPA EntityManagerFactory created for selected database.
[NPBK] Building UI service bundle.
[NPBK] UiServiceRegistry reconnected to database: /tmp/junit12420105338645751298/production-panel-routes
[NPBK] UiServiceRegistry reconnecting to database: /home/runner/.local/share/sca-ledger/sca-ledger.mv.db
[NPBK] Preparing database: /home/runner/.local/share/sca-ledger/sca-ledger.mv.db
[NPBK] Flyway migration starting.
[NPBK] JDBC URL: jdbc:h2:file:/home/runner/.local/share/sca-ledger/sca-ledger;MODE=PostgreSQL;DATABASE_TO_LOWER=TRUE;DEFAULT_NULL_ORDERING=HIGH;INIT=CREATE SCHEMA IF NOT EXISTS PUBLIC\;SET SCHEMA PUBLIC
01:10:23.456 INFO  [main] org.flywaydb.core.FlywayExecutor - Database: jdbc:h2:file:/home/runner/.local/share/sca-ledger/sca-ledger (H2 2.2)
01:10:23.459 INFO  [main] o.f.c.i.s.JdbcTableSchemaHistory - Schema history table "public"."flyway_schema_history" does not exist yet
01:10:23.460 INFO  [main] o.f.core.internal.command.DbValidate - Successfully validated 26 migrations (execution time 00:00.003s)
01:10:23.460 INFO  [main] o.f.c.i.s.JdbcTableSchemaHistory - Creating Schema History table "public"."flyway_schema_history" ...
01:10:23.461 INFO  [main] o.f.core.internal.command.DbMigrate - Current version of schema "public": << Empty Schema >>
01:10:23.463 INFO  [main] o.f.core.internal.command.DbMigrate - Migrating schema "public" to version "1 - init"
01:10:23.468 INFO  [main] o.f.core.internal.command.DbMigrate - Migrating schema "public" to version "2 - schedule items"
01:10:23.470 INFO  [main] o.f.core.internal.command.DbMigrate - Migrating schema "public" to version "3 - subtype schedule defaults"
01:10:23.471 INFO  [main] o.f.core.internal.command.DbMigrate - Migrating schema "public" to version "4 - journal open item core"
01:10:23.472 INFO  [main] o.f.core.internal.command.DbMigrate - Migrating schema "public" to version "5 - open item concurrency and fks"
01:10:23.474 INFO  [main] o.f.core.internal.command.DbMigrate - Migrating schema "public" to version "6 - workflow run records"
01:10:23.475 INFO  [main] o.f.core.internal.command.DbMigrate - Migrating schema "public" to version "7 - workflow run status constraints"
01:10:23.476 INFO  [main] o.f.core.internal.command.DbMigrate - Migrating schema "public" to version "8 - approval audit records"
01:10:23.476 INFO  [main] o.f.core.internal.command.DbMigrate - Migrating schema "public" to version "45 - add budget category"
01:10:23.479 INFO  [main] o.f.core.internal.command.DbMigrate - Migrating schema "public" to version "46 - company user admin foundation"
01:10:23.481 INFO  [main] o.f.core.internal.command.DbMigrate - Migrating schema "public" to version "47 - accounting period and audit"
01:10:23.483 INFO  [main] o.f.core.internal.command.DbMigrate - Migrating schema "public" to version "48 - transaction corrections"
01:10:23.486 INFO  [main] o.f.core.internal.command.DbMigrate - Migrating schema "public" to version "49 - txn reconciliation protection"
01:10:23.487 INFO  [main] o.f.core.internal.command.DbMigrate - Migrating schema "public" to version "50 - budget plan and line"
01:10:23.489 INFO  [main] o.f.core.internal.command.DbMigrate - Migrating schema "public" to version "51 - bank import batch and statement line"
01:10:23.492 INFO  [main] o.f.core.internal.command.DbMigrate - Migrating schema "public" to version "52 - bank and configured bank account"
01:10:23.498 INFO  [main] o.f.core.internal.command.DbMigrate - Migrating schema "public" to version "53 - bank import review all rows"
01:10:23.499 INFO  [main] o.f.core.internal.command.DbMigrate - Migrating schema "public" to version "54 - txn split cleared state"
01:10:23.502 INFO  [main] o.f.core.internal.command.DbMigrate - Migrating schema "public" to version "55 - fixed assets and depreciation"
01:10:23.504 INFO  [main] o.f.core.internal.command.DbMigrate - Migrating schema "public" to version "56 - inventory items and movements"
01:10:23.506 INFO  [main] o.f.core.internal.command.DbMigrate - Migrating schema "public" to version "57 - bank reconciliation workspace"
01:10:23.508 INFO  [main] o.f.core.internal.command.DbMigrate - Migrating schema "public" to version "58 - txn supplemental lines"
01:10:23.510 INFO  [main] o.f.core.internal.command.DbMigrate - Migrating schema "public" to version "59 - company ui preferences and state"
01:10:23.511 INFO  [main] o.f.core.internal.command.DbMigrate - Migrating schema "public" to version "60 - period close ranges"
01:10:23.515 INFO  [main] o.f.core.internal.command.DbMigrate - Migrating schema "public" to version "61 - company ownership and interchange identity"
01:10:23.530 INFO  [main] o.f.core.internal.command.DbMigrate - Migrating schema "public" to version "62 - txn portable identity"
01:10:23.532 INFO  [main] o.f.core.internal.command.DbMigrate - Successfully applied 26 migrations to schema "public", now at version v62 (execution time 00:00.033s)
[NPBK] Flyway migration complete.
[NPBK] Creating JPA EntityManagerFactory for selected database.
01:10:23.590 INFO  [main] com.zaxxer.hikari.HikariDataSource - HikariPool-20 - Starting...
01:10:23.601 INFO  [main] com.zaxxer.hikari.HikariDataSource - HikariPool-20 - Start completed.
[NPBK] JPA EntityManagerFactory created for selected database.
[NPBK] Building UI service bundle.
01:10:23.769 INFO  [main] com.zaxxer.hikari.HikariDataSource - HikariPool-19 - Shutdown initiated...
01:10:23.773 INFO  [main] com.zaxxer.hikari.HikariDataSource - HikariPool-19 - Shutdown completed.
[NPBK] UiServiceRegistry reconnected to database: /home/runner/.local/share/sca-ledger/sca-ledger.mv.db
[WARNING] Tests run: 1, Failures: 0, Errors: 0, Skipped: 1, Time elapsed: 0.772 s -- in org.nonprofitbookkeeping.ui.ProductionPanelRouteComplianceTest
[INFO] Running org.nonprofitbookkeeping.ui.JournalWorkspacePortSourceTest
[INFO] Tests run: 5, Failures: 0, Errors: 0, Skipped: 0, Time elapsed: 0.004 s -- in org.nonprofitbookkeeping.ui.JournalWorkspacePortSourceTest
[INFO] Running org.nonprofitbookkeeping.ui.DatabaseTransferPanelTest
[WARNING] Tests run: 2, Failures: 0, Errors: 0, Skipped: 2, Time elapsed: 0.007 s -- in org.nonprofitbookkeeping.ui.DatabaseTransferPanelTest
[INFO] Running org.nonprofitbookkeeping.ui.DashboardWorkspaceGeometryTest
[INFO] Tests run: 2, Failures: 0, Errors: 0, Skipped: 0, Time elapsed: 0.003 s -- in org.nonprofitbookkeeping.ui.DashboardWorkspaceGeometryTest
[INFO] Running org.nonprofitbookkeeping.ui.WorkspaceLayoutPolicyTest
[INFO] Tests run: 3, Failures: 0, Errors: 0, Skipped: 0, Time elapsed: 0.003 s -- in org.nonprofitbookkeeping.ui.WorkspaceLayoutPolicyTest
[INFO] Running org.nonprofitbookkeeping.ui.DashboardWorkspaceLayoutPolicyTest
[INFO] Tests run: 3, Failures: 0, Errors: 0, Skipped: 0, Time elapsed: 0.030 s -- in org.nonprofitbookkeeping.ui.DashboardWorkspaceLayoutPolicyTest
[INFO] Running org.nonprofitbookkeeping.ui.SchedulesEliminationSourceTest
[INFO] Tests run: 4, Failures: 0, Errors: 0, Skipped: 0, Time elapsed: 0.002 s -- in org.nonprofitbookkeeping.ui.SchedulesEliminationSourceTest
[INFO] Running org.nonprofitbookkeeping.ui.customer.workspace.CustomerWorkspaceStateTest
[INFO] Tests run: 6, Failures: 0, Errors: 0, Skipped: 0, Time elapsed: 0.005 s -- in org.nonprofitbookkeeping.ui.customer.workspace.CustomerWorkspaceStateTest
[INFO] Running org.nonprofitbookkeeping.ui.customer.workspace.CustomerPanelDefinitionTest
[INFO] Tests run: 3, Failures: 0, Errors: 0, Skipped: 0, Time elapsed: 0.002 s -- in org.nonprofitbookkeeping.ui.customer.workspace.CustomerPanelDefinitionTest
[INFO] Running org.nonprofitbookkeeping.ui.customer.workspace.CustomerPanelRegistryTest
[INFO] Tests run: 4, Failures: 0, Errors: 0, Skipped: 0, Time elapsed: 0.003 s -- in org.nonprofitbookkeeping.ui.customer.workspace.CustomerPanelRegistryTest
[INFO] Running org.nonprofitbookkeeping.ui.customer.CustomerPanelDesignServiceTest
[INFO] Tests run: 4, Failures: 0, Errors: 0, Skipped: 0, Time elapsed: 0.005 s -- in org.nonprofitbookkeeping.ui.customer.CustomerPanelDesignServiceTest
[INFO] Running org.nonprofitbookkeeping.ui.MainWindowCommandPaletteTest
[INFO] Tests run: 4, Failures: 0, Errors: 0, Skipped: 0, Time elapsed: 0.007 s -- in org.nonprofitbookkeeping.ui.MainWindowCommandPaletteTest
[INFO] Running org.nonprofitbookkeeping.ui.CoreEditorComplianceTest
[NPBK] UiServiceRegistry reconnecting to database: /tmp/junit13945173647403722523/core-editor-compliance
[NPBK] Preparing database: /tmp/junit13945173647403722523/core-editor-compliance
[NPBK] Flyway migration starting.
[NPBK] JDBC URL: jdbc:h2:file:/tmp/junit13945173647403722523/core-editor-compliance;MODE=PostgreSQL;DATABASE_TO_LOWER=TRUE;DEFAULT_NULL_ORDERING=HIGH;INIT=CREATE SCHEMA IF NOT EXISTS PUBLIC\;SET SCHEMA PUBLIC
01:10:23.875 INFO  [main] org.flywaydb.core.FlywayExecutor - Database: jdbc:h2:file:/tmp/junit13945173647403722523/core-editor-compliance (H2 2.2)
01:10:23.879 INFO  [main] o.f.c.i.s.JdbcTableSchemaHistory - Schema history table "public"."flyway_schema_history" does not exist yet
01:10:23.879 INFO  [main] o.f.core.internal.command.DbValidate - Successfully validated 26 migrations (execution time 00:00.003s)
01:10:23.879 INFO  [main] o.f.c.i.s.JdbcTableSchemaHistory - Creating Schema History table "public"."flyway_schema_history" ...
01:10:23.881 INFO  [main] o.f.core.internal.command.DbMigrate - Current version of schema "public": << Empty Schema >>
01:10:23.882 INFO  [main] o.f.core.internal.command.DbMigrate - Migrating schema "public" to version "1 - init"
01:10:23.887 INFO  [main] o.f.core.internal.command.DbMigrate - Migrating schema "public" to version "2 - schedule items"
01:10:23.888 INFO  [main] o.f.core.internal.command.DbMigrate - Migrating schema "public" to version "3 - subtype schedule defaults"
01:10:23.890 INFO  [main] o.f.core.internal.command.DbMigrate - Migrating schema "public" to version "4 - journal open item core"
01:10:23.891 INFO  [main] o.f.core.internal.command.DbMigrate - Migrating schema "public" to version "5 - open item concurrency and fks"
01:10:23.893 INFO  [main] o.f.core.internal.command.DbMigrate - Migrating schema "public" to version "6 - workflow run records"
01:10:23.894 INFO  [main] o.f.core.internal.command.DbMigrate - Migrating schema "public" to version "7 - workflow run status constraints"
01:10:23.894 INFO  [main] o.f.core.internal.command.DbMigrate - Migrating schema "public" to version "8 - approval audit records"
01:10:23.895 INFO  [main] o.f.core.internal.command.DbMigrate - Migrating schema "public" to version "45 - add budget category"
01:10:23.898 INFO  [main] o.f.core.internal.command.DbMigrate - Migrating schema "public" to version "46 - company user admin foundation"
01:10:23.900 INFO  [main] o.f.core.internal.command.DbMigrate - Migrating schema "public" to version "47 - accounting period and audit"
01:10:23.902 INFO  [main] o.f.core.internal.command.DbMigrate - Migrating schema "public" to version "48 - transaction corrections"
01:10:23.905 INFO  [main] o.f.core.internal.command.DbMigrate - Migrating schema "public" to version "49 - txn reconciliation protection"
01:10:23.906 INFO  [main] o.f.core.internal.command.DbMigrate - Migrating schema "public" to version "50 - budget plan and line"
01:10:23.909 INFO  [main] o.f.core.internal.command.DbMigrate - Migrating schema "public" to version "51 - bank import batch and statement line"
01:10:23.912 INFO  [main] o.f.core.internal.command.DbMigrate - Migrating schema "public" to version "52 - bank and configured bank account"
01:10:23.917 INFO  [main] o.f.core.internal.command.DbMigrate - Migrating schema "public" to version "53 - bank import review all rows"
01:10:23.918 INFO  [main] o.f.core.internal.command.DbMigrate - Migrating schema "public" to version "54 - txn split cleared state"
01:10:23.922 INFO  [main] o.f.core.internal.command.DbMigrate - Migrating schema "public" to version "55 - fixed assets and depreciation"
01:10:23.924 INFO  [main] o.f.core.internal.command.DbMigrate - Migrating schema "public" to version "56 - inventory items and movements"
01:10:23.926 INFO  [main] o.f.core.internal.command.DbMigrate - Migrating schema "public" to version "57 - bank reconciliation workspace"
01:10:23.928 INFO  [main] o.f.core.internal.command.DbMigrate - Migrating schema "public" to version "58 - txn supplemental lines"
01:10:23.930 INFO  [main] o.f.core.internal.command.DbMigrate - Migrating schema "public" to version "59 - company ui preferences and state"
01:10:23.931 INFO  [main] o.f.core.internal.command.DbMigrate - Migrating schema "public" to version "60 - period close ranges"
01:10:23.936 INFO  [main] o.f.core.internal.command.DbMigrate - Migrating schema "public" to version "61 - company ownership and interchange identity"
01:10:23.951 INFO  [main] o.f.core.internal.command.DbMigrate - Migrating schema "public" to version "62 - txn portable identity"
01:10:23.954 INFO  [main] o.f.core.internal.command.DbMigrate - Successfully applied 26 migrations to schema "public", now at version v62 (execution time 00:00.034s)
[NPBK] Flyway migration complete.
[NPBK] Creating JPA EntityManagerFactory for selected database.
01:10:24.016 INFO  [main] com.zaxxer.hikari.HikariDataSource - HikariPool-21 - Starting...
01:10:24.026 INFO  [main] com.zaxxer.hikari.HikariDataSource - HikariPool-21 - Start completed.
[NPBK] JPA EntityManagerFactory created for selected database.
[NPBK] Building UI service bundle.
01:10:24.180 INFO  [main] com.zaxxer.hikari.HikariDataSource - HikariPool-20 - Shutdown initiated...
01:10:24.182 INFO  [main] com.zaxxer.hikari.HikariDataSource - HikariPool-20 - Shutdown completed.
[NPBK] UiServiceRegistry reconnected to database: /tmp/junit13945173647403722523/core-editor-compliance
[NPBK] UiServiceRegistry reconnecting to database: /home/runner/.local/share/sca-ledger/sca-ledger.mv.db
[NPBK] Preparing database: /home/runner/.local/share/sca-ledger/sca-ledger.mv.db
[NPBK] Flyway migration starting.
[NPBK] JDBC URL: jdbc:h2:file:/home/runner/.local/share/sca-ledger/sca-ledger;MODE=PostgreSQL;DATABASE_TO_LOWER=TRUE;DEFAULT_NULL_ORDERING=HIGH;INIT=CREATE SCHEMA IF NOT EXISTS PUBLIC\;SET SCHEMA PUBLIC
01:10:24.217 INFO  [main] org.flywaydb.core.FlywayExecutor - Database: jdbc:h2:file:/home/runner/.local/share/sca-ledger/sca-ledger (H2 2.2)
01:10:24.221 INFO  [main] o.f.core.internal.command.DbValidate - Successfully validated 26 migrations (execution time 00:00.003s)
01:10:24.222 INFO  [main] o.f.core.internal.command.DbMigrate - Current version of schema "public": 62
01:10:24.222 INFO  [main] o.f.core.internal.command.DbMigrate - Schema "public" is up to date. No migration necessary.
[NPBK] Flyway migration complete.
[NPBK] Creating JPA EntityManagerFactory for selected database.
01:10:24.277 INFO  [main] com.zaxxer.hikari.HikariDataSource - HikariPool-22 - Starting...
01:10:24.288 INFO  [main] com.zaxxer.hikari.HikariDataSource - HikariPool-22 - Start completed.
[NPBK] JPA EntityManagerFactory created for selected database.
[NPBK] Building UI service bundle.
01:10:24.439 INFO  [main] com.zaxxer.hikari.HikariDataSource - HikariPool-21 - Shutdown initiated...
01:10:24.443 INFO  [main] com.zaxxer.hikari.HikariDataSource - HikariPool-21 - Shutdown completed.
[NPBK] UiServiceRegistry reconnected to database: /home/runner/.local/share/sca-ledger/sca-ledger.mv.db
[WARNING] Tests run: 1, Failures: 0, Errors: 0, Skipped: 1, Time elapsed: 0.592 s -- in org.nonprofitbookkeeping.ui.CoreEditorComplianceTest
[INFO] Running org.nonprofitbookkeeping.ui.AdministrationNavigationSourceTest
[INFO] Tests run: 2, Failures: 0, Errors: 0, Skipped: 0, Time elapsed: 0.002 s -- in org.nonprofitbookkeeping.ui.AdministrationNavigationSourceTest
[INFO] Running org.nonprofitbookkeeping.ui.PeriodCloseRunsPanelTest
[INFO] Tests run: 1, Failures: 0, Errors: 0, Skipped: 0, Time elapsed: 0.003 s -- in org.nonprofitbookkeeping.ui.PeriodCloseRunsPanelTest
[INFO] Running org.nonprofitbookkeeping.ui.ReportLibraryPanelExportIntegrationTest
[INFO] Tests run: 0, Failures: 0, Errors: 0, Skipped: 0, Time elapsed: 0 s -- in org.nonprofitbookkeeping.ui.ReportLibraryPanelExportIntegrationTest
[INFO] Running org.nonprofitbookkeeping.ui.FileAppStateStoreTest
[INFO] Tests run: 8, Failures: 0, Errors: 0, Skipped: 0, Time elapsed: 0.023 s -- in org.nonprofitbookkeeping.ui.FileAppStateStoreTest
[INFO] Running org.nonprofitbookkeeping.ui.FundsPanelLifecycleSourceTest
[INFO] Tests run: 1, Failures: 0, Errors: 0, Skipped: 0, Time elapsed: 0.001 s -- in org.nonprofitbookkeeping.ui.FundsPanelLifecycleSourceTest
[INFO] Running org.nonprofitbookkeeping.ui.TransactionEditorPanelJournalPreviewTest
[INFO] Tests run: 1, Failures: 0, Errors: 0, Skipped: 0, Time elapsed: 0.001 s -- in org.nonprofitbookkeeping.ui.TransactionEditorPanelJournalPreviewTest
[INFO] Running org.nonprofitbookkeeping.ui.ProductionWorkspaceJavaFxBehaviorTest
[WARNING] Tests run: 5, Failures: 0, Errors: 0, Skipped: 4, Time elapsed: 0.012 s -- in org.nonprofitbookkeeping.ui.ProductionWorkspaceJavaFxBehaviorTest
[INFO] Running org.nonprofitbookkeeping.ui.ImportExportJobsEliminationSourceTest
[INFO] Tests run: 1, Failures: 0, Errors: 0, Skipped: 0, Time elapsed: 0.002 s -- in org.nonprofitbookkeeping.ui.ImportExportJobsEliminationSourceTest
[INFO] Running org.nonprofitbookkeeping.ui.ApprovalAuditPanelFilterTest
[INFO] Tests run: 2, Failures: 0, Errors: 0, Skipped: 0, Time elapsed: 0.005 s -- in org.nonprofitbookkeeping.ui.ApprovalAuditPanelFilterTest
[INFO] Running org.nonprofitbookkeeping.ui.ReportLibraryPanelTest
[INFO] Tests run: 4, Failures: 0, Errors: 0, Skipped: 0, Time elapsed: 0.006 s -- in org.nonprofitbookkeeping.ui.ReportLibraryPanelTest
[INFO] Running org.nonprofitbookkeeping.ui.FinancialViewComplianceSourceTest
[INFO] Tests run: 3, Failures: 0, Errors: 0, Skipped: 0, Time elapsed: 0.004 s -- in org.nonprofitbookkeeping.ui.FinancialViewComplianceSourceTest
[INFO] Running org.nonprofitbookkeeping.ui.InventoryPanelSourceTest
[INFO] Tests run: 1, Failures: 0, Errors: 0, Skipped: 0, Time elapsed: 0.001 s -- in org.nonprofitbookkeeping.ui.InventoryPanelSourceTest
[INFO] Running org.nonprofitbookkeeping.ui.MainWindowWizardAndLayoutTest
[INFO] Tests run: 0, Failures: 0, Errors: 0, Skipped: 0, Time elapsed: 0.001 s -- in org.nonprofitbookkeeping.ui.MainWindowWizardAndLayoutTest
[INFO] Running org.nonprofitbookkeeping.ui.HelpComplianceSourceTest
[INFO] Tests run: 2, Failures: 0, Errors: 0, Skipped: 0, Time elapsed: 0.005 s -- in org.nonprofitbookkeeping.ui.HelpComplianceSourceTest
[INFO] Running org.nonprofitbookkeeping.ui.AppPanelConsistencyTest
[INFO] Tests run: 0, Failures: 0, Errors: 0, Skipped: 0, Time elapsed: 0.001 s -- in org.nonprofitbookkeeping.ui.AppPanelConsistencyTest
[INFO] Running org.nonprofitbookkeeping.ui.DatabaseSessionControllerTest
[INFO] Tests run: 4, Failures: 0, Errors: 0, Skipped: 0, Time elapsed: 0.005 s -- in org.nonprofitbookkeeping.ui.DatabaseSessionControllerTest
[INFO] Running org.nonprofitbookkeeping.ui.LedgerRegisterPanelTest
[INFO] Tests run: 0, Failures: 0, Errors: 0, Skipped: 0, Time elapsed: 0.001 s -- in org.nonprofitbookkeeping.ui.LedgerRegisterPanelTest
[INFO] Running org.nonprofitbookkeeping.ui.MainWindowStateWiringTest
[INFO] Tests run: 0, Failures: 0, Errors: 0, Skipped: 0, Time elapsed: 0 s -- in org.nonprofitbookkeeping.ui.MainWindowStateWiringTest
[INFO] Running org.nonprofitbookkeeping.ui.CompanyUiFormatTest
[INFO] Tests run: 3, Failures: 0, Errors: 0, Skipped: 0, Time elapsed: 0.010 s -- in org.nonprofitbookkeeping.ui.CompanyUiFormatTest
[INFO] Running org.nonprofitbookkeeping.ui.BankingPanelSourceTest
[INFO] Tests run: 1, Failures: 0, Errors: 0, Skipped: 0, Time elapsed: 0.001 s -- in org.nonprofitbookkeeping.ui.BankingPanelSourceTest
[INFO] Running org.nonprofitbookkeeping.ui.UiDataSourcesNormalizationTest
[INFO] Tests run: 2, Failures: 0, Errors: 0, Skipped: 0, Time elapsed: 0.001 s -- in org.nonprofitbookkeeping.ui.UiDataSourcesNormalizationTest
[INFO] Running org.nonprofitbookkeeping.ui.DatabaseTransferMenuInstallerTest
[WARNING] Tests run: 1, Failures: 0, Errors: 0, Skipped: 1, Time elapsed: 0.002 s -- in org.nonprofitbookkeeping.ui.DatabaseTransferMenuInstallerTest
[INFO] Running org.nonprofitbookkeeping.ui.ProductionWorkspaceCommandRoutingTest
[INFO] Tests run: 0, Failures: 0, Errors: 0, Skipped: 0, Time elapsed: 0.001 s -- in org.nonprofitbookkeeping.ui.ProductionWorkspaceCommandRoutingTest
[INFO] Running org.nonprofitbookkeeping.ui.DiagnosticsPanelTest
[INFO] Tests run: 1, Failures: 0, Errors: 0, Skipped: 0, Time elapsed: 0.002 s -- in org.nonprofitbookkeeping.ui.DiagnosticsPanelTest
[INFO] Running org.nonprofitbookkeeping.ui.WorkspaceWindowSizingPolicyTest
[INFO] Tests run: 4, Failures: 0, Errors: 0, Skipped: 0, Time elapsed: 0.003 s -- in org.nonprofitbookkeeping.ui.WorkspaceWindowSizingPolicyTest
[INFO] Running org.nonprofitbookkeeping.ui.UiDebugTest
[INFO] Tests run: 4, Failures: 0, Errors: 0, Skipped: 0, Time elapsed: 0.003 s -- in org.nonprofitbookkeeping.ui.UiDebugTest
[INFO] Running org.nonprofitbookkeeping.ui.WorkspaceCompositionTest
[WARNING] Tests run: 3, Failures: 0, Errors: 0, Skipped: 1, Time elapsed: 0.029 s -- in org.nonprofitbookkeeping.ui.WorkspaceCompositionTest
[INFO] Running org.nonprofitbookkeeping.ui.TransactionEditorPanelSavedLedgerContextTest
[INFO] Tests run: 1, Failures: 0, Errors: 0, Skipped: 0, Time elapsed: 0.001 s -- in org.nonprofitbookkeeping.ui.TransactionEditorPanelSavedLedgerContextTest
[INFO] Running org.nonprofitbookkeeping.ui.UiWorkspaceDataStoreTest
[INFO] Tests run: 2, Failures: 0, Errors: 0, Skipped: 0, Time elapsed: 0.002 s -- in org.nonprofitbookkeeping.ui.UiWorkspaceDataStoreTest
[INFO] Running org.nonprofitbookkeeping.ui.ReconciliationRunsPanelSourceTest
[INFO] Tests run: 2, Failures: 0, Errors: 0, Skipped: 0, Time elapsed: 0.004 s -- in org.nonprofitbookkeeping.ui.ReconciliationRunsPanelSourceTest
[INFO] Running org.nonprofitbookkeeping.ui.BudgetEditorPanelTest
[INFO] Tests run: 2, Failures: 0, Errors: 0, Skipped: 0, Time elapsed: 0.001 s -- in org.nonprofitbookkeeping.ui.BudgetEditorPanelTest
[INFO] Running org.nonprofitbookkeeping.ui.CompanyTableStateBinderTest
[WARNING] Tests run: 2, Failures: 0, Errors: 0, Skipped: 2, Time elapsed: 0.004 s -- in org.nonprofitbookkeeping.ui.CompanyTableStateBinderTest
[INFO] Running org.nonprofitbookkeeping.ui.SettingsPanelDatabaseSelectionTest
[INFO] Tests run: 0, Failures: 0, Errors: 0, Skipped: 0, Time elapsed: 0 s -- in org.nonprofitbookkeeping.ui.SettingsPanelDatabaseSelectionTest
[INFO] Running org.nonprofitbookkeeping.workflow.state.OpenItemStatePoliciesTest
[INFO] Tests run: 3, Failures: 0, Errors: 0, Skipped: 0, Time elapsed: 0.004 s -- in org.nonprofitbookkeeping.workflow.state.OpenItemStatePoliciesTest
[INFO] Running org.nonprofitbookkeeping.build.JavaFxRuntimeConfigurationTest
[INFO] Tests run: 1, Failures: 0, Errors: 0, Skipped: 0, Time elapsed: 0.010 s -- in org.nonprofitbookkeeping.build.JavaFxRuntimeConfigurationTest
[INFO] Running org.nonprofitbookkeeping.model.AppStateContractsTest
[INFO] Tests run: 3, Failures: 0, Errors: 0, Skipped: 0, Time elapsed: 0.007 s -- in org.nonprofitbookkeeping.model.AppStateContractsTest
[INFO] Running org.nonprofitbookkeeping.model.TxnPortableIdentityTest
[INFO] Tests run: 1, Failures: 0, Errors: 0, Skipped: 0, Time elapsed: 0.001 s -- in org.nonprofitbookkeeping.model.TxnPortableIdentityTest
[INFO] Running org.nonprofitbookkeeping.architecture.CustomerUiPanelCatalogTest
[INFO] Tests run: 4, Failures: 0, Errors: 0, Skipped: 0, Time elapsed: 0.010 s -- in org.nonprofitbookkeeping.architecture.CustomerUiPanelCatalogTest
[INFO] Running org.nonprofitbookkeeping.service.BankImportReviewServiceTest
[NPBK] Preparing database: /tmp/junit8341628888905198506/bank-import-review
[NPBK] Flyway migration starting.
[NPBK] JDBC URL: jdbc:h2:file:/tmp/junit8341628888905198506/bank-import-review;MODE=PostgreSQL;DATABASE_TO_LOWER=TRUE;DEFAULT_NULL_ORDERING=HIGH;INIT=CREATE SCHEMA IF NOT EXISTS PUBLIC\;SET SCHEMA PUBLIC
01:10:24.677 INFO  [main] org.flywaydb.core.FlywayExecutor - Database: jdbc:h2:file:/tmp/junit8341628888905198506/bank-import-review (H2 2.2)
01:10:24.682 INFO  [main] o.f.c.i.s.JdbcTableSchemaHistory - Schema history table "public"."flyway_schema_history" does not exist yet
01:10:24.682 INFO  [main] o.f.core.internal.command.DbValidate - Successfully validated 26 migrations (execution time 00:00.004s)
01:10:24.683 INFO  [main] o.f.c.i.s.JdbcTableSchemaHistory - Creating Schema History table "public"."flyway_schema_history" ...
01:10:24.685 INFO  [main] o.f.core.internal.command.DbMigrate - Current version of schema "public": << Empty Schema >>
01:10:24.687 INFO  [main] o.f.core.internal.command.DbMigrate - Migrating schema "public" to version "1 - init"
01:10:24.695 INFO  [main] o.f.core.internal.command.DbMigrate - Migrating schema "public" to version "2 - schedule items"
01:10:24.697 INFO  [main] o.f.core.internal.command.DbMigrate - Migrating schema "public" to version "3 - subtype schedule defaults"
01:10:24.699 INFO  [main] o.f.core.internal.command.DbMigrate - Migrating schema "public" to version "4 - journal open item core"
01:10:24.701 INFO  [main] o.f.core.internal.command.DbMigrate - Migrating schema "public" to version "5 - open item concurrency and fks"
01:10:24.703 INFO  [main] o.f.core.internal.command.DbMigrate - Migrating schema "public" to version "6 - workflow run records"
01:10:24.704 INFO  [main] o.f.core.internal.command.DbMigrate - Migrating schema "public" to version "7 - workflow run status constraints"
01:10:24.705 INFO  [main] o.f.core.internal.command.DbMigrate - Migrating schema "public" to version "8 - approval audit records"
01:10:24.706 INFO  [main] o.f.core.internal.command.DbMigrate - Migrating schema "public" to version "45 - add budget category"
01:10:24.711 INFO  [main] o.f.core.internal.command.DbMigrate - Migrating schema "public" to version "46 - company user admin foundation"
01:10:24.715 INFO  [main] o.f.core.internal.command.DbMigrate - Migrating schema "public" to version "47 - accounting period and audit"
01:10:24.717 INFO  [main] o.f.core.internal.command.DbMigrate - Migrating schema "public" to version "48 - transaction corrections"
01:10:24.721 INFO  [main] o.f.core.internal.command.DbMigrate - Migrating schema "public" to version "49 - txn reconciliation protection"
01:10:24.723 INFO  [main] o.f.core.internal.command.DbMigrate - Migrating schema "public" to version "50 - budget plan and line"
01:10:24.733 INFO  [main] o.f.core.internal.command.DbMigrate - Migrating schema "public" to version "51 - bank import batch and statement line"
01:10:24.738 INFO  [main] o.f.core.internal.command.DbMigrate - Migrating schema "public" to version "52 - bank and configured bank account"
01:10:24.746 INFO  [main] o.f.core.internal.command.DbMigrate - Migrating schema "public" to version "53 - bank import review all rows"
01:10:24.748 INFO  [main] o.f.core.internal.command.DbMigrate - Migrating schema "public" to version "54 - txn split cleared state"
01:10:24.753 INFO  [main] o.f.core.internal.command.DbMigrate - Migrating schema "public" to version "55 - fixed assets and depreciation"
01:10:24.757 INFO  [main] o.f.core.internal.command.DbMigrate - Migrating schema "public" to version "56 - inventory items and movements"
01:10:24.759 INFO  [main] o.f.core.internal.command.DbMigrate - Migrating schema "public" to version "57 - bank reconciliation workspace"
01:10:24.762 INFO  [main] o.f.core.internal.command.DbMigrate - Migrating schema "public" to version "58 - txn supplemental lines"
01:10:24.763 INFO  [main] o.f.core.internal.command.DbMigrate - Migrating schema "public" to version "59 - company ui preferences and state"
01:10:24.765 INFO  [main] o.f.core.internal.command.DbMigrate - Migrating schema "public" to version "60 - period close ranges"
01:10:24.772 INFO  [main] o.f.core.internal.command.DbMigrate - Migrating schema "public" to version "61 - company ownership and interchange identity"
01:10:24.791 INFO  [main] o.f.core.internal.command.DbMigrate - Migrating schema "public" to version "62 - txn portable identity"
01:10:24.794 INFO  [main] o.f.core.internal.command.DbMigrate - Successfully applied 26 migrations to schema "public", now at version v62 (execution time 00:00.054s)
[NPBK] Flyway migration complete.
[NPBK] Creating JPA EntityManagerFactory for selected database.
01:10:24.874 INFO  [main] com.zaxxer.hikari.HikariDataSource - HikariPool-23 - Starting...
01:10:24.889 INFO  [main] com.zaxxer.hikari.HikariDataSource - HikariPool-23 - Start completed.
[NPBK] JPA EntityManagerFactory created for selected database.
01:10:25.120 INFO  [main] com.zaxxer.hikari.HikariDataSource - HikariPool-23 - Shutdown initiated...
01:10:25.131 INFO  [main] com.zaxxer.hikari.HikariDataSource - HikariPool-23 - Shutdown completed.
[NPBK] Preparing database: /tmp/junit6539143547294907310/bank-import-review-duplicates
[NPBK] Flyway migration starting.
[NPBK] JDBC URL: jdbc:h2:file:/tmp/junit6539143547294907310/bank-import-review-duplicates;MODE=PostgreSQL;DATABASE_TO_LOWER=TRUE;DEFAULT_NULL_ORDERING=HIGH;INIT=CREATE SCHEMA IF NOT EXISTS PUBLIC\;SET SCHEMA PUBLIC
01:10:25.149 INFO  [main] org.flywaydb.core.FlywayExecutor - Database: jdbc:h2:file:/tmp/junit6539143547294907310/bank-import-review-duplicates (H2 2.2)
01:10:25.154 INFO  [main] o.f.c.i.s.JdbcTableSchemaHistory - Schema history table "public"."flyway_schema_history" does not exist yet
01:10:25.154 INFO  [main] o.f.core.internal.command.DbValidate - Successfully validated 26 migrations (execution time 00:00.004s)
01:10:25.154 INFO  [main] o.f.c.i.s.JdbcTableSchemaHistory - Creating Schema History table "public"."flyway_schema_history" ...
01:10:25.156 INFO  [main] o.f.core.internal.command.DbMigrate - Current version of schema "public": << Empty Schema >>
01:10:25.158 INFO  [main] o.f.core.internal.command.DbMigrate - Migrating schema "public" to version "1 - init"
01:10:25.167 INFO  [main] o.f.core.internal.command.DbMigrate - Migrating schema "public" to version "2 - schedule items"
01:10:25.170 INFO  [main] o.f.core.internal.command.DbMigrate - Migrating schema "public" to version "3 - subtype schedule defaults"
01:10:25.172 INFO  [main] o.f.core.internal.command.DbMigrate - Migrating schema "public" to version "4 - journal open item core"
01:10:25.174 INFO  [main] o.f.core.internal.command.DbMigrate - Migrating schema "public" to version "5 - open item concurrency and fks"
01:10:25.176 INFO  [main] o.f.core.internal.command.DbMigrate - Migrating schema "public" to version "6 - workflow run records"
01:10:25.178 INFO  [main] o.f.core.internal.command.DbMigrate - Migrating schema "public" to version "7 - workflow run status constraints"
01:10:25.179 INFO  [main] o.f.core.internal.command.DbMigrate - Migrating schema "public" to version "8 - approval audit records"
01:10:25.180 INFO  [main] o.f.core.internal.command.DbMigrate - Migrating schema "public" to version "45 - add budget category"
01:10:25.184 INFO  [main] o.f.core.internal.command.DbMigrate - Migrating schema "public" to version "46 - company user admin foundation"
01:10:25.187 INFO  [main] o.f.core.internal.command.DbMigrate - Migrating schema "public" to version "47 - accounting period and audit"
01:10:25.190 INFO  [main] o.f.core.internal.command.DbMigrate - Migrating schema "public" to version "48 - transaction corrections"
01:10:25.194 INFO  [main] o.f.core.internal.command.DbMigrate - Migrating schema "public" to version "49 - txn reconciliation protection"
01:10:25.196 INFO  [main] o.f.core.internal.command.DbMigrate - Migrating schema "public" to version "50 - budget plan and line"
01:10:25.200 INFO  [main] o.f.core.internal.command.DbMigrate - Migrating schema "public" to version "51 - bank import batch and statement line"
01:10:25.204 INFO  [main] o.f.core.internal.command.DbMigrate - Migrating schema "public" to version "52 - bank and configured bank account"
01:10:25.213 INFO  [main] o.f.core.internal.command.DbMigrate - Migrating schema "public" to version "53 - bank import review all rows"
01:10:25.214 INFO  [main] o.f.core.internal.command.DbMigrate - Migrating schema "public" to version "54 - txn split cleared state"
01:10:25.220 INFO  [main] o.f.core.internal.command.DbMigrate - Migrating schema "public" to version "55 - fixed assets and depreciation"
01:10:25.224 INFO  [main] o.f.core.internal.command.DbMigrate - Migrating schema "public" to version "56 - inventory items and movements"
01:10:25.227 INFO  [main] o.f.core.internal.command.DbMigrate - Migrating schema "public" to version "57 - bank reconciliation workspace"
01:10:25.230 INFO  [main] o.f.core.internal.command.DbMigrate - Migrating schema "public" to version "58 - txn supplemental lines"
01:10:25.232 INFO  [main] o.f.core.internal.command.DbMigrate - Migrating schema "public" to version "59 - company ui preferences and state"
01:10:25.233 INFO  [main] o.f.core.internal.command.DbMigrate - Migrating schema "public" to version "60 - period close ranges"
01:10:25.240 INFO  [main] o.f.core.internal.command.DbMigrate - Migrating schema "public" to version "61 - company ownership and interchange identity"
01:10:25.259 INFO  [main] o.f.core.internal.command.DbMigrate - Migrating schema "public" to version "62 - txn portable identity"
01:10:25.262 INFO  [main] o.f.core.internal.command.DbMigrate - Successfully applied 26 migrations to schema "public", now at version v62 (execution time 00:00.053s)
[NPBK] Flyway migration complete.
[NPBK] Creating JPA EntityManagerFactory for selected database.
01:10:25.341 INFO  [main] com.zaxxer.hikari.HikariDataSource - HikariPool-24 - Starting...
01:10:25.365 INFO  [main] com.zaxxer.hikari.HikariDataSource - HikariPool-24 - Start completed.
[NPBK] JPA EntityManagerFactory created for selected database.
01:10:25.569 INFO  [main] com.zaxxer.hikari.HikariDataSource - HikariPool-24 - Shutdown initiated...
01:10:25.575 INFO  [main] com.zaxxer.hikari.HikariDataSource - HikariPool-24 - Shutdown completed.
[INFO] Tests run: 2, Failures: 0, Errors: 0, Skipped: 0, Time elapsed: 0.921 s -- in org.nonprofitbookkeeping.service.BankImportReviewServiceTest
[INFO] Running org.nonprofitbookkeeping.service.CompanyAdminServiceTest
[NPBK] Preparing database: /tmp/junit8427543991736351403/company-validation
[NPBK] Flyway migration starting.
[NPBK] JDBC URL: jdbc:h2:file:/tmp/junit8427543991736351403/company-validation;MODE=PostgreSQL;DATABASE_TO_LOWER=TRUE;DEFAULT_NULL_ORDERING=HIGH;INIT=CREATE SCHEMA IF NOT EXISTS PUBLIC\;SET SCHEMA PUBLIC
01:10:25.597 INFO  [main] org.flywaydb.core.FlywayExecutor - Database: jdbc:h2:file:/tmp/junit8427543991736351403/company-validation (H2 2.2)
01:10:25.609 INFO  [main] o.f.c.i.s.JdbcTableSchemaHistory - Schema history table "public"."flyway_schema_history" does not exist yet
01:10:25.609 INFO  [main] o.f.core.internal.command.DbValidate - Successfully validated 26 migrations (execution time 00:00.006s)
01:10:25.609 INFO  [main] o.f.c.i.s.JdbcTableSchemaHistory - Creating Schema History table "public"."flyway_schema_history" ...
01:10:25.611 INFO  [main] o.f.core.internal.command.DbMigrate - Current version of schema "public": << Empty Schema >>
01:10:25.613 INFO  [main] o.f.core.internal.command.DbMigrate - Migrating schema "public" to version "1 - init"
01:10:25.618 INFO  [main] o.f.core.internal.command.DbMigrate - Migrating schema "public" to version "2 - schedule items"
01:10:25.620 INFO  [main] o.f.core.internal.command.DbMigrate - Migrating schema "public" to version "3 - subtype schedule defaults"
01:10:25.622 INFO  [main] o.f.core.internal.command.DbMigrate - Migrating schema "public" to version "4 - journal open item core"
01:10:25.623 INFO  [main] o.f.core.internal.command.DbMigrate - Migrating schema "public" to version "5 - open item concurrency and fks"
01:10:25.625 INFO  [main] o.f.core.internal.command.DbMigrate - Migrating schema "public" to version "6 - workflow run records"
01:10:25.626 INFO  [main] o.f.core.internal.command.DbMigrate - Migrating schema "public" to version "7 - workflow run status constraints"
01:10:25.627 INFO  [main] o.f.core.internal.command.DbMigrate - Migrating schema "public" to version "8 - approval audit records"
01:10:25.628 INFO  [main] o.f.core.internal.command.DbMigrate - Migrating schema "public" to version "45 - add budget category"
01:10:25.632 INFO  [main] o.f.core.internal.command.DbMigrate - Migrating schema "public" to version "46 - company user admin foundation"
01:10:25.635 INFO  [main] o.f.core.internal.command.DbMigrate - Migrating schema "public" to version "47 - accounting period and audit"
01:10:25.637 INFO  [main] o.f.core.internal.command.DbMigrate - Migrating schema "public" to version "48 - transaction corrections"
01:10:25.641 INFO  [main] o.f.core.internal.command.DbMigrate - Migrating schema "public" to version "49 - txn reconciliation protection"
01:10:25.642 INFO  [main] o.f.core.internal.command.DbMigrate - Migrating schema "public" to version "50 - budget plan and line"
01:10:25.648 INFO  [main] o.f.core.internal.command.DbMigrate - Migrating schema "public" to version "51 - bank import batch and statement line"
01:10:25.653 INFO  [main] o.f.core.internal.command.DbMigrate - Migrating schema "public" to version "52 - bank and configured bank account"
01:10:25.660 INFO  [main] o.f.core.internal.command.DbMigrate - Migrating schema "public" to version "53 - bank import review all rows"
01:10:25.661 INFO  [main] o.f.core.internal.command.DbMigrate - Migrating schema "public" to version "54 - txn split cleared state"
01:10:25.666 INFO  [main] o.f.core.internal.command.DbMigrate - Migrating schema "public" to version "55 - fixed assets and depreciation"
01:10:25.670 INFO  [main] o.f.core.internal.command.DbMigrate - Migrating schema "public" to version "56 - inventory items and movements"
01:10:25.672 INFO  [main] o.f.core.internal.command.DbMigrate - Migrating schema "public" to version "57 - bank reconciliation workspace"
01:10:25.675 INFO  [main] o.f.core.internal.command.DbMigrate - Migrating schema "public" to version "58 - txn supplemental lines"
01:10:25.677 INFO  [main] o.f.core.internal.command.DbMigrate - Migrating schema "public" to version "59 - company ui preferences and state"
01:10:25.679 INFO  [main] o.f.core.internal.command.DbMigrate - Migrating schema "public" to version "60 - period close ranges"
01:10:25.686 INFO  [main] o.f.core.internal.command.DbMigrate - Migrating schema "public" to version "61 - company ownership and interchange identity"
01:10:25.704 INFO  [main] o.f.core.internal.command.DbMigrate - Migrating schema "public" to version "62 - txn portable identity"
01:10:25.707 INFO  [main] o.f.core.internal.command.DbMigrate - Successfully applied 26 migrations to schema "public", now at version v62 (execution time 00:00.048s)
[NPBK] Flyway migration complete.
[NPBK] Creating JPA EntityManagerFactory for selected database.
01:10:25.788 INFO  [main] com.zaxxer.hikari.HikariDataSource - HikariPool-25 - Starting...
01:10:25.802 INFO  [main] com.zaxxer.hikari.HikariDataSource - HikariPool-25 - Start completed.
[NPBK] JPA EntityManagerFactory created for selected database.
01:10:26.023 INFO  [main] com.zaxxer.hikari.HikariDataSource - HikariPool-25 - Shutdown initiated...
01:10:26.028 INFO  [main] com.zaxxer.hikari.HikariDataSource - HikariPool-25 - Shutdown completed.
[NPBK] Preparing database: /tmp/junit5335246796229513992/company-active-rules
[NPBK] Flyway migration starting.
[NPBK] JDBC URL: jdbc:h2:file:/tmp/junit5335246796229513992/company-active-rules;MODE=PostgreSQL;DATABASE_TO_LOWER=TRUE;DEFAULT_NULL_ORDERING=HIGH;INIT=CREATE SCHEMA IF NOT EXISTS PUBLIC\;SET SCHEMA PUBLIC
01:10:26.042 INFO  [main] org.flywaydb.core.FlywayExecutor - Database: jdbc:h2:file:/tmp/junit5335246796229513992/company-active-rules (H2 2.2)
01:10:26.047 INFO  [main] o.f.c.i.s.JdbcTableSchemaHistory - Schema history table "public"."flyway_schema_history" does not exist yet
01:10:26.047 INFO  [main] o.f.core.internal.command.DbValidate - Successfully validated 26 migrations (execution time 00:00.004s)
01:10:26.048 INFO  [main] o.f.c.i.s.JdbcTableSchemaHistory - Creating Schema History table "public"."flyway_schema_history" ...
01:10:26.049 INFO  [main] o.f.core.internal.command.DbMigrate - Current version of schema "public": << Empty Schema >>
01:10:26.052 INFO  [main] o.f.core.internal.command.DbMigrate - Migrating schema "public" to version "1 - init"
01:10:26.058 INFO  [main] o.f.core.internal.command.DbMigrate - Migrating schema "public" to version "2 - schedule items"
01:10:26.060 INFO  [main] o.f.core.internal.command.DbMigrate - Migrating schema "public" to version "3 - subtype schedule defaults"
01:10:26.062 INFO  [main] o.f.core.internal.command.DbMigrate - Migrating schema "public" to version "4 - journal open item core"
01:10:26.063 INFO  [main] o.f.core.internal.command.DbMigrate - Migrating schema "public" to version "5 - open item concurrency and fks"
01:10:26.065 INFO  [main] o.f.core.internal.command.DbMigrate - Migrating schema "public" to version "6 - workflow run records"
01:10:26.067 INFO  [main] o.f.core.internal.command.DbMigrate - Migrating schema "public" to version "7 - workflow run status constraints"
01:10:26.068 INFO  [main] o.f.core.internal.command.DbMigrate - Migrating schema "public" to version "8 - approval audit records"
01:10:26.069 INFO  [main] o.f.core.internal.command.DbMigrate - Migrating schema "public" to version "45 - add budget category"
01:10:26.073 INFO  [main] o.f.core.internal.command.DbMigrate - Migrating schema "public" to version "46 - company user admin foundation"
01:10:26.076 INFO  [main] o.f.core.internal.command.DbMigrate - Migrating schema "public" to version "47 - accounting period and audit"
01:10:26.078 INFO  [main] o.f.core.internal.command.DbMigrate - Migrating schema "public" to version "48 - transaction corrections"
01:10:26.083 INFO  [main] o.f.core.internal.command.DbMigrate - Migrating schema "public" to version "49 - txn reconciliation protection"
01:10:26.085 INFO  [main] o.f.core.internal.command.DbMigrate - Migrating schema "public" to version "50 - budget plan and line"
01:10:26.088 INFO  [main] o.f.core.internal.command.DbMigrate - Migrating schema "public" to version "51 - bank import batch and statement line"
01:10:26.092 INFO  [main] o.f.core.internal.command.DbMigrate - Migrating schema "public" to version "52 - bank and configured bank account"
01:10:26.100 INFO  [main] o.f.core.internal.command.DbMigrate - Migrating schema "public" to version "53 - bank import review all rows"
01:10:26.101 INFO  [main] o.f.core.internal.command.DbMigrate - Migrating schema "public" to version "54 - txn split cleared state"
01:10:26.107 INFO  [main] o.f.core.internal.command.DbMigrate - Migrating schema "public" to version "55 - fixed assets and depreciation"
01:10:26.110 INFO  [main] o.f.core.internal.command.DbMigrate - Migrating schema "public" to version "56 - inventory items and movements"
01:10:26.113 INFO  [main] o.f.core.internal.command.DbMigrate - Migrating schema "public" to version "57 - bank reconciliation workspace"
01:10:26.116 INFO  [main] o.f.core.internal.command.DbMigrate - Migrating schema "public" to version "58 - txn supplemental lines"
01:10:26.118 INFO  [main] o.f.core.internal.command.DbMigrate - Migrating schema "public" to version "59 - company ui preferences and state"
01:10:26.119 INFO  [main] o.f.core.internal.command.DbMigrate - Migrating schema "public" to version "60 - period close ranges"
01:10:26.126 INFO  [main] o.f.core.internal.command.DbMigrate - Migrating schema "public" to version "61 - company ownership and interchange identity"
01:10:26.143 INFO  [main] o.f.core.internal.command.DbMigrate - Migrating schema "public" to version "62 - txn portable identity"
01:10:26.146 INFO  [main] o.f.core.internal.command.DbMigrate - Successfully applied 26 migrations to schema "public", now at version v62 (execution time 00:00.046s)
[NPBK] Flyway migration complete.
[NPBK] Creating JPA EntityManagerFactory for selected database.
01:10:26.224 INFO  [main] com.zaxxer.hikari.HikariDataSource - HikariPool-26 - Starting...
01:10:26.239 INFO  [main] com.zaxxer.hikari.HikariDataSource - HikariPool-26 - Start completed.
[NPBK] JPA EntityManagerFactory created for selected database.
01:10:26.480 INFO  [main] com.zaxxer.hikari.HikariDataSource - HikariPool-26 - Shutdown initiated...
01:10:26.484 INFO  [main] com.zaxxer.hikari.HikariDataSource - HikariPool-26 - Shutdown completed.
[NPBK] Preparing database: /tmp/junit10620759177521879895/company-lifecycle
[NPBK] Flyway migration starting.
[NPBK] JDBC URL: jdbc:h2:file:/tmp/junit10620759177521879895/company-lifecycle;MODE=PostgreSQL;DATABASE_TO_LOWER=TRUE;DEFAULT_NULL_ORDERING=HIGH;INIT=CREATE SCHEMA IF NOT EXISTS PUBLIC\;SET SCHEMA PUBLIC
01:10:26.502 INFO  [main] org.flywaydb.core.FlywayExecutor - Database: jdbc:h2:file:/tmp/junit10620759177521879895/company-lifecycle (H2 2.2)
01:10:26.506 INFO  [main] o.f.c.i.s.JdbcTableSchemaHistory - Schema history table "public"."flyway_schema_history" does not exist yet
01:10:26.506 INFO  [main] o.f.core.internal.command.DbValidate - Successfully validated 26 migrations (execution time 00:00.003s)
01:10:26.506 INFO  [main] o.f.c.i.s.JdbcTableSchemaHistory - Creating Schema History table "public"."flyway_schema_history" ...
01:10:26.507 INFO  [main] o.f.core.internal.command.DbMigrate - Current version of schema "public": << Empty Schema >>
01:10:26.509 INFO  [main] o.f.core.internal.command.DbMigrate - Migrating schema "public" to version "1 - init"
01:10:26.514 INFO  [main] o.f.core.internal.command.DbMigrate - Migrating schema "public" to version "2 - schedule items"
01:10:26.516 INFO  [main] o.f.core.internal.command.DbMigrate - Migrating schema "public" to version "3 - subtype schedule defaults"
01:10:26.518 INFO  [main] o.f.core.internal.command.DbMigrate - Migrating schema "public" to version "4 - journal open item core"
01:10:26.520 INFO  [main] o.f.core.internal.command.DbMigrate - Migrating schema "public" to version "5 - open item concurrency and fks"
01:10:26.522 INFO  [main] o.f.core.internal.command.DbMigrate - Migrating schema "public" to version "6 - workflow run records"
01:10:26.523 INFO  [main] o.f.core.internal.command.DbMigrate - Migrating schema "public" to version "7 - workflow run status constraints"
01:10:26.524 INFO  [main] o.f.core.internal.command.DbMigrate - Migrating schema "public" to version "8 - approval audit records"
01:10:26.525 INFO  [main] o.f.core.internal.command.DbMigrate - Migrating schema "public" to version "45 - add budget category"
01:10:26.527 INFO  [main] o.f.core.internal.command.DbMigrate - Migrating schema "public" to version "46 - company user admin foundation"
01:10:26.530 INFO  [main] o.f.core.internal.command.DbMigrate - Migrating schema "public" to version "47 - accounting period and audit"
01:10:26.532 INFO  [main] o.f.core.internal.command.DbMigrate - Migrating schema "public" to version "48 - transaction corrections"
01:10:26.535 INFO  [main] o.f.core.internal.command.DbMigrate - Migrating schema "public" to version "49 - txn reconciliation protection"
01:10:26.536 INFO  [main] o.f.core.internal.command.DbMigrate - Migrating schema "public" to version "50 - budget plan and line"
01:10:26.538 INFO  [main] o.f.core.internal.command.DbMigrate - Migrating schema "public" to version "51 - bank import batch and statement line"
01:10:26.540 INFO  [main] o.f.core.internal.command.DbMigrate - Migrating schema "public" to version "52 - bank and configured bank account"
01:10:26.546 INFO  [main] o.f.core.internal.command.DbMigrate - Migrating schema "public" to version "53 - bank import review all rows"
01:10:26.547 INFO  [main] o.f.core.internal.command.DbMigrate - Migrating schema "public" to version "54 - txn split cleared state"
01:10:26.550 INFO  [main] o.f.core.internal.command.DbMigrate - Migrating schema "public" to version "55 - fixed assets and depreciation"
01:10:26.553 INFO  [main] o.f.core.internal.command.DbMigrate - Migrating schema "public" to version "56 - inventory items and movements"
01:10:26.554 INFO  [main] o.f.core.internal.command.DbMigrate - Migrating schema "public" to version "57 - bank reconciliation workspace"
01:10:26.556 INFO  [main] o.f.core.internal.command.DbMigrate - Migrating schema "public" to version "58 - txn supplemental lines"
01:10:26.557 INFO  [main] o.f.core.internal.command.DbMigrate - Migrating schema "public" to version "59 - company ui preferences and state"
01:10:26.558 INFO  [main] o.f.core.internal.command.DbMigrate - Migrating schema "public" to version "60 - period close ranges"
01:10:26.569 INFO  [main] o.f.core.internal.command.DbMigrate - Migrating schema "public" to version "61 - company ownership and interchange identity"
01:10:26.581 INFO  [main] o.f.core.internal.command.DbMigrate - Migrating schema "public" to version "62 - txn portable identity"
01:10:26.583 INFO  [main] o.f.core.internal.command.DbMigrate - Successfully applied 26 migrations to schema "public", now at version v62 (execution time 00:00.030s)
[NPBK] Flyway migration complete.
[NPBK] Creating JPA EntityManagerFactory for selected database.
01:10:26.637 INFO  [main] com.zaxxer.hikari.HikariDataSource - HikariPool-27 - Starting...
01:10:26.647 INFO  [main] com.zaxxer.hikari.HikariDataSource - HikariPool-27 - Start completed.
[NPBK] JPA EntityManagerFactory created for selected database.
01:10:26.801 INFO  [main] com.zaxxer.hikari.HikariDataSource - HikariPool-27 - Shutdown initiated...
01:10:26.805 INFO  [main] com.zaxxer.hikari.HikariDataSource - HikariPool-27 - Shutdown completed.
[NPBK] Preparing database: /tmp/junit10620759177521879895/company-lifecycle
[NPBK] Flyway migration starting.
[NPBK] JDBC URL: jdbc:h2:file:/tmp/junit10620759177521879895/company-lifecycle;MODE=PostgreSQL;DATABASE_TO_LOWER=TRUE;DEFAULT_NULL_ORDERING=HIGH;INIT=CREATE SCHEMA IF NOT EXISTS PUBLIC\;SET SCHEMA PUBLIC
01:10:26.844 INFO  [main] org.flywaydb.core.FlywayExecutor - Database: jdbc:h2:file:/tmp/junit10620759177521879895/company-lifecycle (H2 2.2)
01:10:26.848 INFO  [main] o.f.core.internal.command.DbValidate - Successfully validated 26 migrations (execution time 00:00.003s)
01:10:26.849 INFO  [main] o.f.core.internal.command.DbMigrate - Current version of schema "public": 62
01:10:26.849 INFO  [main] o.f.core.internal.command.DbMigrate - Schema "public" is up to date. No migration necessary.
[NPBK] Flyway migration complete.
[NPBK] Creating JPA EntityManagerFactory for selected database.
01:10:26.902 INFO  [main] com.zaxxer.hikari.HikariDataSource - HikariPool-28 - Starting...
01:10:26.914 INFO  [main] com.zaxxer.hikari.HikariDataSource - HikariPool-28 - Start completed.
[NPBK] JPA EntityManagerFactory created for selected database.
01:10:27.084 INFO  [main] com.zaxxer.hikari.HikariDataSource - HikariPool-28 - Shutdown initiated...
01:10:27.090 INFO  [main] com.zaxxer.hikari.HikariDataSource - HikariPool-28 - Shutdown completed.
[INFO] Tests run: 3, Failures: 0, Errors: 0, Skipped: 0, Time elapsed: 1.515 s -- in org.nonprofitbookkeeping.service.CompanyAdminServiceTest
[INFO] Running org.nonprofitbookkeeping.service.dashboard.JpaDashboardQueryServiceTest
[NPBK] Preparing database: /tmp/junit4275051896287798013/dashboard-populated
[NPBK] Flyway migration starting.
[NPBK] JDBC URL: jdbc:h2:file:/tmp/junit4275051896287798013/dashboard-populated;MODE=PostgreSQL;DATABASE_TO_LOWER=TRUE;DEFAULT_NULL_ORDERING=HIGH;INIT=CREATE SCHEMA IF NOT EXISTS PUBLIC\;SET SCHEMA PUBLIC
01:10:27.106 INFO  [main] org.flywaydb.core.FlywayExecutor - Database: jdbc:h2:file:/tmp/junit4275051896287798013/dashboard-populated (H2 2.2)
01:10:27.111 INFO  [main] o.f.c.i.s.JdbcTableSchemaHistory - Schema history table "public"."flyway_schema_history" does not exist yet
01:10:27.111 INFO  [main] o.f.core.internal.command.DbValidate - Successfully validated 26 migrations (execution time 00:00.004s)
01:10:27.112 INFO  [main] o.f.c.i.s.JdbcTableSchemaHistory - Creating Schema History table "public"."flyway_schema_history" ...
01:10:27.113 INFO  [main] o.f.core.internal.command.DbMigrate - Current version of schema "public": << Empty Schema >>
01:10:27.115 INFO  [main] o.f.core.internal.command.DbMigrate - Migrating schema "public" to version "1 - init"
01:10:27.121 INFO  [main] o.f.core.internal.command.DbMigrate - Migrating schema "public" to version "2 - schedule items"
01:10:27.123 INFO  [main] o.f.core.internal.command.DbMigrate - Migrating schema "public" to version "3 - subtype schedule defaults"
01:10:27.125 INFO  [main] o.f.core.internal.command.DbMigrate - Migrating schema "public" to version "4 - journal open item core"
01:10:27.126 INFO  [main] o.f.core.internal.command.DbMigrate - Migrating schema "public" to version "5 - open item concurrency and fks"
01:10:27.128 INFO  [main] o.f.core.internal.command.DbMigrate - Migrating schema "public" to version "6 - workflow run records"
01:10:27.129 INFO  [main] o.f.core.internal.command.DbMigrate - Migrating schema "public" to version "7 - workflow run status constraints"
01:10:27.130 INFO  [main] o.f.core.internal.command.DbMigrate - Migrating schema "public" to version "8 - approval audit records"
01:10:27.131 INFO  [main] o.f.core.internal.command.DbMigrate - Migrating schema "public" to version "45 - add budget category"
01:10:27.135 INFO  [main] o.f.core.internal.command.DbMigrate - Migrating schema "public" to version "46 - company user admin foundation"
01:10:27.139 INFO  [main] o.f.core.internal.command.DbMigrate - Migrating schema "public" to version "47 - accounting period and audit"
01:10:27.140 INFO  [main] o.f.core.internal.command.DbMigrate - Migrating schema "public" to version "48 - transaction corrections"
01:10:27.145 INFO  [main] o.f.core.internal.command.DbMigrate - Migrating schema "public" to version "49 - txn reconciliation protection"
01:10:27.146 INFO  [main] o.f.core.internal.command.DbMigrate - Migrating schema "public" to version "50 - budget plan and line"
01:10:27.149 INFO  [main] o.f.core.internal.command.DbMigrate - Migrating schema "public" to version "51 - bank import batch and statement line"
01:10:27.153 INFO  [main] o.f.core.internal.command.DbMigrate - Migrating schema "public" to version "52 - bank and configured bank account"
01:10:27.160 INFO  [main] o.f.core.internal.command.DbMigrate - Migrating schema "public" to version "53 - bank import review all rows"
01:10:27.161 INFO  [main] o.f.core.internal.command.DbMigrate - Migrating schema "public" to version "54 - txn split cleared state"
01:10:27.166 INFO  [main] o.f.core.internal.command.DbMigrate - Migrating schema "public" to version "55 - fixed assets and depreciation"
01:10:27.170 INFO  [main] o.f.core.internal.command.DbMigrate - Migrating schema "public" to version "56 - inventory items and movements"
01:10:27.173 INFO  [main] o.f.core.internal.command.DbMigrate - Migrating schema "public" to version "57 - bank reconciliation workspace"
01:10:27.175 INFO  [main] o.f.core.internal.command.DbMigrate - Migrating schema "public" to version "58 - txn supplemental lines"
01:10:27.177 INFO  [main] o.f.core.internal.command.DbMigrate - Migrating schema "public" to version "59 - company ui preferences and state"
01:10:27.178 INFO  [main] o.f.core.internal.command.DbMigrate - Migrating schema "public" to version "60 - period close ranges"
01:10:27.186 INFO  [main] o.f.core.internal.command.DbMigrate - Migrating schema "public" to version "61 - company ownership and interchange identity"
01:10:27.204 INFO  [main] o.f.core.internal.command.DbMigrate - Migrating schema "public" to version "62 - txn portable identity"
01:10:27.207 INFO  [main] o.f.core.internal.command.DbMigrate - Successfully applied 26 migrations to schema "public", now at version v62 (execution time 00:00.046s)
[NPBK] Flyway migration complete.
[NPBK] Creating JPA EntityManagerFactory for selected database.
01:10:27.283 INFO  [main] com.zaxxer.hikari.HikariDataSource - HikariPool-29 - Starting...
01:10:27.298 INFO  [main] com.zaxxer.hikari.HikariDataSource - HikariPool-29 - Start completed.
[NPBK] JPA EntityManagerFactory created for selected database.
01:10:27.760 INFO  [main] com.zaxxer.hikari.HikariDataSource - HikariPool-29 - Shutdown initiated...
01:10:27.765 INFO  [main] com.zaxxer.hikari.HikariDataSource - HikariPool-29 - Shutdown completed.
[NPBK] Preparing database: /tmp/junit7141412710043915269/dashboard-empty
[NPBK] Flyway migration starting.
[NPBK] JDBC URL: jdbc:h2:file:/tmp/junit7141412710043915269/dashboard-empty;MODE=PostgreSQL;DATABASE_TO_LOWER=TRUE;DEFAULT_NULL_ORDERING=HIGH;INIT=CREATE SCHEMA IF NOT EXISTS PUBLIC\;SET SCHEMA PUBLIC
01:10:27.778 INFO  [main] org.flywaydb.core.FlywayExecutor - Database: jdbc:h2:file:/tmp/junit7141412710043915269/dashboard-empty (H2 2.2)
01:10:27.783 INFO  [main] o.f.c.i.s.JdbcTableSchemaHistory - Schema history table "public"."flyway_schema_history" does not exist yet
01:10:27.783 INFO  [main] o.f.core.internal.command.DbValidate - Successfully validated 26 migrations (execution time 00:00.004s)
01:10:27.783 INFO  [main] o.f.c.i.s.JdbcTableSchemaHistory - Creating Schema History table "public"."flyway_schema_history" ...
01:10:27.785 INFO  [main] o.f.core.internal.command.DbMigrate - Current version of schema "public": << Empty Schema >>
01:10:27.787 INFO  [main] o.f.core.internal.command.DbMigrate - Migrating schema "public" to version "1 - init"
01:10:27.796 INFO  [main] o.f.core.internal.command.DbMigrate - Migrating schema "public" to version "2 - schedule items"
01:10:27.798 INFO  [main] o.f.core.internal.command.DbMigrate - Migrating schema "public" to version "3 - subtype schedule defaults"
01:10:27.800 INFO  [main] o.f.core.internal.command.DbMigrate - Migrating schema "public" to version "4 - journal open item core"
01:10:27.803 INFO  [main] o.f.core.internal.command.DbMigrate - Migrating schema "public" to version "5 - open item concurrency and fks"
01:10:27.805 INFO  [main] o.f.core.internal.command.DbMigrate - Migrating schema "public" to version "6 - workflow run records"
01:10:27.807 INFO  [main] o.f.core.internal.command.DbMigrate - Migrating schema "public" to version "7 - workflow run status constraints"
01:10:27.808 INFO  [main] o.f.core.internal.command.DbMigrate - Migrating schema "public" to version "8 - approval audit records"
01:10:27.809 INFO  [main] o.f.core.internal.command.DbMigrate - Migrating schema "public" to version "45 - add budget category"
01:10:27.813 INFO  [main] o.f.core.internal.command.DbMigrate - Migrating schema "public" to version "46 - company user admin foundation"
01:10:27.816 INFO  [main] o.f.core.internal.command.DbMigrate - Migrating schema "public" to version "47 - accounting period and audit"
01:10:27.817 INFO  [main] o.f.core.internal.command.DbMigrate - Migrating schema "public" to version "48 - transaction corrections"
01:10:27.821 INFO  [main] o.f.core.internal.command.DbMigrate - Migrating schema "public" to version "49 - txn reconciliation protection"
01:10:27.823 INFO  [main] o.f.core.internal.command.DbMigrate - Migrating schema "public" to version "50 - budget plan and line"
01:10:27.825 INFO  [main] o.f.core.internal.command.DbMigrate - Migrating schema "public" to version "51 - bank import batch and statement line"
01:10:27.829 INFO  [main] o.f.core.internal.command.DbMigrate - Migrating schema "public" to version "52 - bank and configured bank account"
01:10:27.834 INFO  [main] o.f.core.internal.command.DbMigrate - Migrating schema "public" to version "53 - bank import review all rows"
01:10:27.835 INFO  [main] o.f.core.internal.command.DbMigrate - Migrating schema "public" to version "54 - txn split cleared state"
01:10:27.839 INFO  [main] o.f.core.internal.command.DbMigrate - Migrating schema "public" to version "55 - fixed assets and depreciation"
01:10:27.841 INFO  [main] o.f.core.internal.command.DbMigrate - Migrating schema "public" to version "56 - inventory items and movements"
01:10:27.843 INFO  [main] o.f.core.internal.command.DbMigrate - Migrating schema "public" to version "57 - bank reconciliation workspace"
01:10:27.845 INFO  [main] o.f.core.internal.command.DbMigrate - Migrating schema "public" to version "58 - txn supplemental lines"
01:10:27.847 INFO  [main] o.f.core.internal.command.DbMigrate - Migrating schema "public" to version "59 - company ui preferences and state"
01:10:27.848 INFO  [main] o.f.core.internal.command.DbMigrate - Migrating schema "public" to version "60 - period close ranges"
01:10:27.852 INFO  [main] o.f.core.internal.command.DbMigrate - Migrating schema "public" to version "61 - company ownership and interchange identity"
01:10:27.865 INFO  [main] o.f.core.internal.command.DbMigrate - Migrating schema "public" to version "62 - txn portable identity"
01:10:27.868 INFO  [main] o.f.core.internal.command.DbMigrate - Successfully applied 26 migrations to schema "public", now at version v62 (execution time 00:00.042s)
[NPBK] Flyway migration complete.
[NPBK] Creating JPA EntityManagerFactory for selected database.
01:10:27.920 INFO  [main] com.zaxxer.hikari.HikariDataSource - HikariPool-30 - Starting...
01:10:27.931 INFO  [main] com.zaxxer.hikari.HikariDataSource - HikariPool-30 - Start completed.
[NPBK] JPA EntityManagerFactory created for selected database.
01:10:28.112 INFO  [main] com.zaxxer.hikari.HikariDataSource - HikariPool-30 - Shutdown initiated...
01:10:28.116 INFO  [main] com.zaxxer.hikari.HikariDataSource - HikariPool-30 - Shutdown completed.
[NPBK] Preparing database: /tmp/junit15771074579162168366/dashboard-budget
[NPBK] Flyway migration starting.
[NPBK] JDBC URL: jdbc:h2:file:/tmp/junit15771074579162168366/dashboard-budget;MODE=PostgreSQL;DATABASE_TO_LOWER=TRUE;DEFAULT_NULL_ORDERING=HIGH;INIT=CREATE SCHEMA IF NOT EXISTS PUBLIC\;SET SCHEMA PUBLIC
01:10:28.127 INFO  [main] org.flywaydb.core.FlywayExecutor - Database: jdbc:h2:file:/tmp/junit15771074579162168366/dashboard-budget (H2 2.2)
01:10:28.131 INFO  [main] o.f.c.i.s.JdbcTableSchemaHistory - Schema history table "public"."flyway_schema_history" does not exist yet
01:10:28.131 INFO  [main] o.f.core.internal.command.DbValidate - Successfully validated 26 migrations (execution time 00:00.002s)
01:10:28.131 INFO  [main] o.f.c.i.s.JdbcTableSchemaHistory - Creating Schema History table "public"."flyway_schema_history" ...
01:10:28.132 INFO  [main] o.f.core.internal.command.DbMigrate - Current version of schema "public": << Empty Schema >>
01:10:28.134 INFO  [main] o.f.core.internal.command.DbMigrate - Migrating schema "public" to version "1 - init"
01:10:28.138 INFO  [main] o.f.core.internal.command.DbMigrate - Migrating schema "public" to version "2 - schedule items"
01:10:28.140 INFO  [main] o.f.core.internal.command.DbMigrate - Migrating schema "public" to version "3 - subtype schedule defaults"
01:10:28.141 INFO  [main] o.f.core.internal.command.DbMigrate - Migrating schema "public" to version "4 - journal open item core"
01:10:28.142 INFO  [main] o.f.core.internal.command.DbMigrate - Migrating schema "public" to version "5 - open item concurrency and fks"
01:10:28.144 INFO  [main] o.f.core.internal.command.DbMigrate - Migrating schema "public" to version "6 - workflow run records"
01:10:28.145 INFO  [main] o.f.core.internal.command.DbMigrate - Migrating schema "public" to version "7 - workflow run status constraints"
01:10:28.145 INFO  [main] o.f.core.internal.command.DbMigrate - Migrating schema "public" to version "8 - approval audit records"
01:10:28.146 INFO  [main] o.f.core.internal.command.DbMigrate - Migrating schema "public" to version "45 - add budget category"
01:10:28.149 INFO  [main] o.f.core.internal.command.DbMigrate - Migrating schema "public" to version "46 - company user admin foundation"
01:10:28.151 INFO  [main] o.f.core.internal.command.DbMigrate - Migrating schema "public" to version "47 - accounting period and audit"
01:10:28.152 INFO  [main] o.f.core.internal.command.DbMigrate - Migrating schema "public" to version "48 - transaction corrections"
01:10:28.155 INFO  [main] o.f.core.internal.command.DbMigrate - Migrating schema "public" to version "49 - txn reconciliation protection"
01:10:28.156 INFO  [main] o.f.core.internal.command.DbMigrate - Migrating schema "public" to version "50 - budget plan and line"
01:10:28.159 INFO  [main] o.f.core.internal.command.DbMigrate - Migrating schema "public" to version "51 - bank import batch and statement line"
01:10:28.162 INFO  [main] o.f.core.internal.command.DbMigrate - Migrating schema "public" to version "52 - bank and configured bank account"
01:10:28.167 INFO  [main] o.f.core.internal.command.DbMigrate - Migrating schema "public" to version "53 - bank import review all rows"
01:10:28.168 INFO  [main] o.f.core.internal.command.DbMigrate - Migrating schema "public" to version "54 - txn split cleared state"
01:10:28.172 INFO  [main] o.f.core.internal.command.DbMigrate - Migrating schema "public" to version "55 - fixed assets and depreciation"
01:10:28.174 INFO  [main] o.f.core.internal.command.DbMigrate - Migrating schema "public" to version "56 - inventory items and movements"
01:10:28.177 INFO  [main] o.f.core.internal.command.DbMigrate - Migrating schema "public" to version "57 - bank reconciliation workspace"
01:10:28.178 INFO  [main] o.f.core.internal.command.DbMigrate - Migrating schema "public" to version "58 - txn supplemental lines"
01:10:28.179 INFO  [main] o.f.core.internal.command.DbMigrate - Migrating schema "public" to version "59 - company ui preferences and state"
01:10:28.181 INFO  [main] o.f.core.internal.command.DbMigrate - Migrating schema "public" to version "60 - period close ranges"
01:10:28.185 INFO  [main] o.f.core.internal.command.DbMigrate - Migrating schema "public" to version "61 - company ownership and interchange identity"
01:10:28.198 INFO  [main] o.f.core.internal.command.DbMigrate - Migrating schema "public" to version "62 - txn portable identity"
01:10:28.200 INFO  [main] o.f.core.internal.command.DbMigrate - Successfully applied 26 migrations to schema "public", now at version v62 (execution time 00:00.030s)
[NPBK] Flyway migration complete.
[NPBK] Creating JPA EntityManagerFactory for selected database.
01:10:28.253 INFO  [main] com.zaxxer.hikari.HikariDataSource - HikariPool-31 - Starting...
01:10:28.266 INFO  [main] com.zaxxer.hikari.HikariDataSource - HikariPool-31 - Start completed.
[NPBK] JPA EntityManagerFactory created for selected database.
01:10:28.464 INFO  [main] com.zaxxer.hikari.HikariDataSource - HikariPool-31 - Shutdown initiated...
01:10:28.469 INFO  [main] com.zaxxer.hikari.HikariDataSource - HikariPool-31 - Shutdown completed.
[NPBK] Preparing database: /tmp/junit14452347316823757696/dashboard-reversed
[NPBK] Flyway migration starting.
[NPBK] JDBC URL: jdbc:h2:file:/tmp/junit14452347316823757696/dashboard-reversed;MODE=PostgreSQL;DATABASE_TO_LOWER=TRUE;DEFAULT_NULL_ORDERING=HIGH;INIT=CREATE SCHEMA IF NOT EXISTS PUBLIC\;SET SCHEMA PUBLIC
01:10:28.484 INFO  [main] org.flywaydb.core.FlywayExecutor - Database: jdbc:h2:file:/tmp/junit14452347316823757696/dashboard-reversed (H2 2.2)
01:10:28.488 INFO  [main] o.f.c.i.s.JdbcTableSchemaHistory - Schema history table "public"."flyway_schema_history" does not exist yet
01:10:28.488 INFO  [main] o.f.core.internal.command.DbValidate - Successfully validated 26 migrations (execution time 00:00.002s)
01:10:28.488 INFO  [main] o.f.c.i.s.JdbcTableSchemaHistory - Creating Schema History table "public"."flyway_schema_history" ...
01:10:28.489 INFO  [main] o.f.core.internal.command.DbMigrate - Current version of schema "public": << Empty Schema >>
01:10:28.491 INFO  [main] o.f.core.internal.command.DbMigrate - Migrating schema "public" to version "1 - init"
01:10:28.495 INFO  [main] o.f.core.internal.command.DbMigrate - Migrating schema "public" to version "2 - schedule items"
01:10:28.496 INFO  [main] o.f.core.internal.command.DbMigrate - Migrating schema "public" to version "3 - subtype schedule defaults"
01:10:28.497 INFO  [main] o.f.core.internal.command.DbMigrate - Migrating schema "public" to version "4 - journal open item core"
01:10:28.498 INFO  [main] o.f.core.internal.command.DbMigrate - Migrating schema "public" to version "5 - open item concurrency and fks"
01:10:28.500 INFO  [main] o.f.core.internal.command.DbMigrate - Migrating schema "public" to version "6 - workflow run records"
01:10:28.500 INFO  [main] o.f.core.internal.command.DbMigrate - Migrating schema "public" to version "7 - workflow run status constraints"
01:10:28.501 INFO  [main] o.f.core.internal.command.DbMigrate - Migrating schema "public" to version "8 - approval audit records"
01:10:28.502 INFO  [main] o.f.core.internal.command.DbMigrate - Migrating schema "public" to version "45 - add budget category"
01:10:28.504 INFO  [main] o.f.core.internal.command.DbMigrate - Migrating schema "public" to version "46 - company user admin foundation"
01:10:28.507 INFO  [main] o.f.core.internal.command.DbMigrate - Migrating schema "public" to version "47 - accounting period and audit"
01:10:28.508 INFO  [main] o.f.core.internal.command.DbMigrate - Migrating schema "public" to version "48 - transaction corrections"
01:10:28.511 INFO  [main] o.f.core.internal.command.DbMigrate - Migrating schema "public" to version "49 - txn reconciliation protection"
01:10:28.512 INFO  [main] o.f.core.internal.command.DbMigrate - Migrating schema "public" to version "50 - budget plan and line"
01:10:28.514 INFO  [main] o.f.core.internal.command.DbMigrate - Migrating schema "public" to version "51 - bank import batch and statement line"
01:10:28.517 INFO  [main] o.f.core.internal.command.DbMigrate - Migrating schema "public" to version "52 - bank and configured bank account"
01:10:28.523 INFO  [main] o.f.core.internal.command.DbMigrate - Migrating schema "public" to version "53 - bank import review all rows"
01:10:28.524 INFO  [main] o.f.core.internal.command.DbMigrate - Migrating schema "public" to version "54 - txn split cleared state"
01:10:28.528 INFO  [main] o.f.core.internal.command.DbMigrate - Migrating schema "public" to version "55 - fixed assets and depreciation"
01:10:28.530 INFO  [main] o.f.core.internal.command.DbMigrate - Migrating schema "public" to version "56 - inventory items and movements"
01:10:28.532 INFO  [main] o.f.core.internal.command.DbMigrate - Migrating schema "public" to version "57 - bank reconciliation workspace"
01:10:28.534 INFO  [main] o.f.core.internal.command.DbMigrate - Migrating schema "public" to version "58 - txn supplemental lines"
01:10:28.535 INFO  [main] o.f.core.internal.command.DbMigrate - Migrating schema "public" to version "59 - company ui preferences and state"
01:10:28.536 INFO  [main] o.f.core.internal.command.DbMigrate - Migrating schema "public" to version "60 - period close ranges"
01:10:28.541 INFO  [main] o.f.core.internal.command.DbMigrate - Migrating schema "public" to version "61 - company ownership and interchange identity"
01:10:28.554 INFO  [main] o.f.core.internal.command.DbMigrate - Migrating schema "public" to version "62 - txn portable identity"
01:10:28.556 INFO  [main] o.f.core.internal.command.DbMigrate - Successfully applied 26 migrations to schema "public", now at version v62 (execution time 00:00.029s)
[NPBK] Flyway migration complete.
[NPBK] Creating JPA EntityManagerFactory for selected database.
01:10:28.615 INFO  [main] com.zaxxer.hikari.HikariDataSource - HikariPool-32 - Starting...
01:10:28.626 INFO  [main] com.zaxxer.hikari.HikariDataSource - HikariPool-32 - Start completed.
[NPBK] JPA EntityManagerFactory created for selected database.
01:10:28.805 INFO  [main] com.zaxxer.hikari.HikariDataSource - HikariPool-32 - Shutdown initiated...
01:10:28.813 INFO  [main] com.zaxxer.hikari.HikariDataSource - HikariPool-32 - Shutdown completed.
[NPBK] Preparing database: /tmp/junit9298598549892334720/dashboard-validation
[NPBK] Flyway migration starting.
[NPBK] JDBC URL: jdbc:h2:file:/tmp/junit9298598549892334720/dashboard-validation;MODE=PostgreSQL;DATABASE_TO_LOWER=TRUE;DEFAULT_NULL_ORDERING=HIGH;INIT=CREATE SCHEMA IF NOT EXISTS PUBLIC\;SET SCHEMA PUBLIC
01:10:28.829 INFO  [main] org.flywaydb.core.FlywayExecutor - Database: jdbc:h2:file:/tmp/junit9298598549892334720/dashboard-validation (H2 2.2)
01:10:28.832 INFO  [main] o.f.c.i.s.JdbcTableSchemaHistory - Schema history table "public"."flyway_schema_history" does not exist yet
01:10:28.832 INFO  [main] o.f.core.internal.command.DbValidate - Successfully validated 26 migrations (execution time 00:00.002s)
01:10:28.833 INFO  [main] o.f.c.i.s.JdbcTableSchemaHistory - Creating Schema History table "public"."flyway_schema_history" ...
01:10:28.834 INFO  [main] o.f.core.internal.command.DbMigrate - Current version of schema "public": << Empty Schema >>
01:10:28.835 INFO  [main] o.f.core.internal.command.DbMigrate - Migrating schema "public" to version "1 - init"
01:10:28.839 INFO  [main] o.f.core.internal.command.DbMigrate - Migrating schema "public" to version "2 - schedule items"
01:10:28.841 INFO  [main] o.f.core.internal.command.DbMigrate - Migrating schema "public" to version "3 - subtype schedule defaults"
01:10:28.842 INFO  [main] o.f.core.internal.command.DbMigrate - Migrating schema "public" to version "4 - journal open item core"
01:10:28.843 INFO  [main] o.f.core.internal.command.DbMigrate - Migrating schema "public" to version "5 - open item concurrency and fks"
01:10:28.844 INFO  [main] o.f.core.internal.command.DbMigrate - Migrating schema "public" to version "6 - workflow run records"
01:10:28.845 INFO  [main] o.f.core.internal.command.DbMigrate - Migrating schema "public" to version "7 - workflow run status constraints"
01:10:28.846 INFO  [main] o.f.core.internal.command.DbMigrate - Migrating schema "public" to version "8 - approval audit records"
01:10:28.846 INFO  [main] o.f.core.internal.command.DbMigrate - Migrating schema "public" to version "45 - add budget category"
01:10:28.849 INFO  [main] o.f.core.internal.command.DbMigrate - Migrating schema "public" to version "46 - company user admin foundation"
01:10:28.851 INFO  [main] o.f.core.internal.command.DbMigrate - Migrating schema "public" to version "47 - accounting period and audit"
01:10:28.853 INFO  [main] o.f.core.internal.command.DbMigrate - Migrating schema "public" to version "48 - transaction corrections"
01:10:28.856 INFO  [main] o.f.core.internal.command.DbMigrate - Migrating schema "public" to version "49 - txn reconciliation protection"
01:10:28.858 INFO  [main] o.f.core.internal.command.DbMigrate - Migrating schema "public" to version "50 - budget plan and line"
01:10:28.861 INFO  [main] o.f.core.internal.command.DbMigrate - Migrating schema "public" to version "51 - bank import batch and statement line"
01:10:28.866 INFO  [main] o.f.core.internal.command.DbMigrate - Migrating schema "public" to version "52 - bank and configured bank account"
01:10:28.873 INFO  [main] o.f.core.internal.command.DbMigrate - Migrating schema "public" to version "53 - bank import review all rows"
01:10:28.875 INFO  [main] o.f.core.internal.command.DbMigrate - Migrating schema "public" to version "54 - txn split cleared state"
01:10:28.880 INFO  [main] o.f.core.internal.command.DbMigrate - Migrating schema "public" to version "55 - fixed assets and depreciation"
01:10:28.883 INFO  [main] o.f.core.internal.command.DbMigrate - Migrating schema "public" to version "56 - inventory items and movements"
01:10:28.886 INFO  [main] o.f.core.internal.command.DbMigrate - Migrating schema "public" to version "57 - bank reconciliation workspace"
01:10:28.888 INFO  [main] o.f.core.internal.command.DbMigrate - Migrating schema "public" to version "58 - txn supplemental lines"
01:10:28.890 INFO  [main] o.f.core.internal.command.DbMigrate - Migrating schema "public" to version "59 - company ui preferences and state"
01:10:28.891 INFO  [main] o.f.core.internal.command.DbMigrate - Migrating schema "public" to version "60 - period close ranges"
01:10:28.897 INFO  [main] o.f.core.internal.command.DbMigrate - Migrating schema "public" to version "61 - company ownership and interchange identity"
01:10:28.910 INFO  [main] o.f.core.internal.command.DbMigrate - Migrating schema "public" to version "62 - txn portable identity"
01:10:28.911 INFO  [main] o.f.core.internal.command.DbMigrate - Successfully applied 26 migrations to schema "public", now at version v62 (execution time 00:00.034s)
[NPBK] Flyway migration complete.
[NPBK] Creating JPA EntityManagerFactory for selected database.
01:10:28.967 INFO  [main] com.zaxxer.hikari.HikariDataSource - HikariPool-33 - Starting...
01:10:28.984 INFO  [main] com.zaxxer.hikari.HikariDataSource - HikariPool-33 - Start completed.
[NPBK] JPA EntityManagerFactory created for selected database.
01:10:29.123 INFO  [main] com.zaxxer.hikari.HikariDataSource - HikariPool-33 - Shutdown initiated...
01:10:29.125 INFO  [main] com.zaxxer.hikari.HikariDataSource - HikariPool-33 - Shutdown completed.
[INFO] Tests run: 5, Failures: 0, Errors: 0, Skipped: 0, Time elapsed: 2.034 s -- in org.nonprofitbookkeeping.service.dashboard.JpaDashboardQueryServiceTest
[INFO] Running org.nonprofitbookkeeping.service.AccountAdminServiceIntegrationTest
01:10:29.137 INFO  [main] org.flywaydb.core.FlywayExecutor - Database: jdbc:h2:file:/tmp/coa-admin-it5101209460443779469 (H2 2.2)
01:10:29.140 INFO  [main] o.f.c.i.s.JdbcTableSchemaHistory - Schema history table "public"."flyway_schema_history" does not exist yet
01:10:29.140 INFO  [main] o.f.core.internal.command.DbValidate - Successfully validated 26 migrations (execution time 00:00.002s)
01:10:29.141 INFO  [main] o.f.c.i.s.JdbcTableSchemaHistory - Creating Schema History table "public"."flyway_schema_history" ...
01:10:29.141 INFO  [main] o.f.core.internal.command.DbMigrate - Current version of schema "public": << Empty Schema >>
01:10:29.143 INFO  [main] o.f.core.internal.command.DbMigrate - Migrating schema "public" to version "1 - init"
01:10:29.147 INFO  [main] o.f.core.internal.command.DbMigrate - Migrating schema "public" to version "2 - schedule items"
01:10:29.156 INFO  [main] o.f.core.internal.command.DbMigrate - Migrating schema "public" to version "3 - subtype schedule defaults"
01:10:29.158 INFO  [main] o.f.core.internal.command.DbMigrate - Migrating schema "public" to version "4 - journal open item core"
01:10:29.159 INFO  [main] o.f.core.internal.command.DbMigrate - Migrating schema "public" to version "5 - open item concurrency and fks"
01:10:29.160 INFO  [main] o.f.core.internal.command.DbMigrate - Migrating schema "public" to version "6 - workflow run records"
01:10:29.161 INFO  [main] o.f.core.internal.command.DbMigrate - Migrating schema "public" to version "7 - workflow run status constraints"
01:10:29.161 INFO  [main] o.f.core.internal.command.DbMigrate - Migrating schema "public" to version "8 - approval audit records"
01:10:29.162 INFO  [main] o.f.core.internal.command.DbMigrate - Migrating schema "public" to version "45 - add budget category"
01:10:29.165 INFO  [main] o.f.core.internal.command.DbMigrate - Migrating schema "public" to version "46 - company user admin foundation"
01:10:29.167 INFO  [main] o.f.core.internal.command.DbMigrate - Migrating schema "public" to version "47 - accounting period and audit"
01:10:29.169 INFO  [main] o.f.core.internal.command.DbMigrate - Migrating schema "public" to version "48 - transaction corrections"
01:10:29.171 INFO  [main] o.f.core.internal.command.DbMigrate - Migrating schema "public" to version "49 - txn reconciliation protection"
01:10:29.173 INFO  [main] o.f.core.internal.command.DbMigrate - Migrating schema "public" to version "50 - budget plan and line"
01:10:29.175 INFO  [main] o.f.core.internal.command.DbMigrate - Migrating schema "public" to version "51 - bank import batch and statement line"
01:10:29.178 INFO  [main] o.f.core.internal.command.DbMigrate - Migrating schema "public" to version "52 - bank and configured bank account"
01:10:29.183 INFO  [main] o.f.core.internal.command.DbMigrate - Migrating schema "public" to version "53 - bank import review all rows"
01:10:29.184 INFO  [main] o.f.core.internal.command.DbMigrate - Migrating schema "public" to version "54 - txn split cleared state"
01:10:29.188 INFO  [main] o.f.core.internal.command.DbMigrate - Migrating schema "public" to version "55 - fixed assets and depreciation"
01:10:29.190 INFO  [main] o.f.core.internal.command.DbMigrate - Migrating schema "public" to version "56 - inventory items and movements"
01:10:29.192 INFO  [main] o.f.core.internal.command.DbMigrate - Migrating schema "public" to version "57 - bank reconciliation workspace"
01:10:29.194 INFO  [main] o.f.core.internal.command.DbMigrate - Migrating schema "public" to version "58 - txn supplemental lines"
01:10:29.195 INFO  [main] o.f.core.internal.command.DbMigrate - Migrating schema "public" to version "59 - company ui preferences and state"
01:10:29.196 INFO  [main] o.f.core.internal.command.DbMigrate - Migrating schema "public" to version "60 - period close ranges"
01:10:29.200 INFO  [main] o.f.core.internal.command.DbMigrate - Migrating schema "public" to version "61 - company ownership and interchange identity"
01:10:29.212 INFO  [main] o.f.core.internal.command.DbMigrate - Migrating schema "public" to version "62 - txn portable identity"
01:10:29.214 INFO  [main] o.f.core.internal.command.DbMigrate - Successfully applied 26 migrations to schema "public", now at version v62 (execution time 00:00.027s)
[NPBK] Preparing database: /tmp/coa-admin-it5101209460443779469.mv.db
[NPBK] Flyway migration starting.
[NPBK] JDBC URL: jdbc:h2:file:/tmp/coa-admin-it5101209460443779469;MODE=PostgreSQL;DATABASE_TO_LOWER=TRUE;DEFAULT_NULL_ORDERING=HIGH;INIT=CREATE SCHEMA IF NOT EXISTS PUBLIC\;SET SCHEMA PUBLIC
01:10:29.246 INFO  [main] org.flywaydb.core.FlywayExecutor - Database: jdbc:h2:file:/tmp/coa-admin-it5101209460443779469 (H2 2.2)
01:10:29.250 INFO  [main] o.f.core.internal.command.DbValidate - Successfully validated 26 migrations (execution time 00:00.003s)
01:10:29.251 INFO  [main] o.f.core.internal.command.DbMigrate - Current version of schema "public": 62
01:10:29.251 INFO  [main] o.f.core.internal.command.DbMigrate - Schema "public" is up to date. No migration necessary.
[NPBK] Flyway migration complete.
[NPBK] Creating JPA EntityManagerFactory for selected database.
01:10:29.303 INFO  [main] com.zaxxer.hikari.HikariDataSource - HikariPool-34 - Starting...
01:10:29.312 INFO  [main] com.zaxxer.hikari.HikariDataSource - HikariPool-34 - Start completed.
[NPBK] JPA EntityManagerFactory created for selected database.
01:10:29.466 INFO  [main] com.zaxxer.hikari.HikariDataSource - HikariPool-34 - Shutdown initiated...
01:10:29.490 INFO  [main] com.zaxxer.hikari.HikariDataSource - HikariPool-34 - Shutdown completed.
01:10:29.499 INFO  [main] org.flywaydb.core.FlywayExecutor - Database: jdbc:h2:file:/tmp/coa-admin-it10001197625249671671 (H2 2.2)
01:10:29.502 INFO  [main] o.f.c.i.s.JdbcTableSchemaHistory - Schema history table "public"."flyway_schema_history" does not exist yet
01:10:29.502 INFO  [main] o.f.core.internal.command.DbValidate - Successfully validated 26 migrations (execution time 00:00.002s)
01:10:29.503 INFO  [main] o.f.c.i.s.JdbcTableSchemaHistory - Creating Schema History table "public"."flyway_schema_history" ...
01:10:29.504 INFO  [main] o.f.core.internal.command.DbMigrate - Current version of schema "public": << Empty Schema >>
01:10:29.505 INFO  [main] o.f.core.internal.command.DbMigrate - Migrating schema "public" to version "1 - init"
01:10:29.509 INFO  [main] o.f.core.internal.command.DbMigrate - Migrating schema "public" to version "2 - schedule items"
01:10:29.510 INFO  [main] o.f.core.internal.command.DbMigrate - Migrating schema "public" to version "3 - subtype schedule defaults"
01:10:29.511 INFO  [main] o.f.core.internal.command.DbMigrate - Migrating schema "public" to version "4 - journal open item core"
01:10:29.513 INFO  [main] o.f.core.internal.command.DbMigrate - Migrating schema "public" to version "5 - open item concurrency and fks"
01:10:29.514 INFO  [main] o.f.core.internal.command.DbMigrate - Migrating schema "public" to version "6 - workflow run records"
01:10:29.515 INFO  [main] o.f.core.internal.command.DbMigrate - Migrating schema "public" to version "7 - workflow run status constraints"
01:10:29.515 INFO  [main] o.f.core.internal.command.DbMigrate - Migrating schema "public" to version "8 - approval audit records"
01:10:29.516 INFO  [main] o.f.core.internal.command.DbMigrate - Migrating schema "public" to version "45 - add budget category"
01:10:29.519 INFO  [main] o.f.core.internal.command.DbMigrate - Migrating schema "public" to version "46 - company user admin foundation"
01:10:29.522 INFO  [main] o.f.core.internal.command.DbMigrate - Migrating schema "public" to version "47 - accounting period and audit"
01:10:29.523 INFO  [main] o.f.core.internal.command.DbMigrate - Migrating schema "public" to version "48 - transaction corrections"
01:10:29.526 INFO  [main] o.f.core.internal.command.DbMigrate - Migrating schema "public" to version "49 - txn reconciliation protection"
01:10:29.527 INFO  [main] o.f.core.internal.command.DbMigrate - Migrating schema "public" to version "50 - budget plan and line"
01:10:29.529 INFO  [main] o.f.core.internal.command.DbMigrate - Migrating schema "public" to version "51 - bank import batch and statement line"
01:10:29.533 INFO  [main] o.f.core.internal.command.DbMigrate - Migrating schema "public" to version "52 - bank and configured bank account"
01:10:29.537 INFO  [main] o.f.core.internal.command.DbMigrate - Migrating schema "public" to version "53 - bank import review all rows"
01:10:29.538 INFO  [main] o.f.core.internal.command.DbMigrate - Migrating schema "public" to version "54 - txn split cleared state"
01:10:29.542 INFO  [main] o.f.core.internal.command.DbMigrate - Migrating schema "public" to version "55 - fixed assets and depreciation"
01:10:29.544 INFO  [main] o.f.core.internal.command.DbMigrate - Migrating schema "public" to version "56 - inventory items and movements"
01:10:29.546 INFO  [main] o.f.core.internal.command.DbMigrate - Migrating schema "public" to version "57 - bank reconciliation workspace"
01:10:29.547 INFO  [main] o.f.core.internal.command.DbMigrate - Migrating schema "public" to version "58 - txn supplemental lines"
01:10:29.549 INFO  [main] o.f.core.internal.command.DbMigrate - Migrating schema "public" to version "59 - company ui preferences and state"
01:10:29.550 INFO  [main] o.f.core.internal.command.DbMigrate - Migrating schema "public" to version "60 - period close ranges"
01:10:29.554 INFO  [main] o.f.core.internal.command.DbMigrate - Migrating schema "public" to version "61 - company ownership and interchange identity"
01:10:29.566 INFO  [main] o.f.core.internal.command.DbMigrate - Migrating schema "public" to version "62 - txn portable identity"
01:10:29.568 INFO  [main] o.f.core.internal.command.DbMigrate - Successfully applied 26 migrations to schema "public", now at version v62 (execution time 00:00.027s)
[NPBK] Preparing database: /tmp/coa-admin-it10001197625249671671.mv.db
[NPBK] Flyway migration starting.
[NPBK] JDBC URL: jdbc:h2:file:/tmp/coa-admin-it10001197625249671671;MODE=PostgreSQL;DATABASE_TO_LOWER=TRUE;DEFAULT_NULL_ORDERING=HIGH;INIT=CREATE SCHEMA IF NOT EXISTS PUBLIC\;SET SCHEMA PUBLIC
01:10:29.602 INFO  [main] org.flywaydb.core.FlywayExecutor - Database: jdbc:h2:file:/tmp/coa-admin-it10001197625249671671 (H2 2.2)
01:10:29.606 INFO  [main] o.f.core.internal.command.DbValidate - Successfully validated 26 migrations (execution time 00:00.003s)
01:10:29.607 INFO  [main] o.f.core.internal.command.DbMigrate - Current version of schema "public": 62
01:10:29.607 INFO  [main] o.f.core.internal.command.DbMigrate - Schema "public" is up to date. No migration necessary.
[NPBK] Flyway migration complete.
[NPBK] Creating JPA EntityManagerFactory for selected database.
01:10:29.665 INFO  [main] com.zaxxer.hikari.HikariDataSource - HikariPool-35 - Starting...
01:10:29.674 INFO  [main] com.zaxxer.hikari.HikariDataSource - HikariPool-35 - Start completed.
[NPBK] JPA EntityManagerFactory created for selected database.
01:10:29.810 INFO  [main] com.zaxxer.hikari.HikariDataSource - HikariPool-35 - Shutdown initiated...
01:10:29.815 INFO  [main] com.zaxxer.hikari.HikariDataSource - HikariPool-35 - Shutdown completed.
[INFO] Tests run: 2, Failures: 0, Errors: 0, Skipped: 0, Time elapsed: 0.688 s -- in org.nonprofitbookkeeping.service.AccountAdminServiceIntegrationTest
[INFO] Running org.nonprofitbookkeeping.service.TransactionCorrectionServiceTest
[NPBK] Preparing database: /tmp/junit5778051589754294734/transaction-correction
[NPBK] Flyway migration starting.
[NPBK] JDBC URL: jdbc:h2:file:/tmp/junit5778051589754294734/transaction-correction;MODE=PostgreSQL;DATABASE_TO_LOWER=TRUE;DEFAULT_NULL_ORDERING=HIGH;INIT=CREATE SCHEMA IF NOT EXISTS PUBLIC\;SET SCHEMA PUBLIC
01:10:29.836 INFO  [main] org.flywaydb.core.FlywayExecutor - Database: jdbc:h2:file:/tmp/junit5778051589754294734/transaction-correction (H2 2.2)
01:10:29.839 INFO  [main] o.f.c.i.s.JdbcTableSchemaHistory - Schema history table "public"."flyway_schema_history" does not exist yet
01:10:29.839 INFO  [main] o.f.core.internal.command.DbValidate - Successfully validated 26 migrations (execution time 00:00.002s)
01:10:29.839 INFO  [main] o.f.c.i.s.JdbcTableSchemaHistory - Creating Schema History table "public"."flyway_schema_history" ...
01:10:29.840 INFO  [main] o.f.core.internal.command.DbMigrate - Current version of schema "public": << Empty Schema >>
01:10:29.842 INFO  [main] o.f.core.internal.command.DbMigrate - Migrating schema "public" to version "1 - init"
01:10:29.845 INFO  [main] o.f.core.internal.command.DbMigrate - Migrating schema "public" to version "2 - schedule items"
01:10:29.846 INFO  [main] o.f.core.internal.command.DbMigrate - Migrating schema "public" to version "3 - subtype schedule defaults"
01:10:29.847 INFO  [main] o.f.core.internal.command.DbMigrate - Migrating schema "public" to version "4 - journal open item core"
01:10:29.849 INFO  [main] o.f.core.internal.command.DbMigrate - Migrating schema "public" to version "5 - open item concurrency and fks"
01:10:29.850 INFO  [main] o.f.core.internal.command.DbMigrate - Migrating schema "public" to version "6 - workflow run records"
01:10:29.851 INFO  [main] o.f.core.internal.command.DbMigrate - Migrating schema "public" to version "7 - workflow run status constraints"
01:10:29.851 INFO  [main] o.f.core.internal.command.DbMigrate - Migrating schema "public" to version "8 - approval audit records"
01:10:29.852 INFO  [main] o.f.core.internal.command.DbMigrate - Migrating schema "public" to version "45 - add budget category"
01:10:29.854 INFO  [main] o.f.core.internal.command.DbMigrate - Migrating schema "public" to version "46 - company user admin foundation"
01:10:29.856 INFO  [main] o.f.core.internal.command.DbMigrate - Migrating schema "public" to version "47 - accounting period and audit"
01:10:29.857 INFO  [main] o.f.core.internal.command.DbMigrate - Migrating schema "public" to version "48 - transaction corrections"
01:10:29.860 INFO  [main] o.f.core.internal.command.DbMigrate - Migrating schema "public" to version "49 - txn reconciliation protection"
01:10:29.861 INFO  [main] o.f.core.internal.command.DbMigrate - Migrating schema "public" to version "50 - budget plan and line"
01:10:29.863 INFO  [main] o.f.core.internal.command.DbMigrate - Migrating schema "public" to version "51 - bank import batch and statement line"
01:10:29.866 INFO  [main] o.f.core.internal.command.DbMigrate - Migrating schema "public" to version "52 - bank and configured bank account"
01:10:29.870 INFO  [main] o.f.core.internal.command.DbMigrate - Migrating schema "public" to version "53 - bank import review all rows"
01:10:29.871 INFO  [main] o.f.core.internal.command.DbMigrate - Migrating schema "public" to version "54 - txn split cleared state"
01:10:29.875 INFO  [main] o.f.core.internal.command.DbMigrate - Migrating schema "public" to version "55 - fixed assets and depreciation"
01:10:29.877 INFO  [main] o.f.core.internal.command.DbMigrate - Migrating schema "public" to version "56 - inventory items and movements"
01:10:29.879 INFO  [main] o.f.core.internal.command.DbMigrate - Migrating schema "public" to version "57 - bank reconciliation workspace"
01:10:29.880 INFO  [main] o.f.core.internal.command.DbMigrate - Migrating schema "public" to version "58 - txn supplemental lines"
01:10:29.881 INFO  [main] o.f.core.internal.command.DbMigrate - Migrating schema "public" to version "59 - company ui preferences and state"
01:10:29.882 INFO  [main] o.f.core.internal.command.DbMigrate - Migrating schema "public" to version "60 - period close ranges"
01:10:29.887 INFO  [main] o.f.core.internal.command.DbMigrate - Migrating schema "public" to version "61 - company ownership and interchange identity"
01:10:29.898 INFO  [main] o.f.core.internal.command.DbMigrate - Migrating schema "public" to version "62 - txn portable identity"
01:10:29.902 INFO  [main] o.f.core.internal.command.DbMigrate - Successfully applied 26 migrations to schema "public", now at version v62 (execution time 00:00.026s)
[NPBK] Flyway migration complete.
[NPBK] Creating JPA EntityManagerFactory for selected database.
01:10:29.955 INFO  [main] com.zaxxer.hikari.HikariDataSource - HikariPool-36 - Starting...
01:10:29.965 INFO  [main] com.zaxxer.hikari.HikariDataSource - HikariPool-36 - Start completed.
[NPBK] JPA EntityManagerFactory created for selected database.
01:10:30.123 INFO  [main] com.zaxxer.hikari.HikariDataSource - HikariPool-36 - Shutdown initiated...
01:10:30.129 INFO  [main] com.zaxxer.hikari.HikariDataSource - HikariPool-36 - Shutdown completed.
[NPBK] Preparing database: /tmp/junit3968913415963929509/transaction-edit-delete
[NPBK] Flyway migration starting.
[NPBK] JDBC URL: jdbc:h2:file:/tmp/junit3968913415963929509/transaction-edit-delete;MODE=PostgreSQL;DATABASE_TO_LOWER=TRUE;DEFAULT_NULL_ORDERING=HIGH;INIT=CREATE SCHEMA IF NOT EXISTS PUBLIC\;SET SCHEMA PUBLIC
01:10:30.145 INFO  [main] org.flywaydb.core.FlywayExecutor - Database: jdbc:h2:file:/tmp/junit3968913415963929509/transaction-edit-delete (H2 2.2)
01:10:30.148 INFO  [main] o.f.c.i.s.JdbcTableSchemaHistory - Schema history table "public"."flyway_schema_history" does not exist yet
01:10:30.148 INFO  [main] o.f.core.internal.command.DbValidate - Successfully validated 26 migrations (execution time 00:00.002s)
01:10:30.148 INFO  [main] o.f.c.i.s.JdbcTableSchemaHistory - Creating Schema History table "public"."flyway_schema_history" ...
01:10:30.149 INFO  [main] o.f.core.internal.command.DbMigrate - Current version of schema "public": << Empty Schema >>
01:10:30.151 INFO  [main] o.f.core.internal.command.DbMigrate - Migrating schema "public" to version "1 - init"
01:10:30.154 INFO  [main] o.f.core.internal.command.DbMigrate - Migrating schema "public" to version "2 - schedule items"
01:10:30.156 INFO  [main] o.f.core.internal.command.DbMigrate - Migrating schema "public" to version "3 - subtype schedule defaults"
01:10:30.157 INFO  [main] o.f.core.internal.command.DbMigrate - Migrating schema "public" to version "4 - journal open item core"
01:10:30.158 INFO  [main] o.f.core.internal.command.DbMigrate - Migrating schema "public" to version "5 - open item concurrency and fks"
01:10:30.159 INFO  [main] o.f.core.internal.command.DbMigrate - Migrating schema "public" to version "6 - workflow run records"
01:10:30.160 INFO  [main] o.f.core.internal.command.DbMigrate - Migrating schema "public" to version "7 - workflow run status constraints"
01:10:30.161 INFO  [main] o.f.core.internal.command.DbMigrate - Migrating schema "public" to version "8 - approval audit records"
01:10:30.161 INFO  [main] o.f.core.internal.command.DbMigrate - Migrating schema "public" to version "45 - add budget category"
01:10:30.164 INFO  [main] o.f.core.internal.command.DbMigrate - Migrating schema "public" to version "46 - company user admin foundation"
01:10:30.173 INFO  [main] o.f.core.internal.command.DbMigrate - Migrating schema "public" to version "47 - accounting period and audit"
01:10:30.175 INFO  [main] o.f.core.internal.command.DbMigrate - Migrating schema "public" to version "48 - transaction corrections"
01:10:30.178 INFO  [main] o.f.core.internal.command.DbMigrate - Migrating schema "public" to version "49 - txn reconciliation protection"
01:10:30.179 INFO  [main] o.f.core.internal.command.DbMigrate - Migrating schema "public" to version "50 - budget plan and line"
01:10:30.181 INFO  [main] o.f.core.internal.command.DbMigrate - Migrating schema "public" to version "51 - bank import batch and statement line"
01:10:30.184 INFO  [main] o.f.core.internal.command.DbMigrate - Migrating schema "public" to version "52 - bank and configured bank account"
01:10:30.189 INFO  [main] o.f.core.internal.command.DbMigrate - Migrating schema "public" to version "53 - bank import review all rows"
01:10:30.190 INFO  [main] o.f.core.internal.command.DbMigrate - Migrating schema "public" to version "54 - txn split cleared state"
01:10:30.193 INFO  [main] o.f.core.internal.command.DbMigrate - Migrating schema "public" to version "55 - fixed assets and depreciation"
01:10:30.195 INFO  [main] o.f.core.internal.command.DbMigrate - Migrating schema "public" to version "56 - inventory items and movements"
01:10:30.197 INFO  [main] o.f.core.internal.command.DbMigrate - Migrating schema "public" to version "57 - bank reconciliation workspace"
01:10:30.198 INFO  [main] o.f.core.internal.command.DbMigrate - Migrating schema "public" to version "58 - txn supplemental lines"
01:10:30.200 INFO  [main] o.f.core.internal.command.DbMigrate - Migrating schema "public" to version "59 - company ui preferences and state"
01:10:30.200 INFO  [main] o.f.core.internal.command.DbMigrate - Migrating schema "public" to version "60 - period close ranges"
01:10:30.204 INFO  [main] o.f.core.internal.command.DbMigrate - Migrating schema "public" to version "61 - company ownership and interchange identity"
01:10:30.216 INFO  [main] o.f.core.internal.command.DbMigrate - Migrating schema "public" to version "62 - txn portable identity"
01:10:30.217 INFO  [main] o.f.core.internal.command.DbMigrate - Successfully applied 26 migrations to schema "public", now at version v62 (execution time 00:00.025s)
[NPBK] Flyway migration complete.
[NPBK] Creating JPA EntityManagerFactory for selected database.
01:10:30.270 INFO  [main] com.zaxxer.hikari.HikariDataSource - HikariPool-37 - Starting...
01:10:30.278 INFO  [main] com.zaxxer.hikari.HikariDataSource - HikariPool-37 - Start completed.
[NPBK] JPA EntityManagerFactory created for selected database.
01:10:30.428 INFO  [main] com.zaxxer.hikari.HikariDataSource - HikariPool-37 - Shutdown initiated...
01:10:30.434 INFO  [main] com.zaxxer.hikari.HikariDataSource - HikariPool-37 - Shutdown completed.
[NPBK] Preparing database: /tmp/junit15463497263258697089/transaction-unbalanced
[NPBK] Flyway migration starting.
[NPBK] JDBC URL: jdbc:h2:file:/tmp/junit15463497263258697089/transaction-unbalanced;MODE=PostgreSQL;DATABASE_TO_LOWER=TRUE;DEFAULT_NULL_ORDERING=HIGH;INIT=CREATE SCHEMA IF NOT EXISTS PUBLIC\;SET SCHEMA PUBLIC
01:10:30.446 INFO  [main] org.flywaydb.core.FlywayExecutor - Database: jdbc:h2:file:/tmp/junit15463497263258697089/transaction-unbalanced (H2 2.2)
01:10:30.450 INFO  [main] o.f.c.i.s.JdbcTableSchemaHistory - Schema history table "public"."flyway_schema_history" does not exist yet
01:10:30.451 INFO  [main] o.f.core.internal.command.DbValidate - Successfully validated 26 migrations (execution time 00:00.003s)
01:10:30.451 INFO  [main] o.f.c.i.s.JdbcTableSchemaHistory - Creating Schema History table "public"."flyway_schema_history" ...
01:10:30.452 INFO  [main] o.f.core.internal.command.DbMigrate - Current version of schema "public": << Empty Schema >>
01:10:30.453 INFO  [main] o.f.core.internal.command.DbMigrate - Migrating schema "public" to version "1 - init"
01:10:30.457 INFO  [main] o.f.core.internal.command.DbMigrate - Migrating schema "public" to version "2 - schedule items"
01:10:30.459 INFO  [main] o.f.core.internal.command.DbMigrate - Migrating schema "public" to version "3 - subtype schedule defaults"
01:10:30.460 INFO  [main] o.f.core.internal.command.DbMigrate - Migrating schema "public" to version "4 - journal open item core"
01:10:30.461 INFO  [main] o.f.core.internal.command.DbMigrate - Migrating schema "public" to version "5 - open item concurrency and fks"
01:10:30.462 INFO  [main] o.f.core.internal.command.DbMigrate - Migrating schema "public" to version "6 - workflow run records"
01:10:30.463 INFO  [main] o.f.core.internal.command.DbMigrate - Migrating schema "public" to version "7 - workflow run status constraints"
01:10:30.464 INFO  [main] o.f.core.internal.command.DbMigrate - Migrating schema "public" to version "8 - approval audit records"
01:10:30.464 INFO  [main] o.f.core.internal.command.DbMigrate - Migrating schema "public" to version "45 - add budget category"
01:10:30.467 INFO  [main] o.f.core.internal.command.DbMigrate - Migrating schema "public" to version "46 - company user admin foundation"
01:10:30.469 INFO  [main] o.f.core.internal.command.DbMigrate - Migrating schema "public" to version "47 - accounting period and audit"
01:10:30.470 INFO  [main] o.f.core.internal.command.DbMigrate - Migrating schema "public" to version "48 - transaction corrections"
01:10:30.473 INFO  [main] o.f.core.internal.command.DbMigrate - Migrating schema "public" to version "49 - txn reconciliation protection"
01:10:30.474 INFO  [main] o.f.core.internal.command.DbMigrate - Migrating schema "public" to version "50 - budget plan and line"
01:10:30.476 INFO  [main] o.f.core.internal.command.DbMigrate - Migrating schema "public" to version "51 - bank import batch and statement line"
01:10:30.478 INFO  [main] o.f.core.internal.command.DbMigrate - Migrating schema "public" to version "52 - bank and configured bank account"
01:10:30.483 INFO  [main] o.f.core.internal.command.DbMigrate - Migrating schema "public" to version "53 - bank import review all rows"
01:10:30.484 INFO  [main] o.f.core.internal.command.DbMigrate - Migrating schema "public" to version "54 - txn split cleared state"
01:10:30.489 INFO  [main] o.f.core.internal.command.DbMigrate - Migrating schema "public" to version "55 - fixed assets and depreciation"
01:10:30.491 INFO  [main] o.f.core.internal.command.DbMigrate - Migrating schema "public" to version "56 - inventory items and movements"
01:10:30.493 INFO  [main] o.f.core.internal.command.DbMigrate - Migrating schema "public" to version "57 - bank reconciliation workspace"
01:10:30.494 INFO  [main] o.f.core.internal.command.DbMigrate - Migrating schema "public" to version "58 - txn supplemental lines"
01:10:30.495 INFO  [main] o.f.core.internal.command.DbMigrate - Migrating schema "public" to version "59 - company ui preferences and state"
01:10:30.496 INFO  [main] o.f.core.internal.command.DbMigrate - Migrating schema "public" to version "60 - period close ranges"
01:10:30.500 INFO  [main] o.f.core.internal.command.DbMigrate - Migrating schema "public" to version "61 - company ownership and interchange identity"
01:10:30.511 INFO  [main] o.f.core.internal.command.DbMigrate - Migrating schema "public" to version "62 - txn portable identity"
01:10:30.513 INFO  [main] o.f.core.internal.command.DbMigrate - Successfully applied 26 migrations to schema "public", now at version v62 (execution time 00:00.025s)
[NPBK] Flyway migration complete.
[NPBK] Creating JPA EntityManagerFactory for selected database.
01:10:30.563 INFO  [main] com.zaxxer.hikari.HikariDataSource - HikariPool-38 - Starting...
01:10:30.573 INFO  [main] com.zaxxer.hikari.HikariDataSource - HikariPool-38 - Start completed.
[NPBK] JPA EntityManagerFactory created for selected database.
01:10:30.718 INFO  [main] com.zaxxer.hikari.HikariDataSource - HikariPool-38 - Shutdown initiated...
01:10:30.723 INFO  [main] com.zaxxer.hikari.HikariDataSource - HikariPool-38 - Shutdown completed.
[INFO] Tests run: 3, Failures: 0, Errors: 0, Skipped: 0, Time elapsed: 0.908 s -- in org.nonprofitbookkeeping.service.TransactionCorrectionServiceTest
[INFO] Running org.nonprofitbookkeeping.service.FinancialReportExportAdapterTest
Jul 27, 2026 1:10:30 AM net.sf.jasperreports.engine.xml.JRTextFieldFactory createObject
WARNING: The 'isStretchWithOverflow' attribute is deprecated. Use the 'textAdjust' attribute instead.
[INFO] Tests run: 2, Failures: 0, Errors: 0, Skipped: 0, Time elapsed: 3.022 s -- in org.nonprofitbookkeeping.service.FinancialReportExportAdapterTest
[INFO] Running org.nonprofitbookkeeping.service.PeriodCloseRangeServiceTest
[NPBK] Preparing database: /tmp/junit6154114372305486292/period-close
[NPBK] Flyway migration starting.
[NPBK] JDBC URL: jdbc:h2:file:/tmp/junit6154114372305486292/period-close;MODE=PostgreSQL;DATABASE_TO_LOWER=TRUE;DEFAULT_NULL_ORDERING=HIGH;INIT=CREATE SCHEMA IF NOT EXISTS PUBLIC\;SET SCHEMA PUBLIC
01:10:33.764 INFO  [main] org.flywaydb.core.FlywayExecutor - Database: jdbc:h2:file:/tmp/junit6154114372305486292/period-close (H2 2.2)
01:10:33.773 INFO  [main] o.f.c.i.s.JdbcTableSchemaHistory - Schema history table "public"."flyway_schema_history" does not exist yet
01:10:33.774 INFO  [main] o.f.core.internal.command.DbValidate - Successfully validated 26 migrations (execution time 00:00.007s)
01:10:33.774 INFO  [main] o.f.c.i.s.JdbcTableSchemaHistory - Creating Schema History table "public"."flyway_schema_history" ...
01:10:33.777 INFO  [main] o.f.core.internal.command.DbMigrate - Current version of schema "public": << Empty Schema >>
01:10:33.781 INFO  [main] o.f.core.internal.command.DbMigrate - Migrating schema "public" to version "1 - init"
01:10:33.794 INFO  [main] o.f.core.internal.command.DbMigrate - Migrating schema "public" to version "2 - schedule items"
01:10:33.798 INFO  [main] o.f.core.internal.command.DbMigrate - Migrating schema "public" to version "3 - subtype schedule defaults"
01:10:33.801 INFO  [main] o.f.core.internal.command.DbMigrate - Migrating schema "public" to version "4 - journal open item core"
01:10:33.804 INFO  [main] o.f.core.internal.command.DbMigrate - Migrating schema "public" to version "5 - open item concurrency and fks"
01:10:33.807 INFO  [main] o.f.core.internal.command.DbMigrate - Migrating schema "public" to version "6 - workflow run records"
01:10:33.809 INFO  [main] o.f.core.internal.command.DbMigrate - Migrating schema "public" to version "7 - workflow run status constraints"
01:10:33.811 INFO  [main] o.f.core.internal.command.DbMigrate - Migrating schema "public" to version "8 - approval audit records"
01:10:33.812 INFO  [main] o.f.core.internal.command.DbMigrate - Migrating schema "public" to version "45 - add budget category"
01:10:33.818 INFO  [main] o.f.core.internal.command.DbMigrate - Migrating schema "public" to version "46 - company user admin foundation"
01:10:33.824 INFO  [main] o.f.core.internal.command.DbMigrate - Migrating schema "public" to version "47 - accounting period and audit"
01:10:33.827 INFO  [main] o.f.core.internal.command.DbMigrate - Migrating schema "public" to version "48 - transaction corrections"
01:10:33.833 INFO  [main] o.f.core.internal.command.DbMigrate - Migrating schema "public" to version "49 - txn reconciliation protection"
01:10:33.836 INFO  [main] o.f.core.internal.command.DbMigrate - Migrating schema "public" to version "50 - budget plan and line"
01:10:33.840 INFO  [main] o.f.core.internal.command.DbMigrate - Migrating schema "public" to version "51 - bank import batch and statement line"
01:10:33.847 INFO  [main] o.f.core.internal.command.DbMigrate - Migrating schema "public" to version "52 - bank and configured bank account"
01:10:33.858 INFO  [main] o.f.core.internal.command.DbMigrate - Migrating schema "public" to version "53 - bank import review all rows"
01:10:33.859 INFO  [main] o.f.core.internal.command.DbMigrate - Migrating schema "public" to version "54 - txn split cleared state"
01:10:33.866 INFO  [main] o.f.core.internal.command.DbMigrate - Migrating schema "public" to version "55 - fixed assets and depreciation"
01:10:33.871 INFO  [main] o.f.core.internal.command.DbMigrate - Migrating schema "public" to version "56 - inventory items and movements"
01:10:33.875 INFO  [main] o.f.core.internal.command.DbMigrate - Migrating schema "public" to version "57 - bank reconciliation workspace"
01:10:33.879 INFO  [main] o.f.core.internal.command.DbMigrate - Migrating schema "public" to version "58 - txn supplemental lines"
01:10:33.881 INFO  [main] o.f.core.internal.command.DbMigrate - Migrating schema "public" to version "59 - company ui preferences and state"
01:10:33.883 INFO  [main] o.f.core.internal.command.DbMigrate - Migrating schema "public" to version "60 - period close ranges"
01:10:33.891 INFO  [main] o.f.core.internal.command.DbMigrate - Migrating schema "public" to version "61 - company ownership and interchange identity"
01:10:33.920 INFO  [main] o.f.core.internal.command.DbMigrate - Migrating schema "public" to version "62 - txn portable identity"
01:10:33.924 INFO  [main] o.f.core.internal.command.DbMigrate - Successfully applied 26 migrations to schema "public", now at version v62 (execution time 00:00.084s)
[NPBK] Flyway migration complete.
[NPBK] Creating JPA EntityManagerFactory for selected database.
01:10:34.017 INFO  [main] com.zaxxer.hikari.HikariDataSource - HikariPool-39 - Starting...
01:10:34.036 INFO  [main] com.zaxxer.hikari.HikariDataSource - HikariPool-39 - Start completed.
[NPBK] JPA EntityManagerFactory created for selected database.
01:10:34.277 INFO  [main] com.zaxxer.hikari.HikariDataSource - HikariPool-39 - Shutdown initiated...
01:10:34.280 INFO  [main] com.zaxxer.hikari.HikariDataSource - HikariPool-39 - Shutdown completed.
[NPBK] Preparing database: /tmp/junit6154114372305486292/period-close
[NPBK] Flyway migration starting.
[NPBK] JDBC URL: jdbc:h2:file:/tmp/junit6154114372305486292/period-close;MODE=PostgreSQL;DATABASE_TO_LOWER=TRUE;DEFAULT_NULL_ORDERING=HIGH;INIT=CREATE SCHEMA IF NOT EXISTS PUBLIC\;SET SCHEMA PUBLIC
01:10:34.331 INFO  [main] org.flywaydb.core.FlywayExecutor - Database: jdbc:h2:file:/tmp/junit6154114372305486292/period-close (H2 2.2)
01:10:34.336 INFO  [main] o.f.core.internal.command.DbValidate - Successfully validated 26 migrations (execution time 00:00.004s)
01:10:34.337 INFO  [main] o.f.core.internal.command.DbMigrate - Current version of schema "public": 62
01:10:34.337 INFO  [main] o.f.core.internal.command.DbMigrate - Schema "public" is up to date. No migration necessary.
[NPBK] Flyway migration complete.
[NPBK] Creating JPA EntityManagerFactory for selected database.
01:10:34.419 INFO  [main] com.zaxxer.hikari.HikariDataSource - HikariPool-40 - Starting...
01:10:34.438 INFO  [main] com.zaxxer.hikari.HikariDataSource - HikariPool-40 - Start completed.
[NPBK] JPA EntityManagerFactory created for selected database.
01:10:34.644 INFO  [main] com.zaxxer.hikari.HikariDataSource - HikariPool-40 - Shutdown initiated...
01:10:34.649 INFO  [main] com.zaxxer.hikari.HikariDataSource - HikariPool-40 - Shutdown completed.
[NPBK] Preparing database: /tmp/junit16705685403587930443/formal-adjustment
[NPBK] Flyway migration starting.
[NPBK] JDBC URL: jdbc:h2:file:/tmp/junit16705685403587930443/formal-adjustment;MODE=PostgreSQL;DATABASE_TO_LOWER=TRUE;DEFAULT_NULL_ORDERING=HIGH;INIT=CREATE SCHEMA IF NOT EXISTS PUBLIC\;SET SCHEMA PUBLIC
01:10:34.665 INFO  [main] org.flywaydb.core.FlywayExecutor - Database: jdbc:h2:file:/tmp/junit16705685403587930443/formal-adjustment (H2 2.2)
01:10:34.670 INFO  [main] o.f.c.i.s.JdbcTableSchemaHistory - Schema history table "public"."flyway_schema_history" does not exist yet
01:10:34.670 INFO  [main] o.f.core.internal.command.DbValidate - Successfully validated 26 migrations (execution time 00:00.004s)
01:10:34.670 INFO  [main] o.f.c.i.s.JdbcTableSchemaHistory - Creating Schema History table "public"."flyway_schema_history" ...
01:10:34.672 INFO  [main] o.f.core.internal.command.DbMigrate - Current version of schema "public": << Empty Schema >>
01:10:34.674 INFO  [main] o.f.core.internal.command.DbMigrate - Migrating schema "public" to version "1 - init"
01:10:34.682 INFO  [main] o.f.core.internal.command.DbMigrate - Migrating schema "public" to version "2 - schedule items"
01:10:34.684 INFO  [main] o.f.core.internal.command.DbMigrate - Migrating schema "public" to version "3 - subtype schedule defaults"
01:10:34.687 INFO  [main] o.f.core.internal.command.DbMigrate - Migrating schema "public" to version "4 - journal open item core"
01:10:34.689 INFO  [main] o.f.core.internal.command.DbMigrate - Migrating schema "public" to version "5 - open item concurrency and fks"
01:10:34.692 INFO  [main] o.f.core.internal.command.DbMigrate - Migrating schema "public" to version "6 - workflow run records"
01:10:34.693 INFO  [main] o.f.core.internal.command.DbMigrate - Migrating schema "public" to version "7 - workflow run status constraints"
01:10:34.694 INFO  [main] o.f.core.internal.command.DbMigrate - Migrating schema "public" to version "8 - approval audit records"
01:10:34.696 INFO  [main] o.f.core.internal.command.DbMigrate - Migrating schema "public" to version "45 - add budget category"
01:10:34.701 INFO  [main] o.f.core.internal.command.DbMigrate - Migrating schema "public" to version "46 - company user admin foundation"
01:10:34.705 INFO  [main] o.f.core.internal.command.DbMigrate - Migrating schema "public" to version "47 - accounting period and audit"
01:10:34.707 INFO  [main] o.f.core.internal.command.DbMigrate - Migrating schema "public" to version "48 - transaction corrections"
01:10:34.713 INFO  [main] o.f.core.internal.command.DbMigrate - Migrating schema "public" to version "49 - txn reconciliation protection"
01:10:34.716 INFO  [main] o.f.core.internal.command.DbMigrate - Migrating schema "public" to version "50 - budget plan and line"
01:10:34.720 INFO  [main] o.f.core.internal.command.DbMigrate - Migrating schema "public" to version "51 - bank import batch and statement line"
01:10:34.725 INFO  [main] o.f.core.internal.command.DbMigrate - Migrating schema "public" to version "52 - bank and configured bank account"
01:10:34.735 INFO  [main] o.f.core.internal.command.DbMigrate - Migrating schema "public" to version "53 - bank import review all rows"
01:10:34.737 INFO  [main] o.f.core.internal.command.DbMigrate - Migrating schema "public" to version "54 - txn split cleared state"
01:10:34.744 INFO  [main] o.f.core.internal.command.DbMigrate - Migrating schema "public" to version "55 - fixed assets and depreciation"
01:10:34.748 INFO  [main] o.f.core.internal.command.DbMigrate - Migrating schema "public" to version "56 - inventory items and movements"
01:10:34.751 INFO  [main] o.f.core.internal.command.DbMigrate - Migrating schema "public" to version "57 - bank reconciliation workspace"
01:10:34.754 INFO  [main] o.f.core.internal.command.DbMigrate - Migrating schema "public" to version "58 - txn supplemental lines"
01:10:34.757 INFO  [main] o.f.core.internal.command.DbMigrate - Migrating schema "public" to version "59 - company ui preferences and state"
01:10:34.758 INFO  [main] o.f.core.internal.command.DbMigrate - Migrating schema "public" to version "60 - period close ranges"
01:10:34.766 INFO  [main] o.f.core.internal.command.DbMigrate - Migrating schema "public" to version "61 - company ownership and interchange identity"
01:10:34.788 INFO  [main] o.f.core.internal.command.DbMigrate - Migrating schema "public" to version "62 - txn portable identity"
01:10:34.792 INFO  [main] o.f.core.internal.command.DbMigrate - Successfully applied 26 migrations to schema "public", now at version v62 (execution time 00:00.061s)
[NPBK] Flyway migration complete.
[NPBK] Creating JPA EntityManagerFactory for selected database.
01:10:34.886 INFO  [main] com.zaxxer.hikari.HikariDataSource - HikariPool-41 - Starting...
01:10:34.910 INFO  [main] com.zaxxer.hikari.HikariDataSource - HikariPool-41 - Start completed.
[NPBK] JPA EntityManagerFactory created for selected database.
01:10:35.110 INFO  [main] com.zaxxer.hikari.HikariDataSource - HikariPool-41 - Shutdown initiated...
01:10:35.115 INFO  [main] com.zaxxer.hikari.HikariDataSource - HikariPool-41 - Shutdown completed.
[NPBK] Preparing database: /tmp/junit10095408011033399579/company-scoped-close
[NPBK] Flyway migration starting.
[NPBK] JDBC URL: jdbc:h2:file:/tmp/junit10095408011033399579/company-scoped-close;MODE=PostgreSQL;DATABASE_TO_LOWER=TRUE;DEFAULT_NULL_ORDERING=HIGH;INIT=CREATE SCHEMA IF NOT EXISTS PUBLIC\;SET SCHEMA PUBLIC
01:10:35.130 INFO  [main] org.flywaydb.core.FlywayExecutor - Database: jdbc:h2:file:/tmp/junit10095408011033399579/company-scoped-close (H2 2.2)
01:10:35.134 INFO  [main] o.f.c.i.s.JdbcTableSchemaHistory - Schema history table "public"."flyway_schema_history" does not exist yet
01:10:35.134 INFO  [main] o.f.core.internal.command.DbValidate - Successfully validated 26 migrations (execution time 00:00.003s)
01:10:35.135 INFO  [main] o.f.c.i.s.JdbcTableSchemaHistory - Creating Schema History table "public"."flyway_schema_history" ...
01:10:35.136 INFO  [main] o.f.core.internal.command.DbMigrate - Current version of schema "public": << Empty Schema >>
01:10:35.139 INFO  [main] o.f.core.internal.command.DbMigrate - Migrating schema "public" to version "1 - init"
01:10:35.145 INFO  [main] o.f.core.internal.command.DbMigrate - Migrating schema "public" to version "2 - schedule items"
01:10:35.148 INFO  [main] o.f.core.internal.command.DbMigrate - Migrating schema "public" to version "3 - subtype schedule defaults"
01:10:35.150 INFO  [main] o.f.core.internal.command.DbMigrate - Migrating schema "public" to version "4 - journal open item core"
01:10:35.152 INFO  [main] o.f.core.internal.command.DbMigrate - Migrating schema "public" to version "5 - open item concurrency and fks"
01:10:35.155 INFO  [main] o.f.core.internal.command.DbMigrate - Migrating schema "public" to version "6 - workflow run records"
01:10:35.156 INFO  [main] o.f.core.internal.command.DbMigrate - Migrating schema "public" to version "7 - workflow run status constraints"
01:10:35.157 INFO  [main] o.f.core.internal.command.DbMigrate - Migrating schema "public" to version "8 - approval audit records"
01:10:35.159 INFO  [main] o.f.core.internal.command.DbMigrate - Migrating schema "public" to version "45 - add budget category"
01:10:35.164 INFO  [main] o.f.core.internal.command.DbMigrate - Migrating schema "public" to version "46 - company user admin foundation"
01:10:35.168 INFO  [main] o.f.core.internal.command.DbMigrate - Migrating schema "public" to version "47 - accounting period and audit"
01:10:35.171 INFO  [main] o.f.core.internal.command.DbMigrate - Migrating schema "public" to version "48 - transaction corrections"
01:10:35.176 INFO  [main] o.f.core.internal.command.DbMigrate - Migrating schema "public" to version "49 - txn reconciliation protection"
01:10:35.178 INFO  [main] o.f.core.internal.command.DbMigrate - Migrating schema "public" to version "50 - budget plan and line"
01:10:35.182 INFO  [main] o.f.core.internal.command.DbMigrate - Migrating schema "public" to version "51 - bank import batch and statement line"
01:10:35.187 INFO  [main] o.f.core.internal.command.DbMigrate - Migrating schema "public" to version "52 - bank and configured bank account"
01:10:35.196 INFO  [main] o.f.core.internal.command.DbMigrate - Migrating schema "public" to version "53 - bank import review all rows"
01:10:35.198 INFO  [main] o.f.core.internal.command.DbMigrate - Migrating schema "public" to version "54 - txn split cleared state"
01:10:35.205 INFO  [main] o.f.core.internal.command.DbMigrate - Migrating schema "public" to version "55 - fixed assets and depreciation"
01:10:35.209 INFO  [main] o.f.core.internal.command.DbMigrate - Migrating schema "public" to version "56 - inventory items and movements"
01:10:35.212 INFO  [main] o.f.core.internal.command.DbMigrate - Migrating schema "public" to version "57 - bank reconciliation workspace"
01:10:35.215 INFO  [main] o.f.core.internal.command.DbMigrate - Migrating schema "public" to version "58 - txn supplemental lines"
01:10:35.217 INFO  [main] o.f.core.internal.command.DbMigrate - Migrating schema "public" to version "59 - company ui preferences and state"
01:10:35.219 INFO  [main] o.f.core.internal.command.DbMigrate - Migrating schema "public" to version "60 - period close ranges"
01:10:35.226 INFO  [main] o.f.core.internal.command.DbMigrate - Migrating schema "public" to version "61 - company ownership and interchange identity"
01:10:35.247 INFO  [main] o.f.core.internal.command.DbMigrate - Migrating schema "public" to version "62 - txn portable identity"
01:10:35.250 INFO  [main] o.f.core.internal.command.DbMigrate - Successfully applied 26 migrations to schema "public", now at version v62 (execution time 00:00.056s)
[NPBK] Flyway migration complete.
[NPBK] Creating JPA EntityManagerFactory for selected database.
01:10:35.321 INFO  [main] com.zaxxer.hikari.HikariDataSource - HikariPool-42 - Starting...
01:10:35.335 INFO  [main] com.zaxxer.hikari.HikariDataSource - HikariPool-42 - Start completed.
[NPBK] JPA EntityManagerFactory created for selected database.
01:10:35.524 INFO  [main] com.zaxxer.hikari.HikariDataSource - HikariPool-42 - Shutdown initiated...
01:10:35.531 INFO  [main] com.zaxxer.hikari.HikariDataSource - HikariPool-42 - Shutdown completed.
[INFO] Tests run: 3, Failures: 0, Errors: 0, Skipped: 0, Time elapsed: 1.785 s -- in org.nonprofitbookkeeping.service.PeriodCloseRangeServiceTest
[INFO] Running org.nonprofitbookkeeping.service.TransactionCorrectionClosedPeriodTest
[NPBK] Preparing database: /tmp/junit8890983370319790037/closed-original
[NPBK] Flyway migration starting.
[NPBK] JDBC URL: jdbc:h2:file:/tmp/junit8890983370319790037/closed-original;MODE=PostgreSQL;DATABASE_TO_LOWER=TRUE;DEFAULT_NULL_ORDERING=HIGH;INIT=CREATE SCHEMA IF NOT EXISTS PUBLIC\;SET SCHEMA PUBLIC
01:10:35.555 INFO  [main] org.flywaydb.core.FlywayExecutor - Database: jdbc:h2:file:/tmp/junit8890983370319790037/closed-original (H2 2.2)
01:10:35.577 INFO  [main] o.f.c.i.s.JdbcTableSchemaHistory - Schema history table "public"."flyway_schema_history" does not exist yet
01:10:35.577 INFO  [main] o.f.core.internal.command.DbValidate - Successfully validated 26 migrations (execution time 00:00.021s)
01:10:35.578 INFO  [main] o.f.c.i.s.JdbcTableSchemaHistory - Creating Schema History table "public"."flyway_schema_history" ...
01:10:35.579 INFO  [main] o.f.core.internal.command.DbMigrate - Current version of schema "public": << Empty Schema >>
01:10:35.581 INFO  [main] o.f.core.internal.command.DbMigrate - Migrating schema "public" to version "1 - init"
01:10:35.586 INFO  [main] o.f.core.internal.command.DbMigrate - Migrating schema "public" to version "2 - schedule items"
01:10:35.588 INFO  [main] o.f.core.internal.command.DbMigrate - Migrating schema "public" to version "3 - subtype schedule defaults"
01:10:35.589 INFO  [main] o.f.core.internal.command.DbMigrate - Migrating schema "public" to version "4 - journal open item core"
01:10:35.590 INFO  [main] o.f.core.internal.command.DbMigrate - Migrating schema "public" to version "5 - open item concurrency and fks"
01:10:35.592 INFO  [main] o.f.core.internal.command.DbMigrate - Migrating schema "public" to version "6 - workflow run records"
01:10:35.593 INFO  [main] o.f.core.internal.command.DbMigrate - Migrating schema "public" to version "7 - workflow run status constraints"
01:10:35.594 INFO  [main] o.f.core.internal.command.DbMigrate - Migrating schema "public" to version "8 - approval audit records"
01:10:35.595 INFO  [main] o.f.core.internal.command.DbMigrate - Migrating schema "public" to version "45 - add budget category"
01:10:35.598 INFO  [main] o.f.core.internal.command.DbMigrate - Migrating schema "public" to version "46 - company user admin foundation"
01:10:35.602 INFO  [main] o.f.core.internal.command.DbMigrate - Migrating schema "public" to version "47 - accounting period and audit"
01:10:35.603 INFO  [main] o.f.core.internal.command.DbMigrate - Migrating schema "public" to version "48 - transaction corrections"
01:10:35.607 INFO  [main] o.f.core.internal.command.DbMigrate - Migrating schema "public" to version "49 - txn reconciliation protection"
01:10:35.608 INFO  [main] o.f.core.internal.command.DbMigrate - Migrating schema "public" to version "50 - budget plan and line"
01:10:35.611 INFO  [main] o.f.core.internal.command.DbMigrate - Migrating schema "public" to version "51 - bank import batch and statement line"
01:10:35.614 INFO  [main] o.f.core.internal.command.DbMigrate - Migrating schema "public" to version "52 - bank and configured bank account"
01:10:35.620 INFO  [main] o.f.core.internal.command.DbMigrate - Migrating schema "public" to version "53 - bank import review all rows"
01:10:35.621 INFO  [main] o.f.core.internal.command.DbMigrate - Migrating schema "public" to version "54 - txn split cleared state"
01:10:35.626 INFO  [main] o.f.core.internal.command.DbMigrate - Migrating schema "public" to version "55 - fixed assets and depreciation"
01:10:35.628 INFO  [main] o.f.core.internal.command.DbMigrate - Migrating schema "public" to version "56 - inventory items and movements"
01:10:35.630 INFO  [main] o.f.core.internal.command.DbMigrate - Migrating schema "public" to version "57 - bank reconciliation workspace"
01:10:35.632 INFO  [main] o.f.core.internal.command.DbMigrate - Migrating schema "public" to version "58 - txn supplemental lines"
01:10:35.634 INFO  [main] o.f.core.internal.command.DbMigrate - Migrating schema "public" to version "59 - company ui preferences and state"
01:10:35.635 INFO  [main] o.f.core.internal.command.DbMigrate - Migrating schema "public" to version "60 - period close ranges"
01:10:35.640 INFO  [main] o.f.core.internal.command.DbMigrate - Migrating schema "public" to version "61 - company ownership and interchange identity"
01:10:35.655 INFO  [main] o.f.core.internal.command.DbMigrate - Migrating schema "public" to version "62 - txn portable identity"
01:10:35.657 INFO  [main] o.f.core.internal.command.DbMigrate - Successfully applied 26 migrations to schema "public", now at version v62 (execution time 00:00.035s)
[NPBK] Flyway migration complete.
[NPBK] Creating JPA EntityManagerFactory for selected database.
01:10:35.715 INFO  [main] com.zaxxer.hikari.HikariDataSource - HikariPool-43 - Starting...
01:10:35.725 INFO  [main] com.zaxxer.hikari.HikariDataSource - HikariPool-43 - Start completed.
[NPBK] JPA EntityManagerFactory created for selected database.
01:10:35.876 INFO  [main] com.zaxxer.hikari.HikariDataSource - HikariPool-43 - Shutdown initiated...
01:10:35.880 INFO  [main] com.zaxxer.hikari.HikariDataSource - HikariPool-43 - Shutdown completed.
[NPBK] Preparing database: /tmp/junit10844413734926647842/closed-original-reversal
[NPBK] Flyway migration starting.
[NPBK] JDBC URL: jdbc:h2:file:/tmp/junit10844413734926647842/closed-original-reversal;MODE=PostgreSQL;DATABASE_TO_LOWER=TRUE;DEFAULT_NULL_ORDERING=HIGH;INIT=CREATE SCHEMA IF NOT EXISTS PUBLIC\;SET SCHEMA PUBLIC
01:10:35.896 INFO  [main] org.flywaydb.core.FlywayExecutor - Database: jdbc:h2:file:/tmp/junit10844413734926647842/closed-original-reversal (H2 2.2)
01:10:35.899 INFO  [main] o.f.c.i.s.JdbcTableSchemaHistory - Schema history table "public"."flyway_schema_history" does not exist yet
01:10:35.900 INFO  [main] o.f.core.internal.command.DbValidate - Successfully validated 26 migrations (execution time 00:00.002s)
01:10:35.900 INFO  [main] o.f.c.i.s.JdbcTableSchemaHistory - Creating Schema History table "public"."flyway_schema_history" ...
01:10:35.901 INFO  [main] o.f.core.internal.command.DbMigrate - Current version of schema "public": << Empty Schema >>
01:10:35.903 INFO  [main] o.f.core.internal.command.DbMigrate - Migrating schema "public" to version "1 - init"
01:10:35.907 INFO  [main] o.f.core.internal.command.DbMigrate - Migrating schema "public" to version "2 - schedule items"
01:10:35.909 INFO  [main] o.f.core.internal.command.DbMigrate - Migrating schema "public" to version "3 - subtype schedule defaults"
01:10:35.912 INFO  [main] o.f.core.internal.command.DbMigrate - Migrating schema "public" to version "4 - journal open item core"
01:10:35.913 INFO  [main] o.f.core.internal.command.DbMigrate - Migrating schema "public" to version "5 - open item concurrency and fks"
01:10:35.915 INFO  [main] o.f.core.internal.command.DbMigrate - Migrating schema "public" to version "6 - workflow run records"
01:10:35.916 INFO  [main] o.f.core.internal.command.DbMigrate - Migrating schema "public" to version "7 - workflow run status constraints"
01:10:35.917 INFO  [main] o.f.core.internal.command.DbMigrate - Migrating schema "public" to version "8 - approval audit records"
01:10:35.918 INFO  [main] o.f.core.internal.command.DbMigrate - Migrating schema "public" to version "45 - add budget category"
01:10:35.921 INFO  [main] o.f.core.internal.command.DbMigrate - Migrating schema "public" to version "46 - company user admin foundation"
01:10:35.924 INFO  [main] o.f.core.internal.command.DbMigrate - Migrating schema "public" to version "47 - accounting period and audit"
01:10:35.926 INFO  [main] o.f.core.internal.command.DbMigrate - Migrating schema "public" to version "48 - transaction corrections"
01:10:35.931 INFO  [main] o.f.core.internal.command.DbMigrate - Migrating schema "public" to version "49 - txn reconciliation protection"
01:10:35.933 INFO  [main] o.f.core.internal.command.DbMigrate - Migrating schema "public" to version "50 - budget plan and line"
01:10:35.936 INFO  [main] o.f.core.internal.command.DbMigrate - Migrating schema "public" to version "51 - bank import batch and statement line"
01:10:35.940 INFO  [main] o.f.core.internal.command.DbMigrate - Migrating schema "public" to version "52 - bank and configured bank account"
01:10:35.946 INFO  [main] o.f.core.internal.command.DbMigrate - Migrating schema "public" to version "53 - bank import review all rows"
01:10:35.947 INFO  [main] o.f.core.internal.command.DbMigrate - Migrating schema "public" to version "54 - txn split cleared state"
01:10:35.951 INFO  [main] o.f.core.internal.command.DbMigrate - Migrating schema "public" to version "55 - fixed assets and depreciation"
01:10:35.953 INFO  [main] o.f.core.internal.command.DbMigrate - Migrating schema "public" to version "56 - inventory items and movements"
01:10:35.955 INFO  [main] o.f.core.internal.command.DbMigrate - Migrating schema "public" to version "57 - bank reconciliation workspace"
01:10:35.957 INFO  [main] o.f.core.internal.command.DbMigrate - Migrating schema "public" to version "58 - txn supplemental lines"
01:10:35.959 INFO  [main] o.f.core.internal.command.DbMigrate - Migrating schema "public" to version "59 - company ui preferences and state"
01:10:35.960 INFO  [main] o.f.core.internal.command.DbMigrate - Migrating schema "public" to version "60 - period close ranges"
01:10:35.964 INFO  [main] o.f.core.internal.command.DbMigrate - Migrating schema "public" to version "61 - company ownership and interchange identity"
01:10:35.980 INFO  [main] o.f.core.internal.command.DbMigrate - Migrating schema "public" to version "62 - txn portable identity"
01:10:35.983 INFO  [main] o.f.core.internal.command.DbMigrate - Successfully applied 26 migrations to schema "public", now at version v62 (execution time 00:00.036s)
[NPBK] Flyway migration complete.
[NPBK] Creating JPA EntityManagerFactory for selected database.
01:10:36.034 INFO  [main] com.zaxxer.hikari.HikariDataSource - HikariPool-44 - Starting...
01:10:36.045 INFO  [main] com.zaxxer.hikari.HikariDataSource - HikariPool-44 - Start completed.
[NPBK] JPA EntityManagerFactory created for selected database.
01:10:36.252 INFO  [main] com.zaxxer.hikari.HikariDataSource - HikariPool-44 - Shutdown initiated...
01:10:36.257 INFO  [main] com.zaxxer.hikari.HikariDataSource - HikariPool-44 - Shutdown completed.
[NPBK] Preparing database: /tmp/junit18321262575427220271/closed-destination
[NPBK] Flyway migration starting.
[NPBK] JDBC URL: jdbc:h2:file:/tmp/junit18321262575427220271/closed-destination;MODE=PostgreSQL;DATABASE_TO_LOWER=TRUE;DEFAULT_NULL_ORDERING=HIGH;INIT=CREATE SCHEMA IF NOT EXISTS PUBLIC\;SET SCHEMA PUBLIC
01:10:36.271 INFO  [main] org.flywaydb.core.FlywayExecutor - Database: jdbc:h2:file:/tmp/junit18321262575427220271/closed-destination (H2 2.2)
01:10:36.276 INFO  [main] o.f.c.i.s.JdbcTableSchemaHistory - Schema history table "public"."flyway_schema_history" does not exist yet
01:10:36.276 INFO  [main] o.f.core.internal.command.DbValidate - Successfully validated 26 migrations (execution time 00:00.003s)
01:10:36.276 INFO  [main] o.f.c.i.s.JdbcTableSchemaHistory - Creating Schema History table "public"."flyway_schema_history" ...
01:10:36.278 INFO  [main] o.f.core.internal.command.DbMigrate - Current version of schema "public": << Empty Schema >>
01:10:36.280 INFO  [main] o.f.core.internal.command.DbMigrate - Migrating schema "public" to version "1 - init"
01:10:36.288 INFO  [main] o.f.core.internal.command.DbMigrate - Migrating schema "public" to version "2 - schedule items"
01:10:36.290 INFO  [main] o.f.core.internal.command.DbMigrate - Migrating schema "public" to version "3 - subtype schedule defaults"
01:10:36.292 INFO  [main] o.f.core.internal.command.DbMigrate - Migrating schema "public" to version "4 - journal open item core"
01:10:36.294 INFO  [main] o.f.core.internal.command.DbMigrate - Migrating schema "public" to version "5 - open item concurrency and fks"
01:10:36.297 INFO  [main] o.f.core.internal.command.DbMigrate - Migrating schema "public" to version "6 - workflow run records"
01:10:36.298 INFO  [main] o.f.core.internal.command.DbMigrate - Migrating schema "public" to version "7 - workflow run status constraints"
01:10:36.299 INFO  [main] o.f.core.internal.command.DbMigrate - Migrating schema "public" to version "8 - approval audit records"
01:10:36.301 INFO  [main] o.f.core.internal.command.DbMigrate - Migrating schema "public" to version "45 - add budget category"
01:10:36.305 INFO  [main] o.f.core.internal.command.DbMigrate - Migrating schema "public" to version "46 - company user admin foundation"
01:10:36.309 INFO  [main] o.f.core.internal.command.DbMigrate - Migrating schema "public" to version "47 - accounting period and audit"
01:10:36.312 INFO  [main] o.f.core.internal.command.DbMigrate - Migrating schema "public" to version "48 - transaction corrections"
01:10:36.317 INFO  [main] o.f.core.internal.command.DbMigrate - Migrating schema "public" to version "49 - txn reconciliation protection"
01:10:36.319 INFO  [main] o.f.core.internal.command.DbMigrate - Migrating schema "public" to version "50 - budget plan and line"
01:10:36.323 INFO  [main] o.f.core.internal.command.DbMigrate - Migrating schema "public" to version "51 - bank import batch and statement line"
01:10:36.328 INFO  [main] o.f.core.internal.command.DbMigrate - Migrating schema "public" to version "52 - bank and configured bank account"
01:10:36.337 INFO  [main] o.f.core.internal.command.DbMigrate - Migrating schema "public" to version "53 - bank import review all rows"
01:10:36.339 INFO  [main] o.f.core.internal.command.DbMigrate - Migrating schema "public" to version "54 - txn split cleared state"
01:10:36.345 INFO  [main] o.f.core.internal.command.DbMigrate - Migrating schema "public" to version "55 - fixed assets and depreciation"
01:10:36.348 INFO  [main] o.f.core.internal.command.DbMigrate - Migrating schema "public" to version "56 - inventory items and movements"
01:10:36.352 INFO  [main] o.f.core.internal.command.DbMigrate - Migrating schema "public" to version "57 - bank reconciliation workspace"
01:10:36.354 INFO  [main] o.f.core.internal.command.DbMigrate - Migrating schema "public" to version "58 - txn supplemental lines"
01:10:36.356 INFO  [main] o.f.core.internal.command.DbMigrate - Migrating schema "public" to version "59 - company ui preferences and state"
01:10:36.358 INFO  [main] o.f.core.internal.command.DbMigrate - Migrating schema "public" to version "60 - period close ranges"
01:10:36.365 INFO  [main] o.f.core.internal.command.DbMigrate - Migrating schema "public" to version "61 - company ownership and interchange identity"
01:10:36.385 INFO  [main] o.f.core.internal.command.DbMigrate - Migrating schema "public" to version "62 - txn portable identity"
01:10:36.389 INFO  [main] o.f.core.internal.command.DbMigrate - Successfully applied 26 migrations to schema "public", now at version v62 (execution time 00:00.054s)
[NPBK] Flyway migration complete.
[NPBK] Creating JPA EntityManagerFactory for selected database.
01:10:36.458 INFO  [main] com.zaxxer.hikari.HikariDataSource - HikariPool-45 - Starting...
01:10:36.473 INFO  [main] com.zaxxer.hikari.HikariDataSource - HikariPool-45 - Start completed.
[NPBK] JPA EntityManagerFactory created for selected database.
01:10:36.679 INFO  [main] com.zaxxer.hikari.HikariDataSource - HikariPool-45 - Shutdown initiated...
01:10:36.683 INFO  [main] com.zaxxer.hikari.HikariDataSource - HikariPool-45 - Shutdown completed.
[INFO] Tests run: 3, Failures: 0, Errors: 0, Skipped: 0, Time elapsed: 1.150 s -- in org.nonprofitbookkeeping.service.TransactionCorrectionClosedPeriodTest
[INFO] Running org.nonprofitbookkeeping.service.JournalPostingServiceIntegrationTest
01:10:36.691 INFO  [main] org.flywaydb.core.FlywayExecutor - Database: jdbc:h2:mem:repo_test_72c5d88c-b0fa-4ab5-b8f7-5170f5dbdd5f (H2 2.2)
01:10:36.696 INFO  [main] o.f.c.i.s.JdbcTableSchemaHistory - Schema history table "public"."flyway_schema_history" does not exist yet
01:10:36.696 INFO  [main] o.f.core.internal.command.DbValidate - Successfully validated 26 migrations (execution time 00:00.004s)
01:10:36.696 INFO  [main] o.f.c.i.s.JdbcTableSchemaHistory - Creating Schema History table "public"."flyway_schema_history" ...
01:10:36.698 INFO  [main] o.f.core.internal.command.DbMigrate - Current version of schema "public": << Empty Schema >>
01:10:36.700 INFO  [main] o.f.core.internal.command.DbMigrate - Migrating schema "public" to version "1 - init"
01:10:36.708 INFO  [main] o.f.core.internal.command.DbMigrate - Migrating schema "public" to version "2 - schedule items"
01:10:36.711 INFO  [main] o.f.core.internal.command.DbMigrate - Migrating schema "public" to version "3 - subtype schedule defaults"
01:10:36.713 INFO  [main] o.f.core.internal.command.DbMigrate - Migrating schema "public" to version "4 - journal open item core"
01:10:36.715 INFO  [main] o.f.core.internal.command.DbMigrate - Migrating schema "public" to version "5 - open item concurrency and fks"
01:10:36.717 INFO  [main] o.f.core.internal.command.DbMigrate - Migrating schema "public" to version "6 - workflow run records"
01:10:36.718 INFO  [main] o.f.core.internal.command.DbMigrate - Migrating schema "public" to version "7 - workflow run status constraints"
01:10:36.720 INFO  [main] o.f.core.internal.command.DbMigrate - Migrating schema "public" to version "8 - approval audit records"
01:10:36.721 INFO  [main] o.f.core.internal.command.DbMigrate - Migrating schema "public" to version "45 - add budget category"
01:10:36.725 INFO  [main] o.f.core.internal.command.DbMigrate - Migrating schema "public" to version "46 - company user admin foundation"
01:10:36.729 INFO  [main] o.f.core.internal.command.DbMigrate - Migrating schema "public" to version "47 - accounting period and audit"
01:10:36.731 INFO  [main] o.f.core.internal.command.DbMigrate - Migrating schema "public" to version "48 - transaction corrections"
01:10:36.736 INFO  [main] o.f.core.internal.command.DbMigrate - Migrating schema "public" to version "49 - txn reconciliation protection"
01:10:36.738 INFO  [main] o.f.core.internal.command.DbMigrate - Migrating schema "public" to version "50 - budget plan and line"
01:10:36.741 INFO  [main] o.f.core.internal.command.DbMigrate - Migrating schema "public" to version "51 - bank import batch and statement line"
01:10:36.746 INFO  [main] o.f.core.internal.command.DbMigrate - Migrating schema "public" to version "52 - bank and configured bank account"
01:10:36.755 INFO  [main] o.f.core.internal.command.DbMigrate - Migrating schema "public" to version "53 - bank import review all rows"
01:10:36.756 INFO  [main] o.f.core.internal.command.DbMigrate - Migrating schema "public" to version "54 - txn split cleared state"
01:10:36.762 INFO  [main] o.f.core.internal.command.DbMigrate - Migrating schema "public" to version "55 - fixed assets and depreciation"
01:10:36.765 INFO  [main] o.f.core.internal.command.DbMigrate - Migrating schema "public" to version "56 - inventory items and movements"
01:10:36.768 INFO  [main] o.f.core.internal.command.DbMigrate - Migrating schema "public" to version "57 - bank reconciliation workspace"
01:10:36.771 INFO  [main] o.f.core.internal.command.DbMigrate - Migrating schema "public" to version "58 - txn supplemental lines"
01:10:36.773 INFO  [main] o.f.core.internal.command.DbMigrate - Migrating schema "public" to version "59 - company ui preferences and state"
01:10:36.774 INFO  [main] o.f.core.internal.command.DbMigrate - Migrating schema "public" to version "60 - period close ranges"
01:10:36.781 INFO  [main] o.f.core.internal.command.DbMigrate - Migrating schema "public" to version "61 - company ownership and interchange identity"
01:10:36.801 INFO  [main] o.f.core.internal.command.DbMigrate - Migrating schema "public" to version "62 - txn portable identity"
01:10:36.804 INFO  [main] o.f.core.internal.command.DbMigrate - Successfully applied 26 migrations to schema "public", now at version v62 (execution time 00:00.054s)
01:10:36.819 INFO  [main] org.flywaydb.core.FlywayExecutor - Database: jdbc:h2:mem:repo_test_280bc95e-60b7-4a94-9e2b-8a2365b088cd (H2 2.2)
01:10:36.824 INFO  [main] o.f.c.i.s.JdbcTableSchemaHistory - Schema history table "public"."flyway_schema_history" does not exist yet
01:10:36.824 INFO  [main] o.f.core.internal.command.DbValidate - Successfully validated 26 migrations (execution time 00:00.003s)
01:10:36.824 INFO  [main] o.f.c.i.s.JdbcTableSchemaHistory - Creating Schema History table "public"."flyway_schema_history" ...
01:10:36.825 INFO  [main] o.f.core.internal.command.DbMigrate - Current version of schema "public": << Empty Schema >>
01:10:36.828 INFO  [main] o.f.core.internal.command.DbMigrate - Migrating schema "public" to version "1 - init"
01:10:36.834 INFO  [main] o.f.core.internal.command.DbMigrate - Migrating schema "public" to version "2 - schedule items"
01:10:36.836 INFO  [main] o.f.core.internal.command.DbMigrate - Migrating schema "public" to version "3 - subtype schedule defaults"
01:10:36.838 INFO  [main] o.f.core.internal.command.DbMigrate - Migrating schema "public" to version "4 - journal open item core"
01:10:36.840 INFO  [main] o.f.core.internal.command.DbMigrate - Migrating schema "public" to version "5 - open item concurrency and fks"
01:10:36.842 INFO  [main] o.f.core.internal.command.DbMigrate - Migrating schema "public" to version "6 - workflow run records"
01:10:36.843 INFO  [main] o.f.core.internal.command.DbMigrate - Migrating schema "public" to version "7 - workflow run status constraints"
01:10:36.844 INFO  [main] o.f.core.internal.command.DbMigrate - Migrating schema "public" to version "8 - approval audit records"
01:10:36.845 INFO  [main] o.f.core.internal.command.DbMigrate - Migrating schema "public" to version "45 - add budget category"
01:10:36.849 INFO  [main] o.f.core.internal.command.DbMigrate - Migrating schema "public" to version "46 - company user admin foundation"
01:10:36.853 INFO  [main] o.f.core.internal.command.DbMigrate - Migrating schema "public" to version "47 - accounting period and audit"
01:10:36.854 INFO  [main] o.f.core.internal.command.DbMigrate - Migrating schema "public" to version "48 - transaction corrections"
01:10:36.859 INFO  [main] o.f.core.internal.command.DbMigrate - Migrating schema "public" to version "49 - txn reconciliation protection"
01:10:36.860 INFO  [main] o.f.core.internal.command.DbMigrate - Migrating schema "public" to version "50 - budget plan and line"
01:10:36.863 INFO  [main] o.f.core.internal.command.DbMigrate - Migrating schema "public" to version "51 - bank import batch and statement line"
01:10:36.868 INFO  [main] o.f.core.internal.command.DbMigrate - Migrating schema "public" to version "52 - bank and configured bank account"
01:10:36.875 INFO  [main] o.f.core.internal.command.DbMigrate - Migrating schema "public" to version "53 - bank import review all rows"
01:10:36.876 INFO  [main] o.f.core.internal.command.DbMigrate - Migrating schema "public" to version "54 - txn split cleared state"
01:10:36.882 INFO  [main] o.f.core.internal.command.DbMigrate - Migrating schema "public" to version "55 - fixed assets and depreciation"
01:10:36.886 INFO  [main] o.f.core.internal.command.DbMigrate - Migrating schema "public" to version "56 - inventory items and movements"
01:10:36.888 INFO  [main] o.f.core.internal.command.DbMigrate - Migrating schema "public" to version "57 - bank reconciliation workspace"
01:10:36.891 INFO  [main] o.f.core.internal.command.DbMigrate - Migrating schema "public" to version "58 - txn supplemental lines"
01:10:36.893 INFO  [main] o.f.core.internal.command.DbMigrate - Migrating schema "public" to version "59 - company ui preferences and state"
01:10:36.894 INFO  [main] o.f.core.internal.command.DbMigrate - Migrating schema "public" to version "60 - period close ranges"
01:10:36.901 INFO  [main] o.f.core.internal.command.DbMigrate - Migrating schema "public" to version "61 - company ownership and interchange identity"
01:10:36.933 INFO  [main] o.f.core.internal.command.DbMigrate - Migrating schema "public" to version "62 - txn portable identity"
01:10:36.935 INFO  [main] o.f.core.internal.command.DbMigrate - Successfully applied 26 migrations to schema "public", now at version v62 (execution time 00:00.061s)
01:10:36.945 INFO  [main] org.flywaydb.core.FlywayExecutor - Database: jdbc:h2:mem:repo_test_c1f3c0ae-3bf0-4b97-8fcb-19ed3fd7227c (H2 2.2)
01:10:36.949 INFO  [main] o.f.c.i.s.JdbcTableSchemaHistory - Schema history table "public"."flyway_schema_history" does not exist yet
01:10:36.949 INFO  [main] o.f.core.internal.command.DbValidate - Successfully validated 26 migrations (execution time 00:00.003s)
01:10:36.950 INFO  [main] o.f.c.i.s.JdbcTableSchemaHistory - Creating Schema History table "public"."flyway_schema_history" ...
01:10:36.951 INFO  [main] o.f.core.internal.command.DbMigrate - Current version of schema "public": << Empty Schema >>
01:10:36.953 INFO  [main] o.f.core.internal.command.DbMigrate - Migrating schema "public" to version "1 - init"
01:10:36.959 INFO  [main] o.f.core.internal.command.DbMigrate - Migrating schema "public" to version "2 - schedule items"
01:10:36.961 INFO  [main] o.f.core.internal.command.DbMigrate - Migrating schema "public" to version "3 - subtype schedule defaults"
01:10:36.962 INFO  [main] o.f.core.internal.command.DbMigrate - Migrating schema "public" to version "4 - journal open item core"
01:10:36.964 INFO  [main] o.f.core.internal.command.DbMigrate - Migrating schema "public" to version "5 - open item concurrency and fks"
01:10:36.966 INFO  [main] o.f.core.internal.command.DbMigrate - Migrating schema "public" to version "6 - workflow run records"
01:10:36.967 INFO  [main] o.f.core.internal.command.DbMigrate - Migrating schema "public" to version "7 - workflow run status constraints"
01:10:36.968 INFO  [main] o.f.core.internal.command.DbMigrate - Migrating schema "public" to version "8 - approval audit records"
01:10:36.969 INFO  [main] o.f.core.internal.command.DbMigrate - Migrating schema "public" to version "45 - add budget category"
01:10:36.973 INFO  [main] o.f.core.internal.command.DbMigrate - Migrating schema "public" to version "46 - company user admin foundation"
01:10:36.977 INFO  [main] o.f.core.internal.command.DbMigrate - Migrating schema "public" to version "47 - accounting period and audit"
01:10:36.978 INFO  [main] o.f.core.internal.command.DbMigrate - Migrating schema "public" to version "48 - transaction corrections"
01:10:36.983 INFO  [main] o.f.core.internal.command.DbMigrate - Migrating schema "public" to version "49 - txn reconciliation protection"
01:10:36.984 INFO  [main] o.f.core.internal.command.DbMigrate - Migrating schema "public" to version "50 - budget plan and line"
01:10:36.988 INFO  [main] o.f.core.internal.command.DbMigrate - Migrating schema "public" to version "51 - bank import batch and statement line"
01:10:36.992 INFO  [main] o.f.core.internal.command.DbMigrate - Migrating schema "public" to version "52 - bank and configured bank account"
01:10:37.000 INFO  [main] o.f.core.internal.command.DbMigrate - Migrating schema "public" to version "53 - bank import review all rows"
01:10:37.001 INFO  [main] o.f.core.internal.command.DbMigrate - Migrating schema "public" to version "54 - txn split cleared state"
01:10:37.008 INFO  [main] o.f.core.internal.command.DbMigrate - Migrating schema "public" to version "55 - fixed assets and depreciation"
01:10:37.012 INFO  [main] o.f.core.internal.command.DbMigrate - Migrating schema "public" to version "56 - inventory items and movements"
01:10:37.015 INFO  [main] o.f.core.internal.command.DbMigrate - Migrating schema "public" to version "57 - bank reconciliation workspace"
01:10:37.018 INFO  [main] o.f.core.internal.command.DbMigrate - Migrating schema "public" to version "58 - txn supplemental lines"
01:10:37.020 INFO  [main] o.f.core.internal.command.DbMigrate - Migrating schema "public" to version "59 - company ui preferences and state"
01:10:37.021 INFO  [main] o.f.core.internal.command.DbMigrate - Migrating schema "public" to version "60 - period close ranges"
01:10:37.028 INFO  [main] o.f.core.internal.command.DbMigrate - Migrating schema "public" to version "61 - company ownership and interchange identity"
01:10:37.047 INFO  [main] o.f.core.internal.command.DbMigrate - Migrating schema "public" to version "62 - txn portable identity"
01:10:37.050 INFO  [main] o.f.core.internal.command.DbMigrate - Successfully applied 26 migrations to schema "public", now at version v62 (execution time 00:00.049s)
01:10:37.061 INFO  [main] org.flywaydb.core.FlywayExecutor - Database: jdbc:h2:mem:repo_test_95b29b13-054c-4b42-8db7-03638bc2a443 (H2 2.2)
01:10:37.066 INFO  [main] o.f.c.i.s.JdbcTableSchemaHistory - Schema history table "public"."flyway_schema_history" does not exist yet
01:10:37.066 INFO  [main] o.f.core.internal.command.DbValidate - Successfully validated 26 migrations (execution time 00:00.003s)
01:10:37.066 INFO  [main] o.f.c.i.s.JdbcTableSchemaHistory - Creating Schema History table "public"."flyway_schema_history" ...
01:10:37.067 INFO  [main] o.f.core.internal.command.DbMigrate - Current version of schema "public": << Empty Schema >>
01:10:37.070 INFO  [main] o.f.core.internal.command.DbMigrate - Migrating schema "public" to version "1 - init"
01:10:37.076 INFO  [main] o.f.core.internal.command.DbMigrate - Migrating schema "public" to version "2 - schedule items"
01:10:37.078 INFO  [main] o.f.core.internal.command.DbMigrate - Migrating schema "public" to version "3 - subtype schedule defaults"
01:10:37.080 INFO  [main] o.f.core.internal.command.DbMigrate - Migrating schema "public" to version "4 - journal open item core"
01:10:37.082 INFO  [main] o.f.core.internal.command.DbMigrate - Migrating schema "public" to version "5 - open item concurrency and fks"
01:10:37.084 INFO  [main] o.f.core.internal.command.DbMigrate - Migrating schema "public" to version "6 - workflow run records"
01:10:37.085 INFO  [main] o.f.core.internal.command.DbMigrate - Migrating schema "public" to version "7 - workflow run status constraints"
01:10:37.086 INFO  [main] o.f.core.internal.command.DbMigrate - Migrating schema "public" to version "8 - approval audit records"
01:10:37.087 INFO  [main] o.f.core.internal.command.DbMigrate - Migrating schema "public" to version "45 - add budget category"
01:10:37.091 INFO  [main] o.f.core.internal.command.DbMigrate - Migrating schema "public" to version "46 - company user admin foundation"
01:10:37.094 INFO  [main] o.f.core.internal.command.DbMigrate - Migrating schema "public" to version "47 - accounting period and audit"
01:10:37.096 INFO  [main] o.f.core.internal.command.DbMigrate - Migrating schema "public" to version "48 - transaction corrections"
01:10:37.100 INFO  [main] o.f.core.internal.command.DbMigrate - Migrating schema "public" to version "49 - txn reconciliation protection"
01:10:37.102 INFO  [main] o.f.core.internal.command.DbMigrate - Migrating schema "public" to version "50 - budget plan and line"
01:10:37.106 INFO  [main] o.f.core.internal.command.DbMigrate - Migrating schema "public" to version "51 - bank import batch and statement line"
01:10:37.110 INFO  [main] o.f.core.internal.command.DbMigrate - Migrating schema "public" to version "52 - bank and configured bank account"
01:10:37.117 INFO  [main] o.f.core.internal.command.DbMigrate - Migrating schema "public" to version "53 - bank import review all rows"
01:10:37.119 INFO  [main] o.f.core.internal.command.DbMigrate - Migrating schema "public" to version "54 - txn split cleared state"
01:10:37.124 INFO  [main] o.f.core.internal.command.DbMigrate - Migrating schema "public" to version "55 - fixed assets and depreciation"
01:10:37.127 INFO  [main] o.f.core.internal.command.DbMigrate - Migrating schema "public" to version "56 - inventory items and movements"
01:10:37.131 INFO  [main] o.f.core.internal.command.DbMigrate - Migrating schema "public" to version "57 - bank reconciliation workspace"
01:10:37.133 INFO  [main] o.f.core.internal.command.DbMigrate - Migrating schema "public" to version "58 - txn supplemental lines"
01:10:37.135 INFO  [main] o.f.core.internal.command.DbMigrate - Migrating schema "public" to version "59 - company ui preferences and state"
01:10:37.137 INFO  [main] o.f.core.internal.command.DbMigrate - Migrating schema "public" to version "60 - period close ranges"
01:10:37.143 INFO  [main] o.f.core.internal.command.DbMigrate - Migrating schema "public" to version "61 - company ownership and interchange identity"
01:10:37.160 INFO  [main] o.f.core.internal.command.DbMigrate - Migrating schema "public" to version "62 - txn portable identity"
01:10:37.163 INFO  [main] o.f.core.internal.command.DbMigrate - Successfully applied 26 migrations to schema "public", now at version v62 (execution time 00:00.045s)
01:10:37.171 INFO  [main] org.flywaydb.core.FlywayExecutor - Database: jdbc:h2:mem:repo_test_a871ef9b-c36f-4edc-bb83-310d207d699a (H2 2.2)
01:10:37.174 INFO  [main] o.f.c.i.s.JdbcTableSchemaHistory - Schema history table "public"."flyway_schema_history" does not exist yet
01:10:37.175 INFO  [main] o.f.core.internal.command.DbValidate - Successfully validated 26 migrations (execution time 00:00.003s)
01:10:37.175 INFO  [main] o.f.c.i.s.JdbcTableSchemaHistory - Creating Schema History table "public"."flyway_schema_history" ...
01:10:37.176 INFO  [main] o.f.core.internal.command.DbMigrate - Current version of schema "public": << Empty Schema >>
01:10:37.178 INFO  [main] o.f.core.internal.command.DbMigrate - Migrating schema "public" to version "1 - init"
01:10:37.184 INFO  [main] o.f.core.internal.command.DbMigrate - Migrating schema "public" to version "2 - schedule items"
01:10:37.186 INFO  [main] o.f.core.internal.command.DbMigrate - Migrating schema "public" to version "3 - subtype schedule defaults"
01:10:37.188 INFO  [main] o.f.core.internal.command.DbMigrate - Migrating schema "public" to version "4 - journal open item core"
01:10:37.190 INFO  [main] o.f.core.internal.command.DbMigrate - Migrating schema "public" to version "5 - open item concurrency and fks"
01:10:37.191 INFO  [main] o.f.core.internal.command.DbMigrate - Migrating schema "public" to version "6 - workflow run records"
01:10:37.193 INFO  [main] o.f.core.internal.command.DbMigrate - Migrating schema "public" to version "7 - workflow run status constraints"
01:10:37.194 INFO  [main] o.f.core.internal.command.DbMigrate - Migrating schema "public" to version "8 - approval audit records"
01:10:37.195 INFO  [main] o.f.core.internal.command.DbMigrate - Migrating schema "public" to version "45 - add budget category"
01:10:37.200 INFO  [main] o.f.core.internal.command.DbMigrate - Migrating schema "public" to version "46 - company user admin foundation"
01:10:37.204 INFO  [main] o.f.core.internal.command.DbMigrate - Migrating schema "public" to version "47 - accounting period and audit"
01:10:37.208 INFO  [main] o.f.core.internal.command.DbMigrate - Migrating schema "public" to version "48 - transaction corrections"
01:10:37.212 INFO  [main] o.f.core.internal.command.DbMigrate - Migrating schema "public" to version "49 - txn reconciliation protection"
01:10:37.214 INFO  [main] o.f.core.internal.command.DbMigrate - Migrating schema "public" to version "50 - budget plan and line"
01:10:37.217 INFO  [main] o.f.core.internal.command.DbMigrate - Migrating schema "public" to version "51 - bank import batch and statement line"
01:10:37.221 INFO  [main] o.f.core.internal.command.DbMigrate - Migrating schema "public" to version "52 - bank and configured bank account"
01:10:37.228 INFO  [main] o.f.core.internal.command.DbMigrate - Migrating schema "public" to version "53 - bank import review all rows"
01:10:37.230 INFO  [main] o.f.core.internal.command.DbMigrate - Migrating schema "public" to version "54 - txn split cleared state"
01:10:37.235 INFO  [main] o.f.core.internal.command.DbMigrate - Migrating schema "public" to version "55 - fixed assets and depreciation"
01:10:37.239 INFO  [main] o.f.core.internal.command.DbMigrate - Migrating schema "public" to version "56 - inventory items and movements"
01:10:37.243 INFO  [main] o.f.core.internal.command.DbMigrate - Migrating schema "public" to version "57 - bank reconciliation workspace"
01:10:37.245 INFO  [main] o.f.core.internal.command.DbMigrate - Migrating schema "public" to version "58 - txn supplemental lines"
01:10:37.247 INFO  [main] o.f.core.internal.command.DbMigrate - Migrating schema "public" to version "59 - company ui preferences and state"
01:10:37.249 INFO  [main] o.f.core.internal.command.DbMigrate - Migrating schema "public" to version "60 - period close ranges"
01:10:37.256 INFO  [main] o.f.core.internal.command.DbMigrate - Migrating schema "public" to version "61 - company ownership and interchange identity"
01:10:37.274 INFO  [main] o.f.core.internal.command.DbMigrate - Migrating schema "public" to version "62 - txn portable identity"
01:10:37.276 INFO  [main] o.f.core.internal.command.DbMigrate - Successfully applied 26 migrations to schema "public", now at version v62 (execution time 00:00.046s)
[INFO] Tests run: 5, Failures: 0, Errors: 0, Skipped: 0, Time elapsed: 0.596 s -- in org.nonprofitbookkeeping.service.JournalPostingServiceIntegrationTest
[INFO] Running org.nonprofitbookkeeping.service.LedgerQueryServiceTest
[INFO] Tests run: 2, Failures: 0, Errors: 0, Skipped: 0, Time elapsed: 0.002 s -- in org.nonprofitbookkeeping.service.LedgerQueryServiceTest
[INFO] Running org.nonprofitbookkeeping.service.FinancialReportServiceIntegrationTest
01:10:37.292 INFO  [main] org.flywaydb.core.FlywayExecutor - Database: jdbc:h2:file:/tmp/reporting-m216112028801455392604 (H2 2.2)
01:10:37.296 INFO  [main] o.f.c.i.s.JdbcTableSchemaHistory - Schema history table "public"."flyway_schema_history" does not exist yet
01:10:37.296 INFO  [main] o.f.core.internal.command.DbValidate - Successfully validated 26 migrations (execution time 00:00.003s)
01:10:37.296 INFO  [main] o.f.c.i.s.JdbcTableSchemaHistory - Creating Schema History table "public"."flyway_schema_history" ...
01:10:37.298 INFO  [main] o.f.core.internal.command.DbMigrate - Current version of schema "public": << Empty Schema >>
01:10:37.300 INFO  [main] o.f.core.internal.command.DbMigrate - Migrating schema "public" to version "1 - init"
01:10:37.306 INFO  [main] o.f.core.internal.command.DbMigrate - Migrating schema "public" to version "2 - schedule items"
01:10:37.308 INFO  [main] o.f.core.internal.command.DbMigrate - Migrating schema "public" to version "3 - subtype schedule defaults"
01:10:37.310 INFO  [main] o.f.core.internal.command.DbMigrate - Migrating schema "public" to version "4 - journal open item core"
01:10:37.312 INFO  [main] o.f.core.internal.command.DbMigrate - Migrating schema "public" to version "5 - open item concurrency and fks"
01:10:37.313 INFO  [main] o.f.core.internal.command.DbMigrate - Migrating schema "public" to version "6 - workflow run records"
01:10:37.315 INFO  [main] o.f.core.internal.command.DbMigrate - Migrating schema "public" to version "7 - workflow run status constraints"
01:10:37.316 INFO  [main] o.f.core.internal.command.DbMigrate - Migrating schema "public" to version "8 - approval audit records"
01:10:37.317 INFO  [main] o.f.core.internal.command.DbMigrate - Migrating schema "public" to version "45 - add budget category"
01:10:37.321 INFO  [main] o.f.core.internal.command.DbMigrate - Migrating schema "public" to version "46 - company user admin foundation"
01:10:37.325 INFO  [main] o.f.core.internal.command.DbMigrate - Migrating schema "public" to version "47 - accounting period and audit"
01:10:37.327 INFO  [main] o.f.core.internal.command.DbMigrate - Migrating schema "public" to version "48 - transaction corrections"
01:10:37.331 INFO  [main] o.f.core.internal.command.DbMigrate - Migrating schema "public" to version "49 - txn reconciliation protection"
01:10:37.333 INFO  [main] o.f.core.internal.command.DbMigrate - Migrating schema "public" to version "50 - budget plan and line"
01:10:37.336 INFO  [main] o.f.core.internal.command.DbMigrate - Migrating schema "public" to version "51 - bank import batch and statement line"
01:10:37.340 INFO  [main] o.f.core.internal.command.DbMigrate - Migrating schema "public" to version "52 - bank and configured bank account"
01:10:37.347 INFO  [main] o.f.core.internal.command.DbMigrate - Migrating schema "public" to version "53 - bank import review all rows"
01:10:37.348 INFO  [main] o.f.core.internal.command.DbMigrate - Migrating schema "public" to version "54 - txn split cleared state"
01:10:37.354 INFO  [main] o.f.core.internal.command.DbMigrate - Migrating schema "public" to version "55 - fixed assets and depreciation"
01:10:37.357 INFO  [main] o.f.core.internal.command.DbMigrate - Migrating schema "public" to version "56 - inventory items and movements"
01:10:37.360 INFO  [main] o.f.core.internal.command.DbMigrate - Migrating schema "public" to version "57 - bank reconciliation workspace"
01:10:37.362 INFO  [main] o.f.core.internal.command.DbMigrate - Migrating schema "public" to version "58 - txn supplemental lines"
01:10:37.363 INFO  [main] o.f.core.internal.command.DbMigrate - Migrating schema "public" to version "59 - company ui preferences and state"
01:10:37.365 INFO  [main] o.f.core.internal.command.DbMigrate - Migrating schema "public" to version "60 - period close ranges"
01:10:37.371 INFO  [main] o.f.core.internal.command.DbMigrate - Migrating schema "public" to version "61 - company ownership and interchange identity"
01:10:37.389 INFO  [main] o.f.core.internal.command.DbMigrate - Migrating schema "public" to version "62 - txn portable identity"
01:10:37.392 INFO  [main] o.f.core.internal.command.DbMigrate - Successfully applied 26 migrations to schema "public", now at version v62 (execution time 00:00.046s)
[NPBK] Preparing database: /tmp/reporting-m216112028801455392604.mv.db
[NPBK] Flyway migration starting.
[NPBK] JDBC URL: jdbc:h2:file:/tmp/reporting-m216112028801455392604;MODE=PostgreSQL;DATABASE_TO_LOWER=TRUE;DEFAULT_NULL_ORDERING=HIGH;INIT=CREATE SCHEMA IF NOT EXISTS PUBLIC\;SET SCHEMA PUBLIC
01:10:37.437 INFO  [main] org.flywaydb.core.FlywayExecutor - Database: jdbc:h2:file:/tmp/reporting-m216112028801455392604 (H2 2.2)
01:10:37.442 INFO  [main] o.f.core.internal.command.DbValidate - Successfully validated 26 migrations (execution time 00:00.004s)
01:10:37.442 INFO  [main] o.f.core.internal.command.DbMigrate - Current version of schema "public": 62
01:10:37.442 INFO  [main] o.f.core.internal.command.DbMigrate - Schema "public" is up to date. No migration necessary.
[NPBK] Flyway migration complete.
[NPBK] Creating JPA EntityManagerFactory for selected database.
01:10:37.509 INFO  [main] com.zaxxer.hikari.HikariDataSource - HikariPool-46 - Starting...
01:10:37.522 INFO  [main] com.zaxxer.hikari.HikariDataSource - HikariPool-46 - Start completed.
[NPBK] JPA EntityManagerFactory created for selected database.
01:10:37.764 INFO  [main] com.zaxxer.hikari.HikariDataSource - HikariPool-46 - Shutdown initiated...
01:10:37.772 INFO  [main] com.zaxxer.hikari.HikariDataSource - HikariPool-46 - Shutdown completed.
01:10:37.780 INFO  [main] org.flywaydb.core.FlywayExecutor - Database: jdbc:h2:file:/tmp/reporting-m14970429289674570426 (H2 2.2)
01:10:37.784 INFO  [main] o.f.c.i.s.JdbcTableSchemaHistory - Schema history table "public"."flyway_schema_history" does not exist yet
01:10:37.784 INFO  [main] o.f.core.internal.command.DbValidate - Successfully validated 26 migrations (execution time 00:00.003s)
01:10:37.785 INFO  [main] o.f.c.i.s.JdbcTableSchemaHistory - Creating Schema History table "public"."flyway_schema_history" ...
01:10:37.786 INFO  [main] o.f.core.internal.command.DbMigrate - Current version of schema "public": << Empty Schema >>
01:10:37.788 INFO  [main] o.f.core.internal.command.DbMigrate - Migrating schema "public" to version "1 - init"
01:10:37.794 INFO  [main] o.f.core.internal.command.DbMigrate - Migrating schema "public" to version "2 - schedule items"
01:10:37.796 INFO  [main] o.f.core.internal.command.DbMigrate - Migrating schema "public" to version "3 - subtype schedule defaults"
01:10:37.798 INFO  [main] o.f.core.internal.command.DbMigrate - Migrating schema "public" to version "4 - journal open item core"
01:10:37.800 INFO  [main] o.f.core.internal.command.DbMigrate - Migrating schema "public" to version "5 - open item concurrency and fks"
01:10:37.802 INFO  [main] o.f.core.internal.command.DbMigrate - Migrating schema "public" to version "6 - workflow run records"
01:10:37.804 INFO  [main] o.f.core.internal.command.DbMigrate - Migrating schema "public" to version "7 - workflow run status constraints"
01:10:37.805 INFO  [main] o.f.core.internal.command.DbMigrate - Migrating schema "public" to version "8 - approval audit records"
01:10:37.806 INFO  [main] o.f.core.internal.command.DbMigrate - Migrating schema "public" to version "45 - add budget category"
01:10:37.810 INFO  [main] o.f.core.internal.command.DbMigrate - Migrating schema "public" to version "46 - company user admin foundation"
01:10:37.813 INFO  [main] o.f.core.internal.command.DbMigrate - Migrating schema "public" to version "47 - accounting period and audit"
01:10:37.815 INFO  [main] o.f.core.internal.command.DbMigrate - Migrating schema "public" to version "48 - transaction corrections"
01:10:37.820 INFO  [main] o.f.core.internal.command.DbMigrate - Migrating schema "public" to version "49 - txn reconciliation protection"
01:10:37.822 INFO  [main] o.f.core.internal.command.DbMigrate - Migrating schema "public" to version "50 - budget plan and line"
01:10:37.825 INFO  [main] o.f.core.internal.command.DbMigrate - Migrating schema "public" to version "51 - bank import batch and statement line"
01:10:37.829 INFO  [main] o.f.core.internal.command.DbMigrate - Migrating schema "public" to version "52 - bank and configured bank account"
01:10:37.837 INFO  [main] o.f.core.internal.command.DbMigrate - Migrating schema "public" to version "53 - bank import review all rows"
01:10:37.838 INFO  [main] o.f.core.internal.command.DbMigrate - Migrating schema "public" to version "54 - txn split cleared state"
01:10:37.844 INFO  [main] o.f.core.internal.command.DbMigrate - Migrating schema "public" to version "55 - fixed assets and depreciation"
01:10:37.847 INFO  [main] o.f.core.internal.command.DbMigrate - Migrating schema "public" to version "56 - inventory items and movements"
01:10:37.850 INFO  [main] o.f.core.internal.command.DbMigrate - Migrating schema "public" to version "57 - bank reconciliation workspace"
01:10:37.852 INFO  [main] o.f.core.internal.command.DbMigrate - Migrating schema "public" to version "58 - txn supplemental lines"
01:10:37.854 INFO  [main] o.f.core.internal.command.DbMigrate - Migrating schema "public" to version "59 - company ui preferences and state"
01:10:37.856 INFO  [main] o.f.core.internal.command.DbMigrate - Migrating schema "public" to version "60 - period close ranges"
01:10:37.863 INFO  [main] o.f.core.internal.command.DbMigrate - Migrating schema "public" to version "61 - company ownership and interchange identity"
01:10:37.879 INFO  [main] o.f.core.internal.command.DbMigrate - Migrating schema "public" to version "62 - txn portable identity"
01:10:37.882 INFO  [main] o.f.core.internal.command.DbMigrate - Successfully applied 26 migrations to schema "public", now at version v62 (execution time 00:00.046s)
[NPBK] Preparing database: /tmp/reporting-m14970429289674570426.mv.db
[NPBK] Flyway migration starting.
[NPBK] JDBC URL: jdbc:h2:file:/tmp/reporting-m14970429289674570426;MODE=PostgreSQL;DATABASE_TO_LOWER=TRUE;DEFAULT_NULL_ORDERING=HIGH;INIT=CREATE SCHEMA IF NOT EXISTS PUBLIC\;SET SCHEMA PUBLIC
01:10:37.922 INFO  [main] org.flywaydb.core.FlywayExecutor - Database: jdbc:h2:file:/tmp/reporting-m14970429289674570426 (H2 2.2)
01:10:37.927 INFO  [main] o.f.core.internal.command.DbValidate - Successfully validated 26 migrations (execution time 00:00.004s)
01:10:37.928 INFO  [main] o.f.core.internal.command.DbMigrate - Current version of schema "public": 62
01:10:37.928 INFO  [main] o.f.core.internal.command.DbMigrate - Schema "public" is up to date. No migration necessary.
[NPBK] Flyway migration complete.
[NPBK] Creating JPA EntityManagerFactory for selected database.
01:10:37.999 INFO  [main] com.zaxxer.hikari.HikariDataSource - HikariPool-47 - Starting...
01:10:38.014 INFO  [main] com.zaxxer.hikari.HikariDataSource - HikariPool-47 - Start completed.
[NPBK] JPA EntityManagerFactory created for selected database.
01:10:38.221 INFO  [main] com.zaxxer.hikari.HikariDataSource - HikariPool-47 - Shutdown initiated...
01:10:38.227 INFO  [main] com.zaxxer.hikari.HikariDataSource - HikariPool-47 - Shutdown completed.
[INFO] Tests run: 2, Failures: 0, Errors: 0, Skipped: 0, Time elapsed: 0.944 s -- in org.nonprofitbookkeeping.service.FinancialReportServiceIntegrationTest
[INFO] Running org.nonprofitbookkeeping.service.BankConfigurationServiceTest
[NPBK] Preparing database: /tmp/junit15661361958278656401/bank-config
[NPBK] Flyway migration starting.
[NPBK] JDBC URL: jdbc:h2:file:/tmp/junit15661361958278656401/bank-config;MODE=PostgreSQL;DATABASE_TO_LOWER=TRUE;DEFAULT_NULL_ORDERING=HIGH;INIT=CREATE SCHEMA IF NOT EXISTS PUBLIC\;SET SCHEMA PUBLIC
01:10:38.243 INFO  [main] org.flywaydb.core.FlywayExecutor - Database: jdbc:h2:file:/tmp/junit15661361958278656401/bank-config (H2 2.2)
01:10:38.247 INFO  [main] o.f.c.i.s.JdbcTableSchemaHistory - Schema history table "public"."flyway_schema_history" does not exist yet
01:10:38.247 INFO  [main] o.f.core.internal.command.DbValidate - Successfully validated 26 migrations (execution time 00:00.003s)
01:10:38.248 INFO  [main] o.f.c.i.s.JdbcTableSchemaHistory - Creating Schema History table "public"."flyway_schema_history" ...
01:10:38.249 INFO  [main] o.f.core.internal.command.DbMigrate - Current version of schema "public": << Empty Schema >>
01:10:38.252 INFO  [main] o.f.core.internal.command.DbMigrate - Migrating schema "public" to version "1 - init"
01:10:38.258 INFO  [main] o.f.core.internal.command.DbMigrate - Migrating schema "public" to version "2 - schedule items"
01:10:38.260 INFO  [main] o.f.core.internal.command.DbMigrate - Migrating schema "public" to version "3 - subtype schedule defaults"
01:10:38.261 INFO  [main] o.f.core.internal.command.DbMigrate - Migrating schema "public" to version "4 - journal open item core"
01:10:38.263 INFO  [main] o.f.core.internal.command.DbMigrate - Migrating schema "public" to version "5 - open item concurrency and fks"
01:10:38.265 INFO  [main] o.f.core.internal.command.DbMigrate - Migrating schema "public" to version "6 - workflow run records"
01:10:38.266 INFO  [main] o.f.core.internal.command.DbMigrate - Migrating schema "public" to version "7 - workflow run status constraints"
01:10:38.267 INFO  [main] o.f.core.internal.command.DbMigrate - Migrating schema "public" to version "8 - approval audit records"
01:10:38.268 INFO  [main] o.f.core.internal.command.DbMigrate - Migrating schema "public" to version "45 - add budget category"
01:10:38.273 INFO  [main] o.f.core.internal.command.DbMigrate - Migrating schema "public" to version "46 - company user admin foundation"
01:10:38.277 INFO  [main] o.f.core.internal.command.DbMigrate - Migrating schema "public" to version "47 - accounting period and audit"
01:10:38.279 INFO  [main] o.f.core.internal.command.DbMigrate - Migrating schema "public" to version "48 - transaction corrections"
01:10:38.283 INFO  [main] o.f.core.internal.command.DbMigrate - Migrating schema "public" to version "49 - txn reconciliation protection"
01:10:38.285 INFO  [main] o.f.core.internal.command.DbMigrate - Migrating schema "public" to version "50 - budget plan and line"
01:10:38.289 INFO  [main] o.f.core.internal.command.DbMigrate - Migrating schema "public" to version "51 - bank import batch and statement line"
01:10:38.293 INFO  [main] o.f.core.internal.command.DbMigrate - Migrating schema "public" to version "52 - bank and configured bank account"
01:10:38.301 INFO  [main] o.f.core.internal.command.DbMigrate - Migrating schema "public" to version "53 - bank import review all rows"
01:10:38.302 INFO  [main] o.f.core.internal.command.DbMigrate - Migrating schema "public" to version "54 - txn split cleared state"
01:10:38.308 INFO  [main] o.f.core.internal.command.DbMigrate - Migrating schema "public" to version "55 - fixed assets and depreciation"
01:10:38.312 INFO  [main] o.f.core.internal.command.DbMigrate - Migrating schema "public" to version "56 - inventory items and movements"
01:10:38.315 INFO  [main] o.f.core.internal.command.DbMigrate - Migrating schema "public" to version "57 - bank reconciliation workspace"
01:10:38.317 INFO  [main] o.f.core.internal.command.DbMigrate - Migrating schema "public" to version "58 - txn supplemental lines"
01:10:38.319 INFO  [main] o.f.core.internal.command.DbMigrate - Migrating schema "public" to version "59 - company ui preferences and state"
01:10:38.320 INFO  [main] o.f.core.internal.command.DbMigrate - Migrating schema "public" to version "60 - period close ranges"
01:10:38.328 INFO  [main] o.f.core.internal.command.DbMigrate - Migrating schema "public" to version "61 - company ownership and interchange identity"
01:10:38.346 INFO  [main] o.f.core.internal.command.DbMigrate - Migrating schema "public" to version "62 - txn portable identity"
01:10:38.349 INFO  [main] o.f.core.internal.command.DbMigrate - Successfully applied 26 migrations to schema "public", now at version v62 (execution time 00:00.050s)
[NPBK] Flyway migration complete.
[NPBK] Creating JPA EntityManagerFactory for selected database.
01:10:38.423 INFO  [main] com.zaxxer.hikari.HikariDataSource - HikariPool-48 - Starting...
01:10:38.437 INFO  [main] com.zaxxer.hikari.HikariDataSource - HikariPool-48 - Start completed.
[NPBK] JPA EntityManagerFactory created for selected database.
01:10:38.646 INFO  [main] com.zaxxer.hikari.HikariDataSource - HikariPool-48 - Shutdown initiated...
01:10:38.650 INFO  [main] com.zaxxer.hikari.HikariDataSource - HikariPool-48 - Shutdown completed.
[NPBK] Preparing database: /tmp/junit1400319155489219867/bank-config-list
[NPBK] Flyway migration starting.
[NPBK] JDBC URL: jdbc:h2:file:/tmp/junit1400319155489219867/bank-config-list;MODE=PostgreSQL;DATABASE_TO_LOWER=TRUE;DEFAULT_NULL_ORDERING=HIGH;INIT=CREATE SCHEMA IF NOT EXISTS PUBLIC\;SET SCHEMA PUBLIC
01:10:38.666 INFO  [main] org.flywaydb.core.FlywayExecutor - Database: jdbc:h2:file:/tmp/junit1400319155489219867/bank-config-list (H2 2.2)
01:10:38.670 INFO  [main] o.f.c.i.s.JdbcTableSchemaHistory - Schema history table "public"."flyway_schema_history" does not exist yet
01:10:38.670 INFO  [main] o.f.core.internal.command.DbValidate - Successfully validated 26 migrations (execution time 00:00.003s)
01:10:38.670 INFO  [main] o.f.c.i.s.JdbcTableSchemaHistory - Creating Schema History table "public"."flyway_schema_history" ...
01:10:38.672 INFO  [main] o.f.core.internal.command.DbMigrate - Current version of schema "public": << Empty Schema >>
01:10:38.674 INFO  [main] o.f.core.internal.command.DbMigrate - Migrating schema "public" to version "1 - init"
01:10:38.680 INFO  [main] o.f.core.internal.command.DbMigrate - Migrating schema "public" to version "2 - schedule items"
01:10:38.682 INFO  [main] o.f.core.internal.command.DbMigrate - Migrating schema "public" to version "3 - subtype schedule defaults"
01:10:38.683 INFO  [main] o.f.core.internal.command.DbMigrate - Migrating schema "public" to version "4 - journal open item core"
01:10:38.685 INFO  [main] o.f.core.internal.command.DbMigrate - Migrating schema "public" to version "5 - open item concurrency and fks"
01:10:38.687 INFO  [main] o.f.core.internal.command.DbMigrate - Migrating schema "public" to version "6 - workflow run records"
01:10:38.688 INFO  [main] o.f.core.internal.command.DbMigrate - Migrating schema "public" to version "7 - workflow run status constraints"
01:10:38.689 INFO  [main] o.f.core.internal.command.DbMigrate - Migrating schema "public" to version "8 - approval audit records"
01:10:38.690 INFO  [main] o.f.core.internal.command.DbMigrate - Migrating schema "public" to version "45 - add budget category"
01:10:38.693 INFO  [main] o.f.core.internal.command.DbMigrate - Migrating schema "public" to version "46 - company user admin foundation"
01:10:38.696 INFO  [main] o.f.core.internal.command.DbMigrate - Migrating schema "public" to version "47 - accounting period and audit"
01:10:38.698 INFO  [main] o.f.core.internal.command.DbMigrate - Migrating schema "public" to version "48 - transaction corrections"
01:10:38.702 INFO  [main] o.f.core.internal.command.DbMigrate - Migrating schema "public" to version "49 - txn reconciliation protection"
01:10:38.704 INFO  [main] o.f.core.internal.command.DbMigrate - Migrating schema "public" to version "50 - budget plan and line"
01:10:38.707 INFO  [main] o.f.core.internal.command.DbMigrate - Migrating schema "public" to version "51 - bank import batch and statement line"
01:10:38.711 INFO  [main] o.f.core.internal.command.DbMigrate - Migrating schema "public" to version "52 - bank and configured bank account"
01:10:38.718 INFO  [main] o.f.core.internal.command.DbMigrate - Migrating schema "public" to version "53 - bank import review all rows"
01:10:38.719 INFO  [main] o.f.core.internal.command.DbMigrate - Migrating schema "public" to version "54 - txn split cleared state"
01:10:38.724 INFO  [main] o.f.core.internal.command.DbMigrate - Migrating schema "public" to version "55 - fixed assets and depreciation"
01:10:38.727 INFO  [main] o.f.core.internal.command.DbMigrate - Migrating schema "public" to version "56 - inventory items and movements"
01:10:38.729 INFO  [main] o.f.core.internal.command.DbMigrate - Migrating schema "public" to version "57 - bank reconciliation workspace"
01:10:38.732 INFO  [main] o.f.core.internal.command.DbMigrate - Migrating schema "public" to version "58 - txn supplemental lines"
01:10:38.733 INFO  [main] o.f.core.internal.command.DbMigrate - Migrating schema "public" to version "59 - company ui preferences and state"
01:10:38.735 INFO  [main] o.f.core.internal.command.DbMigrate - Migrating schema "public" to version "60 - period close ranges"
01:10:38.742 INFO  [main] o.f.core.internal.command.DbMigrate - Migrating schema "public" to version "61 - company ownership and interchange identity"
01:10:38.760 INFO  [main] o.f.core.internal.command.DbMigrate - Migrating schema "public" to version "62 - txn portable identity"
01:10:38.763 INFO  [main] o.f.core.internal.command.DbMigrate - Successfully applied 26 migrations to schema "public", now at version v62 (execution time 00:00.043s)
[NPBK] Flyway migration complete.
[NPBK] Creating JPA EntityManagerFactory for selected database.
01:10:38.837 INFO  [main] com.zaxxer.hikari.HikariDataSource - HikariPool-49 - Starting...
01:10:38.850 INFO  [main] com.zaxxer.hikari.HikariDataSource - HikariPool-49 - Start completed.
[NPBK] JPA EntityManagerFactory created for selected database.
01:10:39.049 INFO  [main] com.zaxxer.hikari.HikariDataSource - HikariPool-49 - Shutdown initiated...
01:10:39.053 INFO  [main] com.zaxxer.hikari.HikariDataSource - HikariPool-49 - Shutdown completed.
[NPBK] Preparing database: /tmp/junit10530265106073879969/bank-config-invalid
[NPBK] Flyway migration starting.
[NPBK] JDBC URL: jdbc:h2:file:/tmp/junit10530265106073879969/bank-config-invalid;MODE=PostgreSQL;DATABASE_TO_LOWER=TRUE;DEFAULT_NULL_ORDERING=HIGH;INIT=CREATE SCHEMA IF NOT EXISTS PUBLIC\;SET SCHEMA PUBLIC
01:10:39.070 INFO  [main] org.flywaydb.core.FlywayExecutor - Database: jdbc:h2:file:/tmp/junit10530265106073879969/bank-config-invalid (H2 2.2)
01:10:39.074 INFO  [main] o.f.c.i.s.JdbcTableSchemaHistory - Schema history table "public"."flyway_schema_history" does not exist yet
01:10:39.074 INFO  [main] o.f.core.internal.command.DbValidate - Successfully validated 26 migrations (execution time 00:00.003s)
01:10:39.075 INFO  [main] o.f.c.i.s.JdbcTableSchemaHistory - Creating Schema History table "public"."flyway_schema_history" ...
01:10:39.076 INFO  [main] o.f.core.internal.command.DbMigrate - Current version of schema "public": << Empty Schema >>
01:10:39.079 INFO  [main] o.f.core.internal.command.DbMigrate - Migrating schema "public" to version "1 - init"
01:10:39.084 INFO  [main] o.f.core.internal.command.DbMigrate - Migrating schema "public" to version "2 - schedule items"
01:10:39.087 INFO  [main] o.f.core.internal.command.DbMigrate - Migrating schema "public" to version "3 - subtype schedule defaults"
01:10:39.089 INFO  [main] o.f.core.internal.command.DbMigrate - Migrating schema "public" to version "4 - journal open item core"
01:10:39.091 INFO  [main] o.f.core.internal.command.DbMigrate - Migrating schema "public" to version "5 - open item concurrency and fks"
01:10:39.092 INFO  [main] o.f.core.internal.command.DbMigrate - Migrating schema "public" to version "6 - workflow run records"
01:10:39.094 INFO  [main] o.f.core.internal.command.DbMigrate - Migrating schema "public" to version "7 - workflow run status constraints"
01:10:39.095 INFO  [main] o.f.core.internal.command.DbMigrate - Migrating schema "public" to version "8 - approval audit records"
01:10:39.096 INFO  [main] o.f.core.internal.command.DbMigrate - Migrating schema "public" to version "45 - add budget category"
01:10:39.100 INFO  [main] o.f.core.internal.command.DbMigrate - Migrating schema "public" to version "46 - company user admin foundation"
01:10:39.103 INFO  [main] o.f.core.internal.command.DbMigrate - Migrating schema "public" to version "47 - accounting period and audit"
01:10:39.105 INFO  [main] o.f.core.internal.command.DbMigrate - Migrating schema "public" to version "48 - transaction corrections"
01:10:39.109 INFO  [main] o.f.core.internal.command.DbMigrate - Migrating schema "public" to version "49 - txn reconciliation protection"
01:10:39.111 INFO  [main] o.f.core.internal.command.DbMigrate - Migrating schema "public" to version "50 - budget plan and line"
01:10:39.114 INFO  [main] o.f.core.internal.command.DbMigrate - Migrating schema "public" to version "51 - bank import batch and statement line"
01:10:39.119 INFO  [main] o.f.core.internal.command.DbMigrate - Migrating schema "public" to version "52 - bank and configured bank account"
01:10:39.127 INFO  [main] o.f.core.internal.command.DbMigrate - Migrating schema "public" to version "53 - bank import review all rows"
01:10:39.131 INFO  [main] o.f.core.internal.command.DbMigrate - Migrating schema "public" to version "54 - txn split cleared state"
01:10:39.137 INFO  [main] o.f.core.internal.command.DbMigrate - Migrating schema "public" to version "55 - fixed assets and depreciation"
01:10:39.140 INFO  [main] o.f.core.internal.command.DbMigrate - Migrating schema "public" to version "56 - inventory items and movements"
01:10:39.143 INFO  [main] o.f.core.internal.command.DbMigrate - Migrating schema "public" to version "57 - bank reconciliation workspace"
01:10:39.145 INFO  [main] o.f.core.internal.command.DbMigrate - Migrating schema "public" to version "58 - txn supplemental lines"
01:10:39.147 INFO  [main] o.f.core.internal.command.DbMigrate - Migrating schema "public" to version "59 - company ui preferences and state"
01:10:39.148 INFO  [main] o.f.core.internal.command.DbMigrate - Migrating schema "public" to version "60 - period close ranges"
01:10:39.155 INFO  [main] o.f.core.internal.command.DbMigrate - Migrating schema "public" to version "61 - company ownership and interchange identity"
01:10:39.173 INFO  [main] o.f.core.internal.command.DbMigrate - Migrating schema "public" to version "62 - txn portable identity"
01:10:39.176 INFO  [main] o.f.core.internal.command.DbMigrate - Successfully applied 26 migrations to schema "public", now at version v62 (execution time 00:00.048s)
[NPBK] Flyway migration complete.
[NPBK] Creating JPA EntityManagerFactory for selected database.
01:10:39.247 INFO  [main] com.zaxxer.hikari.HikariDataSource - HikariPool-50 - Starting...
01:10:39.259 INFO  [main] com.zaxxer.hikari.HikariDataSource - HikariPool-50 - Start completed.
[NPBK] JPA EntityManagerFactory created for selected database.
01:10:39.459 INFO  [main] com.zaxxer.hikari.HikariDataSource - HikariPool-50 - Shutdown initiated...
01:10:39.463 INFO  [main] com.zaxxer.hikari.HikariDataSource - HikariPool-50 - Shutdown completed.
[INFO] Tests run: 3, Failures: 0, Errors: 0, Skipped: 0, Time elapsed: 1.235 s -- in org.nonprofitbookkeeping.service.BankConfigurationServiceTest
[INFO] Running org.nonprofitbookkeeping.service.SampleCompanyServiceTest
[NPBK] Preparing database: /tmp/junit2121301397522915220/sample-company
[NPBK] Flyway migration starting.
[NPBK] JDBC URL: jdbc:h2:file:/tmp/junit2121301397522915220/sample-company;MODE=PostgreSQL;DATABASE_TO_LOWER=TRUE;DEFAULT_NULL_ORDERING=HIGH;INIT=CREATE SCHEMA IF NOT EXISTS PUBLIC\;SET SCHEMA PUBLIC
01:10:39.479 INFO  [main] org.flywaydb.core.FlywayExecutor - Database: jdbc:h2:file:/tmp/junit2121301397522915220/sample-company (H2 2.2)
01:10:39.483 INFO  [main] o.f.c.i.s.JdbcTableSchemaHistory - Schema history table "public"."flyway_schema_history" does not exist yet
01:10:39.483 INFO  [main] o.f.core.internal.command.DbValidate - Successfully validated 26 migrations (execution time 00:00.003s)
01:10:39.483 INFO  [main] o.f.c.i.s.JdbcTableSchemaHistory - Creating Schema History table "public"."flyway_schema_history" ...
01:10:39.485 INFO  [main] o.f.core.internal.command.DbMigrate - Current version of schema "public": << Empty Schema >>
01:10:39.487 INFO  [main] o.f.core.internal.command.DbMigrate - Migrating schema "public" to version "1 - init"
01:10:39.492 INFO  [main] o.f.core.internal.command.DbMigrate - Migrating schema "public" to version "2 - schedule items"
01:10:39.494 INFO  [main] o.f.core.internal.command.DbMigrate - Migrating schema "public" to version "3 - subtype schedule defaults"
01:10:39.495 INFO  [main] o.f.core.internal.command.DbMigrate - Migrating schema "public" to version "4 - journal open item core"
01:10:39.497 INFO  [main] o.f.core.internal.command.DbMigrate - Migrating schema "public" to version "5 - open item concurrency and fks"
01:10:39.499 INFO  [main] o.f.core.internal.command.DbMigrate - Migrating schema "public" to version "6 - workflow run records"
01:10:39.500 INFO  [main] o.f.core.internal.command.DbMigrate - Migrating schema "public" to version "7 - workflow run status constraints"
01:10:39.501 INFO  [main] o.f.core.internal.command.DbMigrate - Migrating schema "public" to version "8 - approval audit records"
01:10:39.502 INFO  [main] o.f.core.internal.command.DbMigrate - Migrating schema "public" to version "45 - add budget category"
01:10:39.505 INFO  [main] o.f.core.internal.command.DbMigrate - Migrating schema "public" to version "46 - company user admin foundation"
01:10:39.508 INFO  [main] o.f.core.internal.command.DbMigrate - Migrating schema "public" to version "47 - accounting period and audit"
01:10:39.510 INFO  [main] o.f.core.internal.command.DbMigrate - Migrating schema "public" to version "48 - transaction corrections"
01:10:39.514 INFO  [main] o.f.core.internal.command.DbMigrate - Migrating schema "public" to version "49 - txn reconciliation protection"
01:10:39.516 INFO  [main] o.f.core.internal.command.DbMigrate - Migrating schema "public" to version "50 - budget plan and line"
01:10:39.519 INFO  [main] o.f.core.internal.command.DbMigrate - Migrating schema "public" to version "51 - bank import batch and statement line"
01:10:39.523 INFO  [main] o.f.core.internal.command.DbMigrate - Migrating schema "public" to version "52 - bank and configured bank account"
01:10:39.531 INFO  [main] o.f.core.internal.command.DbMigrate - Migrating schema "public" to version "53 - bank import review all rows"
01:10:39.532 INFO  [main] o.f.core.internal.command.DbMigrate - Migrating schema "public" to version "54 - txn split cleared state"
01:10:39.537 INFO  [main] o.f.core.internal.command.DbMigrate - Migrating schema "public" to version "55 - fixed assets and depreciation"
01:10:39.540 INFO  [main] o.f.core.internal.command.DbMigrate - Migrating schema "public" to version "56 - inventory items and movements"
01:10:39.543 INFO  [main] o.f.core.internal.command.DbMigrate - Migrating schema "public" to version "57 - bank reconciliation workspace"
01:10:39.545 INFO  [main] o.f.core.internal.command.DbMigrate - Migrating schema "public" to version "58 - txn supplemental lines"
01:10:39.546 INFO  [main] o.f.core.internal.command.DbMigrate - Migrating schema "public" to version "59 - company ui preferences and state"
01:10:39.548 INFO  [main] o.f.core.internal.command.DbMigrate - Migrating schema "public" to version "60 - period close ranges"
01:10:39.555 INFO  [main] o.f.core.internal.command.DbMigrate - Migrating schema "public" to version "61 - company ownership and interchange identity"
01:10:39.573 INFO  [main] o.f.core.internal.command.DbMigrate - Migrating schema "public" to version "62 - txn portable identity"
01:10:39.576 INFO  [main] o.f.core.internal.command.DbMigrate - Successfully applied 26 migrations to schema "public", now at version v62 (execution time 00:00.042s)
[NPBK] Flyway migration complete.
[NPBK] Creating JPA EntityManagerFactory for selected database.
01:10:39.644 INFO  [main] com.zaxxer.hikari.HikariDataSource - HikariPool-51 - Starting...
01:10:39.656 INFO  [main] com.zaxxer.hikari.HikariDataSource - HikariPool-51 - Start completed.
[NPBK] JPA EntityManagerFactory created for selected database.
01:10:39.873 INFO  [main] com.zaxxer.hikari.HikariDataSource - HikariPool-51 - Shutdown initiated...
01:10:39.879 INFO  [main] com.zaxxer.hikari.HikariDataSource - HikariPool-51 - Shutdown completed.
[INFO] Tests run: 1, Failures: 0, Errors: 0, Skipped: 0, Time elapsed: 0.414 s -- in org.nonprofitbookkeeping.service.SampleCompanyServiceTest
[INFO] Running org.nonprofitbookkeeping.service.PeriodCloseServiceIntegrationTest
01:10:39.887 INFO  [main] org.flywaydb.core.FlywayExecutor - Database: jdbc:h2:mem:repo_test_fdfaef83-076a-4895-85b9-6d2c639a0a90 (H2 2.2)
01:10:39.892 INFO  [main] o.f.c.i.s.JdbcTableSchemaHistory - Schema history table "public"."flyway_schema_history" does not exist yet
01:10:39.892 INFO  [main] o.f.core.internal.command.DbValidate - Successfully validated 26 migrations (execution time 00:00.003s)
01:10:39.892 INFO  [main] o.f.c.i.s.JdbcTableSchemaHistory - Creating Schema History table "public"."flyway_schema_history" ...
01:10:39.893 INFO  [main] o.f.core.internal.command.DbMigrate - Current version of schema "public": << Empty Schema >>
01:10:39.895 INFO  [main] o.f.core.internal.command.DbMigrate - Migrating schema "public" to version "1 - init"
01:10:39.898 INFO  [main] o.f.core.internal.command.DbMigrate - Migrating schema "public" to version "2 - schedule items"
01:10:39.900 INFO  [main] o.f.core.internal.command.DbMigrate - Migrating schema "public" to version "3 - subtype schedule defaults"
01:10:39.901 INFO  [main] o.f.core.internal.command.DbMigrate - Migrating schema "public" to version "4 - journal open item core"
01:10:39.902 INFO  [main] o.f.core.internal.command.DbMigrate - Migrating schema "public" to version "5 - open item concurrency and fks"
01:10:39.903 INFO  [main] o.f.core.internal.command.DbMigrate - Migrating schema "public" to version "6 - workflow run records"
01:10:39.904 INFO  [main] o.f.core.internal.command.DbMigrate - Migrating schema "public" to version "7 - workflow run status constraints"
01:10:39.904 INFO  [main] o.f.core.internal.command.DbMigrate - Migrating schema "public" to version "8 - approval audit records"
01:10:39.905 INFO  [main] o.f.core.internal.command.DbMigrate - Migrating schema "public" to version "45 - add budget category"
01:10:39.907 INFO  [main] o.f.core.internal.command.DbMigrate - Migrating schema "public" to version "46 - company user admin foundation"
01:10:39.910 INFO  [main] o.f.core.internal.command.DbMigrate - Migrating schema "public" to version "47 - accounting period and audit"
01:10:39.911 INFO  [main] o.f.core.internal.command.DbMigrate - Migrating schema "public" to version "48 - transaction corrections"
01:10:39.913 INFO  [main] o.f.core.internal.command.DbMigrate - Migrating schema "public" to version "49 - txn reconciliation protection"
01:10:39.915 INFO  [main] o.f.core.internal.command.DbMigrate - Migrating schema "public" to version "50 - budget plan and line"
01:10:39.918 INFO  [main] o.f.core.internal.command.DbMigrate - Migrating schema "public" to version "51 - bank import batch and statement line"
01:10:39.921 INFO  [main] o.f.core.internal.command.DbMigrate - Migrating schema "public" to version "52 - bank and configured bank account"
01:10:39.926 INFO  [main] o.f.core.internal.command.DbMigrate - Migrating schema "public" to version "53 - bank import review all rows"
01:10:39.927 INFO  [main] o.f.core.internal.command.DbMigrate - Migrating schema "public" to version "54 - txn split cleared state"
01:10:39.930 INFO  [main] o.f.core.internal.command.DbMigrate - Migrating schema "public" to version "55 - fixed assets and depreciation"
01:10:39.932 INFO  [main] o.f.core.internal.command.DbMigrate - Migrating schema "public" to version "56 - inventory items and movements"
01:10:39.934 INFO  [main] o.f.core.internal.command.DbMigrate - Migrating schema "public" to version "57 - bank reconciliation workspace"
01:10:39.936 INFO  [main] o.f.core.internal.command.DbMigrate - Migrating schema "public" to version "58 - txn supplemental lines"
01:10:39.937 INFO  [main] o.f.core.internal.command.DbMigrate - Migrating schema "public" to version "59 - company ui preferences and state"
01:10:39.938 INFO  [main] o.f.core.internal.command.DbMigrate - Migrating schema "public" to version "60 - period close ranges"
01:10:39.942 INFO  [main] o.f.core.internal.command.DbMigrate - Migrating schema "public" to version "61 - company ownership and interchange identity"
01:10:39.954 INFO  [main] o.f.core.internal.command.DbMigrate - Migrating schema "public" to version "62 - txn portable identity"
01:10:39.956 INFO  [main] o.f.core.internal.command.DbMigrate - Successfully applied 26 migrations to schema "public", now at version v62 (execution time 00:00.028s)
[INFO] Tests run: 1, Failures: 0, Errors: 0, Skipped: 0, Time elapsed: 0.078 s -- in org.nonprofitbookkeeping.service.PeriodCloseServiceIntegrationTest
[INFO] Running org.nonprofitbookkeeping.service.OfxQfxTransactionExtractorTest
[INFO] Tests run: 2, Failures: 0, Errors: 0, Skipped: 0, Time elapsed: 0.002 s -- in org.nonprofitbookkeeping.service.OfxQfxTransactionExtractorTest
[INFO] Running org.nonprofitbookkeeping.service.FundAdminServiceTest
[INFO] Tests run: 3, Failures: 0, Errors: 0, Skipped: 0, Time elapsed: 0.002 s -- in org.nonprofitbookkeeping.service.FundAdminServiceTest
[INFO] Running org.nonprofitbookkeeping.service.ApprovalAuditServiceIntegrationTest
01:10:39.972 INFO  [main] org.flywaydb.core.FlywayExecutor - Database: jdbc:h2:mem:repo_test_e9410093-ad6a-4b97-a07c-f42550867078 (H2 2.2)
01:10:39.975 INFO  [main] o.f.c.i.s.JdbcTableSchemaHistory - Schema history table "public"."flyway_schema_history" does not exist yet
01:10:39.975 INFO  [main] o.f.core.internal.command.DbValidate - Successfully validated 26 migrations (execution time 00:00.002s)
01:10:39.975 INFO  [main] o.f.c.i.s.JdbcTableSchemaHistory - Creating Schema History table "public"."flyway_schema_history" ...
01:10:39.976 INFO  [main] o.f.core.internal.command.DbMigrate - Current version of schema "public": << Empty Schema >>
01:10:39.978 INFO  [main] o.f.core.internal.command.DbMigrate - Migrating schema "public" to version "1 - init"
01:10:39.981 INFO  [main] o.f.core.internal.command.DbMigrate - Migrating schema "public" to version "2 - schedule items"
01:10:39.983 INFO  [main] o.f.core.internal.command.DbMigrate - Migrating schema "public" to version "3 - subtype schedule defaults"
01:10:39.984 INFO  [main] o.f.core.internal.command.DbMigrate - Migrating schema "public" to version "4 - journal open item core"
01:10:39.985 INFO  [main] o.f.core.internal.command.DbMigrate - Migrating schema "public" to version "5 - open item concurrency and fks"
01:10:39.986 INFO  [main] o.f.core.internal.command.DbMigrate - Migrating schema "public" to version "6 - workflow run records"
01:10:39.987 INFO  [main] o.f.core.internal.command.DbMigrate - Migrating schema "public" to version "7 - workflow run status constraints"
01:10:39.988 INFO  [main] o.f.core.internal.command.DbMigrate - Migrating schema "public" to version "8 - approval audit records"
01:10:39.988 INFO  [main] o.f.core.internal.command.DbMigrate - Migrating schema "public" to version "45 - add budget category"
01:10:39.991 INFO  [main] o.f.core.internal.command.DbMigrate - Migrating schema "public" to version "46 - company user admin foundation"
01:10:39.993 INFO  [main] o.f.core.internal.command.DbMigrate - Migrating schema "public" to version "47 - accounting period and audit"
01:10:39.994 INFO  [main] o.f.core.internal.command.DbMigrate - Migrating schema "public" to version "48 - transaction corrections"
01:10:39.997 INFO  [main] o.f.core.internal.command.DbMigrate - Migrating schema "public" to version "49 - txn reconciliation protection"
01:10:39.998 INFO  [main] o.f.core.internal.command.DbMigrate - Migrating schema "public" to version "50 - budget plan and line"
01:10:40.000 INFO  [main] o.f.core.internal.command.DbMigrate - Migrating schema "public" to version "51 - bank import batch and statement line"
01:10:40.002 INFO  [main] o.f.core.internal.command.DbMigrate - Migrating schema "public" to version "52 - bank and configured bank account"
01:10:40.007 INFO  [main] o.f.core.internal.command.DbMigrate - Migrating schema "public" to version "53 - bank import review all rows"
01:10:40.008 INFO  [main] o.f.core.internal.command.DbMigrate - Migrating schema "public" to version "54 - txn split cleared state"
01:10:40.025 INFO  [main] o.f.core.internal.command.DbMigrate - Migrating schema "public" to version "55 - fixed assets and depreciation"
01:10:40.027 INFO  [main] o.f.core.internal.command.DbMigrate - Migrating schema "public" to version "56 - inventory items and movements"
01:10:40.028 INFO  [main] o.f.core.internal.command.DbMigrate - Migrating schema "public" to version "57 - bank reconciliation workspace"
01:10:40.030 INFO  [main] o.f.core.internal.command.DbMigrate - Migrating schema "public" to version "58 - txn supplemental lines"
01:10:40.031 INFO  [main] o.f.core.internal.command.DbMigrate - Migrating schema "public" to version "59 - company ui preferences and state"
01:10:40.032 INFO  [main] o.f.core.internal.command.DbMigrate - Migrating schema "public" to version "60 - period close ranges"
01:10:40.036 INFO  [main] o.f.core.internal.command.DbMigrate - Migrating schema "public" to version "61 - company ownership and interchange identity"
01:10:40.048 INFO  [main] o.f.core.internal.command.DbMigrate - Migrating schema "public" to version "62 - txn portable identity"
01:10:40.052 INFO  [main] o.f.core.internal.command.DbMigrate - Successfully applied 26 migrations to schema "public", now at version v62 (execution time 00:00.040s)
01:10:40.059 INFO  [main] org.flywaydb.core.FlywayExecutor - Database: jdbc:h2:mem:repo_test_7fa1ef0f-7fad-47e6-b78d-0d3e136271d2 (H2 2.2)
01:10:40.062 INFO  [main] o.f.c.i.s.JdbcTableSchemaHistory - Schema history table "public"."flyway_schema_history" does not exist yet
01:10:40.063 INFO  [main] o.f.core.internal.command.DbValidate - Successfully validated 26 migrations (execution time 00:00.003s)
01:10:40.063 INFO  [main] o.f.c.i.s.JdbcTableSchemaHistory - Creating Schema History table "public"."flyway_schema_history" ...
01:10:40.064 INFO  [main] o.f.core.internal.command.DbMigrate - Current version of schema "public": << Empty Schema >>
01:10:40.066 INFO  [main] o.f.core.internal.command.DbMigrate - Migrating schema "public" to version "1 - init"
01:10:40.072 INFO  [main] o.f.core.internal.command.DbMigrate - Migrating schema "public" to version "2 - schedule items"
01:10:40.074 INFO  [main] o.f.core.internal.command.DbMigrate - Migrating schema "public" to version "3 - subtype schedule defaults"
01:10:40.076 INFO  [main] o.f.core.internal.command.DbMigrate - Migrating schema "public" to version "4 - journal open item core"
01:10:40.077 INFO  [main] o.f.core.internal.command.DbMigrate - Migrating schema "public" to version "5 - open item concurrency and fks"
01:10:40.078 INFO  [main] o.f.core.internal.command.DbMigrate - Migrating schema "public" to version "6 - workflow run records"
01:10:40.079 INFO  [main] o.f.core.internal.command.DbMigrate - Migrating schema "public" to version "7 - workflow run status constraints"
01:10:40.080 INFO  [main] o.f.core.internal.command.DbMigrate - Migrating schema "public" to version "8 - approval audit records"
01:10:40.081 INFO  [main] o.f.core.internal.command.DbMigrate - Migrating schema "public" to version "45 - add budget category"
01:10:40.083 INFO  [main] o.f.core.internal.command.DbMigrate - Migrating schema "public" to version "46 - company user admin foundation"
01:10:40.085 INFO  [main] o.f.core.internal.command.DbMigrate - Migrating schema "public" to version "47 - accounting period and audit"
01:10:40.086 INFO  [main] o.f.core.internal.command.DbMigrate - Migrating schema "public" to version "48 - transaction corrections"
01:10:40.089 INFO  [main] o.f.core.internal.command.DbMigrate - Migrating schema "public" to version "49 - txn reconciliation protection"
01:10:40.090 INFO  [main] o.f.core.internal.command.DbMigrate - Migrating schema "public" to version "50 - budget plan and line"
01:10:40.092 INFO  [main] o.f.core.internal.command.DbMigrate - Migrating schema "public" to version "51 - bank import batch and statement line"
01:10:40.095 INFO  [main] o.f.core.internal.command.DbMigrate - Migrating schema "public" to version "52 - bank and configured bank account"
01:10:40.099 INFO  [main] o.f.core.internal.command.DbMigrate - Migrating schema "public" to version "53 - bank import review all rows"
01:10:40.100 INFO  [main] o.f.core.internal.command.DbMigrate - Migrating schema "public" to version "54 - txn split cleared state"
01:10:40.103 INFO  [main] o.f.core.internal.command.DbMigrate - Migrating schema "public" to version "55 - fixed assets and depreciation"
01:10:40.105 INFO  [main] o.f.core.internal.command.DbMigrate - Migrating schema "public" to version "56 - inventory items and movements"
01:10:40.107 INFO  [main] o.f.core.internal.command.DbMigrate - Migrating schema "public" to version "57 - bank reconciliation workspace"
01:10:40.109 INFO  [main] o.f.core.internal.command.DbMigrate - Migrating schema "public" to version "58 - txn supplemental lines"
01:10:40.111 INFO  [main] o.f.core.internal.command.DbMigrate - Migrating schema "public" to version "59 - company ui preferences and state"
01:10:40.112 INFO  [main] o.f.core.internal.command.DbMigrate - Migrating schema "public" to version "60 - period close ranges"
01:10:40.116 INFO  [main] o.f.core.internal.command.DbMigrate - Migrating schema "public" to version "61 - company ownership and interchange identity"
01:10:40.127 INFO  [main] o.f.core.internal.command.DbMigrate - Migrating schema "public" to version "62 - txn portable identity"
01:10:40.128 INFO  [main] o.f.core.internal.command.DbMigrate - Successfully applied 26 migrations to schema "public", now at version v62 (execution time 00:00.026s)
[INFO] Tests run: 2, Failures: 0, Errors: 0, Skipped: 0, Time elapsed: 0.165 s -- in org.nonprofitbookkeeping.service.ApprovalAuditServiceIntegrationTest
[INFO] Running org.nonprofitbookkeeping.service.FinancialReportRendererTest
[INFO] Tests run: 1, Failures: 0, Errors: 0, Skipped: 0, Time elapsed: 0.002 s -- in org.nonprofitbookkeeping.service.FinancialReportRendererTest
[INFO] Running org.nonprofitbookkeeping.service.TransactionCorrectionRequirementTest
[NPBK] Preparing database: /tmp/junit10095367251007687752/correction-state
[NPBK] Flyway migration starting.
[NPBK] JDBC URL: jdbc:h2:file:/tmp/junit10095367251007687752/correction-state;MODE=PostgreSQL;DATABASE_TO_LOWER=TRUE;DEFAULT_NULL_ORDERING=HIGH;INIT=CREATE SCHEMA IF NOT EXISTS PUBLIC\;SET SCHEMA PUBLIC
01:10:40.147 INFO  [main] org.flywaydb.core.FlywayExecutor - Database: jdbc:h2:file:/tmp/junit10095367251007687752/correction-state (H2 2.2)
01:10:40.151 INFO  [main] o.f.c.i.s.JdbcTableSchemaHistory - Schema history table "public"."flyway_schema_history" does not exist yet
01:10:40.151 INFO  [main] o.f.core.internal.command.DbValidate - Successfully validated 26 migrations (execution time 00:00.002s)
01:10:40.152 INFO  [main] o.f.c.i.s.JdbcTableSchemaHistory - Creating Schema History table "public"."flyway_schema_history" ...
01:10:40.152 INFO  [main] o.f.core.internal.command.DbMigrate - Current version of schema "public": << Empty Schema >>
01:10:40.154 INFO  [main] o.f.core.internal.command.DbMigrate - Migrating schema "public" to version "1 - init"
01:10:40.159 INFO  [main] o.f.core.internal.command.DbMigrate - Migrating schema "public" to version "2 - schedule items"
01:10:40.161 INFO  [main] o.f.core.internal.command.DbMigrate - Migrating schema "public" to version "3 - subtype schedule defaults"
01:10:40.162 INFO  [main] o.f.core.internal.command.DbMigrate - Migrating schema "public" to version "4 - journal open item core"
01:10:40.164 INFO  [main] o.f.core.internal.command.DbMigrate - Migrating schema "public" to version "5 - open item concurrency and fks"
01:10:40.165 INFO  [main] o.f.core.internal.command.DbMigrate - Migrating schema "public" to version "6 - workflow run records"
01:10:40.166 INFO  [main] o.f.core.internal.command.DbMigrate - Migrating schema "public" to version "7 - workflow run status constraints"
01:10:40.167 INFO  [main] o.f.core.internal.command.DbMigrate - Migrating schema "public" to version "8 - approval audit records"
01:10:40.168 INFO  [main] o.f.core.internal.command.DbMigrate - Migrating schema "public" to version "45 - add budget category"
01:10:40.171 INFO  [main] o.f.core.internal.command.DbMigrate - Migrating schema "public" to version "46 - company user admin foundation"
01:10:40.173 INFO  [main] o.f.core.internal.command.DbMigrate - Migrating schema "public" to version "47 - accounting period and audit"
01:10:40.174 INFO  [main] o.f.core.internal.command.DbMigrate - Migrating schema "public" to version "48 - transaction corrections"
01:10:40.179 INFO  [main] o.f.core.internal.command.DbMigrate - Migrating schema "public" to version "49 - txn reconciliation protection"
01:10:40.180 INFO  [main] o.f.core.internal.command.DbMigrate - Migrating schema "public" to version "50 - budget plan and line"
01:10:40.182 INFO  [main] o.f.core.internal.command.DbMigrate - Migrating schema "public" to version "51 - bank import batch and statement line"
01:10:40.184 INFO  [main] o.f.core.internal.command.DbMigrate - Migrating schema "public" to version "52 - bank and configured bank account"
01:10:40.189 INFO  [main] o.f.core.internal.command.DbMigrate - Migrating schema "public" to version "53 - bank import review all rows"
01:10:40.190 INFO  [main] o.f.core.internal.command.DbMigrate - Migrating schema "public" to version "54 - txn split cleared state"
01:10:40.194 INFO  [main] o.f.core.internal.command.DbMigrate - Migrating schema "public" to version "55 - fixed assets and depreciation"
01:10:40.196 INFO  [main] o.f.core.internal.command.DbMigrate - Migrating schema "public" to version "56 - inventory items and movements"
01:10:40.198 INFO  [main] o.f.core.internal.command.DbMigrate - Migrating schema "public" to version "57 - bank reconciliation workspace"
01:10:40.199 INFO  [main] o.f.core.internal.command.DbMigrate - Migrating schema "public" to version "58 - txn supplemental lines"
01:10:40.200 INFO  [main] o.f.core.internal.command.DbMigrate - Migrating schema "public" to version "59 - company ui preferences and state"
01:10:40.202 INFO  [main] o.f.core.internal.command.DbMigrate - Migrating schema "public" to version "60 - period close ranges"
01:10:40.206 INFO  [main] o.f.core.internal.command.DbMigrate - Migrating schema "public" to version "61 - company ownership and interchange identity"
01:10:40.218 INFO  [main] o.f.core.internal.command.DbMigrate - Migrating schema "public" to version "62 - txn portable identity"
01:10:40.219 INFO  [main] o.f.core.internal.command.DbMigrate - Successfully applied 26 migrations to schema "public", now at version v62 (execution time 00:00.028s)
[NPBK] Flyway migration complete.
[NPBK] Creating JPA EntityManagerFactory for selected database.
01:10:40.273 INFO  [main] com.zaxxer.hikari.HikariDataSource - HikariPool-52 - Starting...
01:10:40.284 INFO  [main] com.zaxxer.hikari.HikariDataSource - HikariPool-52 - Start completed.
[NPBK] JPA EntityManagerFactory created for selected database.
01:10:40.482 INFO  [main] com.zaxxer.hikari.HikariDataSource - HikariPool-52 - Shutdown initiated...
01:10:40.492 INFO  [main] com.zaxxer.hikari.HikariDataSource - HikariPool-52 - Shutdown completed.
[NPBK] Preparing database: /tmp/junit13122690790208578584/correction-missing
[NPBK] Flyway migration starting.
[NPBK] JDBC URL: jdbc:h2:file:/tmp/junit13122690790208578584/correction-missing;MODE=PostgreSQL;DATABASE_TO_LOWER=TRUE;DEFAULT_NULL_ORDERING=HIGH;INIT=CREATE SCHEMA IF NOT EXISTS PUBLIC\;SET SCHEMA PUBLIC
01:10:40.509 INFO  [main] org.flywaydb.core.FlywayExecutor - Database: jdbc:h2:file:/tmp/junit13122690790208578584/correction-missing (H2 2.2)
01:10:40.514 INFO  [main] o.f.c.i.s.JdbcTableSchemaHistory - Schema history table "public"."flyway_schema_history" does not exist yet
01:10:40.514 INFO  [main] o.f.core.internal.command.DbValidate - Successfully validated 26 migrations (execution time 00:00.004s)
01:10:40.515 INFO  [main] o.f.c.i.s.JdbcTableSchemaHistory - Creating Schema History table "public"."flyway_schema_history" ...
01:10:40.516 INFO  [main] o.f.core.internal.command.DbMigrate - Current version of schema "public": << Empty Schema >>
01:10:40.518 INFO  [main] o.f.core.internal.command.DbMigrate - Migrating schema "public" to version "1 - init"
01:10:40.523 INFO  [main] o.f.core.internal.command.DbMigrate - Migrating schema "public" to version "2 - schedule items"
01:10:40.525 INFO  [main] o.f.core.internal.command.DbMigrate - Migrating schema "public" to version "3 - subtype schedule defaults"
01:10:40.526 INFO  [main] o.f.core.internal.command.DbMigrate - Migrating schema "public" to version "4 - journal open item core"
01:10:40.528 INFO  [main] o.f.core.internal.command.DbMigrate - Migrating schema "public" to version "5 - open item concurrency and fks"
01:10:40.529 INFO  [main] o.f.core.internal.command.DbMigrate - Migrating schema "public" to version "6 - workflow run records"
01:10:40.530 INFO  [main] o.f.core.internal.command.DbMigrate - Migrating schema "public" to version "7 - workflow run status constraints"
01:10:40.531 INFO  [main] o.f.core.internal.command.DbMigrate - Migrating schema "public" to version "8 - approval audit records"
01:10:40.532 INFO  [main] o.f.core.internal.command.DbMigrate - Migrating schema "public" to version "45 - add budget category"
01:10:40.534 INFO  [main] o.f.core.internal.command.DbMigrate - Migrating schema "public" to version "46 - company user admin foundation"
01:10:40.536 INFO  [main] o.f.core.internal.command.DbMigrate - Migrating schema "public" to version "47 - accounting period and audit"
01:10:40.538 INFO  [main] o.f.core.internal.command.DbMigrate - Migrating schema "public" to version "48 - transaction corrections"
01:10:40.540 INFO  [main] o.f.core.internal.command.DbMigrate - Migrating schema "public" to version "49 - txn reconciliation protection"
01:10:40.542 INFO  [main] o.f.core.internal.command.DbMigrate - Migrating schema "public" to version "50 - budget plan and line"
01:10:40.544 INFO  [main] o.f.core.internal.command.DbMigrate - Migrating schema "public" to version "51 - bank import batch and statement line"
01:10:40.546 INFO  [main] o.f.core.internal.command.DbMigrate - Migrating schema "public" to version "52 - bank and configured bank account"
01:10:40.551 INFO  [main] o.f.core.internal.command.DbMigrate - Migrating schema "public" to version "53 - bank import review all rows"
01:10:40.552 INFO  [main] o.f.core.internal.command.DbMigrate - Migrating schema "public" to version "54 - txn split cleared state"
01:10:40.555 INFO  [main] o.f.core.internal.command.DbMigrate - Migrating schema "public" to version "55 - fixed assets and depreciation"
01:10:40.557 INFO  [main] o.f.core.internal.command.DbMigrate - Migrating schema "public" to version "56 - inventory items and movements"
01:10:40.559 INFO  [main] o.f.core.internal.command.DbMigrate - Migrating schema "public" to version "57 - bank reconciliation workspace"
01:10:40.560 INFO  [main] o.f.core.internal.command.DbMigrate - Migrating schema "public" to version "58 - txn supplemental lines"
01:10:40.561 INFO  [main] o.f.core.internal.command.DbMigrate - Migrating schema "public" to version "59 - company ui preferences and state"
01:10:40.562 INFO  [main] o.f.core.internal.command.DbMigrate - Migrating schema "public" to version "60 - period close ranges"
01:10:40.566 INFO  [main] o.f.core.internal.command.DbMigrate - Migrating schema "public" to version "61 - company ownership and interchange identity"
01:10:40.577 INFO  [main] o.f.core.internal.command.DbMigrate - Migrating schema "public" to version "62 - txn portable identity"
01:10:40.579 INFO  [main] o.f.core.internal.command.DbMigrate - Successfully applied 26 migrations to schema "public", now at version v62 (execution time 00:00.027s)
[NPBK] Flyway migration complete.
[NPBK] Creating JPA EntityManagerFactory for selected database.
01:10:40.639 INFO  [main] com.zaxxer.hikari.HikariDataSource - HikariPool-53 - Starting...
01:10:40.647 INFO  [main] com.zaxxer.hikari.HikariDataSource - HikariPool-53 - Start completed.
[NPBK] JPA EntityManagerFactory created for selected database.
01:10:40.770 INFO  [main] com.zaxxer.hikari.HikariDataSource - HikariPool-53 - Shutdown initiated...
01:10:40.774 INFO  [main] com.zaxxer.hikari.HikariDataSource - HikariPool-53 - Shutdown completed.
[INFO] Tests run: 2, Failures: 0, Errors: 0, Skipped: 0, Time elapsed: 0.642 s -- in org.nonprofitbookkeeping.service.TransactionCorrectionRequirementTest
[INFO] Running org.nonprofitbookkeeping.service.TransactionCommandValidatorTest
[INFO] Tests run: 2, Failures: 0, Errors: 0, Skipped: 0, Time elapsed: 0.002 s -- in org.nonprofitbookkeeping.service.TransactionCommandValidatorTest
[INFO] Running org.nonprofitbookkeeping.service.AccountingPeriodServiceTest
[NPBK] Preparing database: /tmp/junit18133354910369899897/period-unique
[NPBK] Flyway migration starting.
[NPBK] JDBC URL: jdbc:h2:file:/tmp/junit18133354910369899897/period-unique;MODE=PostgreSQL;DATABASE_TO_LOWER=TRUE;DEFAULT_NULL_ORDERING=HIGH;INIT=CREATE SCHEMA IF NOT EXISTS PUBLIC\;SET SCHEMA PUBLIC
01:10:40.790 INFO  [main] org.flywaydb.core.FlywayExecutor - Database: jdbc:h2:file:/tmp/junit18133354910369899897/period-unique (H2 2.2)
01:10:40.794 INFO  [main] o.f.c.i.s.JdbcTableSchemaHistory - Schema history table "public"."flyway_schema_history" does not exist yet
01:10:40.794 INFO  [main] o.f.core.internal.command.DbValidate - Successfully validated 26 migrations (execution time 00:00.002s)
01:10:40.794 INFO  [main] o.f.c.i.s.JdbcTableSchemaHistory - Creating Schema History table "public"."flyway_schema_history" ...
01:10:40.795 INFO  [main] o.f.core.internal.command.DbMigrate - Current version of schema "public": << Empty Schema >>
01:10:40.797 INFO  [main] o.f.core.internal.command.DbMigrate - Migrating schema "public" to version "1 - init"
01:10:40.800 INFO  [main] o.f.core.internal.command.DbMigrate - Migrating schema "public" to version "2 - schedule items"
01:10:40.801 INFO  [main] o.f.core.internal.command.DbMigrate - Migrating schema "public" to version "3 - subtype schedule defaults"
01:10:40.802 INFO  [main] o.f.core.internal.command.DbMigrate - Migrating schema "public" to version "4 - journal open item core"
01:10:40.803 INFO  [main] o.f.core.internal.command.DbMigrate - Migrating schema "public" to version "5 - open item concurrency and fks"
01:10:40.804 INFO  [main] o.f.core.internal.command.DbMigrate - Migrating schema "public" to version "6 - workflow run records"
01:10:40.805 INFO  [main] o.f.core.internal.command.DbMigrate - Migrating schema "public" to version "7 - workflow run status constraints"
01:10:40.806 INFO  [main] o.f.core.internal.command.DbMigrate - Migrating schema "public" to version "8 - approval audit records"
01:10:40.807 INFO  [main] o.f.core.internal.command.DbMigrate - Migrating schema "public" to version "45 - add budget category"
01:10:40.809 INFO  [main] o.f.core.internal.command.DbMigrate - Migrating schema "public" to version "46 - company user admin foundation"
01:10:40.811 INFO  [main] o.f.core.internal.command.DbMigrate - Migrating schema "public" to version "47 - accounting period and audit"
01:10:40.812 INFO  [main] o.f.core.internal.command.DbMigrate - Migrating schema "public" to version "48 - transaction corrections"
01:10:40.815 INFO  [main] o.f.core.internal.command.DbMigrate - Migrating schema "public" to version "49 - txn reconciliation protection"
01:10:40.816 INFO  [main] o.f.core.internal.command.DbMigrate - Migrating schema "public" to version "50 - budget plan and line"
01:10:40.818 INFO  [main] o.f.core.internal.command.DbMigrate - Migrating schema "public" to version "51 - bank import batch and statement line"
01:10:40.821 INFO  [main] o.f.core.internal.command.DbMigrate - Migrating schema "public" to version "52 - bank and configured bank account"
01:10:40.825 INFO  [main] o.f.core.internal.command.DbMigrate - Migrating schema "public" to version "53 - bank import review all rows"
01:10:40.826 INFO  [main] o.f.core.internal.command.DbMigrate - Migrating schema "public" to version "54 - txn split cleared state"
01:10:40.830 INFO  [main] o.f.core.internal.command.DbMigrate - Migrating schema "public" to version "55 - fixed assets and depreciation"
01:10:40.832 INFO  [main] o.f.core.internal.command.DbMigrate - Migrating schema "public" to version "56 - inventory items and movements"
01:10:40.834 INFO  [main] o.f.core.internal.command.DbMigrate - Migrating schema "public" to version "57 - bank reconciliation workspace"
01:10:40.835 INFO  [main] o.f.core.internal.command.DbMigrate - Migrating schema "public" to version "58 - txn supplemental lines"
01:10:40.837 INFO  [main] o.f.core.internal.command.DbMigrate - Migrating schema "public" to version "59 - company ui preferences and state"
01:10:40.837 INFO  [main] o.f.core.internal.command.DbMigrate - Migrating schema "public" to version "60 - period close ranges"
01:10:40.842 INFO  [main] o.f.core.internal.command.DbMigrate - Migrating schema "public" to version "61 - company ownership and interchange identity"
01:10:40.853 INFO  [main] o.f.core.internal.command.DbMigrate - Migrating schema "public" to version "62 - txn portable identity"
01:10:40.855 INFO  [main] o.f.core.internal.command.DbMigrate - Successfully applied 26 migrations to schema "public", now at version v62 (execution time 00:00.025s)
[NPBK] Flyway migration complete.
[NPBK] Creating JPA EntityManagerFactory for selected database.
01:10:40.905 INFO  [main] com.zaxxer.hikari.HikariDataSource - HikariPool-54 - Starting...
01:10:40.914 INFO  [main] com.zaxxer.hikari.HikariDataSource - HikariPool-54 - Start completed.
[NPBK] JPA EntityManagerFactory created for selected database.
ERROR SqlExceptionHelper Unique index or primary key violation: "public.uq_accounting_period_company_year_number_INDEX_5 ON public.accounting_period(company_id NULLS LAST, fiscal_year NULLS LAST, period_number NULLS LAST) VALUES ( /* key:1 */ CAST(1 AS BIGINT), 2026, 1)"; SQL statement:
insert into accounting_period (closed_at,closed_by,company_id,created_at,end_date,fiscal_year,period_number,start_date,status,updated_at,id) values (?,?,?,?,?,?,?,?,?,?,default) [23505-224]
01:10:41.055 INFO  [main] com.zaxxer.hikari.HikariDataSource - HikariPool-54 - Shutdown initiated...
01:10:41.060 INFO  [main] com.zaxxer.hikari.HikariDataSource - HikariPool-54 - Shutdown completed.
[NPBK] Preparing database: /tmp/junit2337063081743571836/period-service
[NPBK] Flyway migration starting.
[NPBK] JDBC URL: jdbc:h2:file:/tmp/junit2337063081743571836/period-service;MODE=PostgreSQL;DATABASE_TO_LOWER=TRUE;DEFAULT_NULL_ORDERING=HIGH;INIT=CREATE SCHEMA IF NOT EXISTS PUBLIC\;SET SCHEMA PUBLIC
01:10:41.075 INFO  [main] org.flywaydb.core.FlywayExecutor - Database: jdbc:h2:file:/tmp/junit2337063081743571836/period-service (H2 2.2)
01:10:41.079 INFO  [main] o.f.c.i.s.JdbcTableSchemaHistory - Schema history table "public"."flyway_schema_history" does not exist yet
01:10:41.080 INFO  [main] o.f.core.internal.command.DbValidate - Successfully validated 26 migrations (execution time 00:00.003s)
01:10:41.080 INFO  [main] o.f.c.i.s.JdbcTableSchemaHistory - Creating Schema History table "public"."flyway_schema_history" ...
01:10:41.081 INFO  [main] o.f.core.internal.command.DbMigrate - Current version of schema "public": << Empty Schema >>
01:10:41.083 INFO  [main] o.f.core.internal.command.DbMigrate - Migrating schema "public" to version "1 - init"
01:10:41.088 INFO  [main] o.f.core.internal.command.DbMigrate - Migrating schema "public" to version "2 - schedule items"
01:10:41.090 INFO  [main] o.f.core.internal.command.DbMigrate - Migrating schema "public" to version "3 - subtype schedule defaults"
01:10:41.092 INFO  [main] o.f.core.internal.command.DbMigrate - Migrating schema "public" to version "4 - journal open item core"
01:10:41.094 INFO  [main] o.f.core.internal.command.DbMigrate - Migrating schema "public" to version "5 - open item concurrency and fks"
01:10:41.096 INFO  [main] o.f.core.internal.command.DbMigrate - Migrating schema "public" to version "6 - workflow run records"
01:10:41.097 INFO  [main] o.f.core.internal.command.DbMigrate - Migrating schema "public" to version "7 - workflow run status constraints"
01:10:41.098 INFO  [main] o.f.core.internal.command.DbMigrate - Migrating schema "public" to version "8 - approval audit records"
01:10:41.099 INFO  [main] o.f.core.internal.command.DbMigrate - Migrating schema "public" to version "45 - add budget category"
01:10:41.103 INFO  [main] o.f.core.internal.command.DbMigrate - Migrating schema "public" to version "46 - company user admin foundation"
01:10:41.106 INFO  [main] o.f.core.internal.command.DbMigrate - Migrating schema "public" to version "47 - accounting period and audit"
01:10:41.107 INFO  [main] o.f.core.internal.command.DbMigrate - Migrating schema "public" to version "48 - transaction corrections"
01:10:41.111 INFO  [main] o.f.core.internal.command.DbMigrate - Migrating schema "public" to version "49 - txn reconciliation protection"
01:10:41.113 INFO  [main] o.f.core.internal.command.DbMigrate - Migrating schema "public" to version "50 - budget plan and line"
01:10:41.116 INFO  [main] o.f.core.internal.command.DbMigrate - Migrating schema "public" to version "51 - bank import batch and statement line"
01:10:41.120 INFO  [main] o.f.core.internal.command.DbMigrate - Migrating schema "public" to version "52 - bank and configured bank account"
01:10:41.126 INFO  [main] o.f.core.internal.command.DbMigrate - Migrating schema "public" to version "53 - bank import review all rows"
01:10:41.127 INFO  [main] o.f.core.internal.command.DbMigrate - Migrating schema "public" to version "54 - txn split cleared state"
01:10:41.133 INFO  [main] o.f.core.internal.command.DbMigrate - Migrating schema "public" to version "55 - fixed assets and depreciation"
01:10:41.136 INFO  [main] o.f.core.internal.command.DbMigrate - Migrating schema "public" to version "56 - inventory items and movements"
01:10:41.138 INFO  [main] o.f.core.internal.command.DbMigrate - Migrating schema "public" to version "57 - bank reconciliation workspace"
01:10:41.140 INFO  [main] o.f.core.internal.command.DbMigrate - Migrating schema "public" to version "58 - txn supplemental lines"
01:10:41.142 INFO  [main] o.f.core.internal.command.DbMigrate - Migrating schema "public" to version "59 - company ui preferences and state"
01:10:41.143 INFO  [main] o.f.core.internal.command.DbMigrate - Migrating schema "public" to version "60 - period close ranges"
01:10:41.150 INFO  [main] o.f.core.internal.command.DbMigrate - Migrating schema "public" to version "61 - company ownership and interchange identity"
01:10:41.170 INFO  [main] o.f.core.internal.command.DbMigrate - Migrating schema "public" to version "62 - txn portable identity"
01:10:41.174 INFO  [main] o.f.core.internal.command.DbMigrate - Successfully applied 26 migrations to schema "public", now at version v62 (execution time 00:00.045s)
[NPBK] Flyway migration complete.
[NPBK] Creating JPA EntityManagerFactory for selected database.
01:10:41.260 INFO  [main] com.zaxxer.hikari.HikariDataSource - HikariPool-55 - Starting...
01:10:41.273 INFO  [main] com.zaxxer.hikari.HikariDataSource - HikariPool-55 - Start completed.
[NPBK] JPA EntityManagerFactory created for selected database.
01:10:41.466 INFO  [main] com.zaxxer.hikari.HikariDataSource - HikariPool-55 - Shutdown initiated...
01:10:41.470 INFO  [main] com.zaxxer.hikari.HikariDataSource - HikariPool-55 - Shutdown completed.
[NPBK] Preparing database: /tmp/junit14602859101982242022/period-overlap
[NPBK] Flyway migration starting.
[NPBK] JDBC URL: jdbc:h2:file:/tmp/junit14602859101982242022/period-overlap;MODE=PostgreSQL;DATABASE_TO_LOWER=TRUE;DEFAULT_NULL_ORDERING=HIGH;INIT=CREATE SCHEMA IF NOT EXISTS PUBLIC\;SET SCHEMA PUBLIC
01:10:41.482 INFO  [main] org.flywaydb.core.FlywayExecutor - Database: jdbc:h2:file:/tmp/junit14602859101982242022/period-overlap (H2 2.2)
01:10:41.486 INFO  [main] o.f.c.i.s.JdbcTableSchemaHistory - Schema history table "public"."flyway_schema_history" does not exist yet
01:10:41.486 INFO  [main] o.f.core.internal.command.DbValidate - Successfully validated 26 migrations (execution time 00:00.003s)
01:10:41.487 INFO  [main] o.f.c.i.s.JdbcTableSchemaHistory - Creating Schema History table "public"."flyway_schema_history" ...
01:10:41.488 INFO  [main] o.f.core.internal.command.DbMigrate - Current version of schema "public": << Empty Schema >>
01:10:41.490 INFO  [main] o.f.core.internal.command.DbMigrate - Migrating schema "public" to version "1 - init"
01:10:41.495 INFO  [main] o.f.core.internal.command.DbMigrate - Migrating schema "public" to version "2 - schedule items"
01:10:41.497 INFO  [main] o.f.core.internal.command.DbMigrate - Migrating schema "public" to version "3 - subtype schedule defaults"
01:10:41.498 INFO  [main] o.f.core.internal.command.DbMigrate - Migrating schema "public" to version "4 - journal open item core"
01:10:41.500 INFO  [main] o.f.core.internal.command.DbMigrate - Migrating schema "public" to version "5 - open item concurrency and fks"
01:10:41.502 INFO  [main] o.f.core.internal.command.DbMigrate - Migrating schema "public" to version "6 - workflow run records"
01:10:41.502 INFO  [main] o.f.core.internal.command.DbMigrate - Migrating schema "public" to version "7 - workflow run status constraints"
01:10:41.503 INFO  [main] o.f.core.internal.command.DbMigrate - Migrating schema "public" to version "8 - approval audit records"
01:10:41.504 INFO  [main] o.f.core.internal.command.DbMigrate - Migrating schema "public" to version "45 - add budget category"
01:10:41.508 INFO  [main] o.f.core.internal.command.DbMigrate - Migrating schema "public" to version "46 - company user admin foundation"
01:10:41.510 INFO  [main] o.f.core.internal.command.DbMigrate - Migrating schema "public" to version "47 - accounting period and audit"
01:10:41.512 INFO  [main] o.f.core.internal.command.DbMigrate - Migrating schema "public" to version "48 - transaction corrections"
01:10:41.516 INFO  [main] o.f.core.internal.command.DbMigrate - Migrating schema "public" to version "49 - txn reconciliation protection"
01:10:41.518 INFO  [main] o.f.core.internal.command.DbMigrate - Migrating schema "public" to version "50 - budget plan and line"
01:10:41.521 INFO  [main] o.f.core.internal.command.DbMigrate - Migrating schema "public" to version "51 - bank import batch and statement line"
01:10:41.524 INFO  [main] o.f.core.internal.command.DbMigrate - Migrating schema "public" to version "52 - bank and configured bank account"
01:10:41.531 INFO  [main] o.f.core.internal.command.DbMigrate - Migrating schema "public" to version "53 - bank import review all rows"
01:10:41.532 INFO  [main] o.f.core.internal.command.DbMigrate - Migrating schema "public" to version "54 - txn split cleared state"
01:10:41.537 INFO  [main] o.f.core.internal.command.DbMigrate - Migrating schema "public" to version "55 - fixed assets and depreciation"
01:10:41.540 INFO  [main] o.f.core.internal.command.DbMigrate - Migrating schema "public" to version "56 - inventory items and movements"
01:10:41.542 INFO  [main] o.f.core.internal.command.DbMigrate - Migrating schema "public" to version "57 - bank reconciliation workspace"
01:10:41.544 INFO  [main] o.f.core.internal.command.DbMigrate - Migrating schema "public" to version "58 - txn supplemental lines"
01:10:41.546 INFO  [main] o.f.core.internal.command.DbMigrate - Migrating schema "public" to version "59 - company ui preferences and state"
01:10:41.547 INFO  [main] o.f.core.internal.command.DbMigrate - Migrating schema "public" to version "60 - period close ranges"
01:10:41.553 INFO  [main] o.f.core.internal.command.DbMigrate - Migrating schema "public" to version "61 - company ownership and interchange identity"
01:10:41.568 INFO  [main] o.f.core.internal.command.DbMigrate - Migrating schema "public" to version "62 - txn portable identity"
01:10:41.571 INFO  [main] o.f.core.internal.command.DbMigrate - Successfully applied 26 migrations to schema "public", now at version v62 (execution time 00:00.036s)
[NPBK] Flyway migration complete.
[NPBK] Creating JPA EntityManagerFactory for selected database.
01:10:41.638 INFO  [main] com.zaxxer.hikari.HikariDataSource - HikariPool-56 - Starting...
01:10:41.651 INFO  [main] com.zaxxer.hikari.HikariDataSource - HikariPool-56 - Start completed.
[NPBK] JPA EntityManagerFactory created for selected database.
01:10:41.839 INFO  [main] com.zaxxer.hikari.HikariDataSource - HikariPool-56 - Shutdown initiated...
01:10:41.842 INFO  [main] com.zaxxer.hikari.HikariDataSource - HikariPool-56 - Shutdown completed.
[NPBK] Preparing database: /tmp/junit4128073512588817470/period-validation
[NPBK] Flyway migration starting.
[NPBK] JDBC URL: jdbc:h2:file:/tmp/junit4128073512588817470/period-validation;MODE=PostgreSQL;DATABASE_TO_LOWER=TRUE;DEFAULT_NULL_ORDERING=HIGH;INIT=CREATE SCHEMA IF NOT EXISTS PUBLIC\;SET SCHEMA PUBLIC
01:10:41.856 INFO  [main] org.flywaydb.core.FlywayExecutor - Database: jdbc:h2:file:/tmp/junit4128073512588817470/period-validation (H2 2.2)
01:10:41.860 INFO  [main] o.f.c.i.s.JdbcTableSchemaHistory - Schema history table "public"."flyway_schema_history" does not exist yet
01:10:41.861 INFO  [main] o.f.core.internal.command.DbValidate - Successfully validated 26 migrations (execution time 00:00.004s)
01:10:41.861 INFO  [main] o.f.c.i.s.JdbcTableSchemaHistory - Creating Schema History table "public"."flyway_schema_history" ...
01:10:41.862 INFO  [main] o.f.core.internal.command.DbMigrate - Current version of schema "public": << Empty Schema >>
01:10:41.865 INFO  [main] o.f.core.internal.command.DbMigrate - Migrating schema "public" to version "1 - init"
01:10:41.870 INFO  [main] o.f.core.internal.command.DbMigrate - Migrating schema "public" to version "2 - schedule items"
01:10:41.872 INFO  [main] o.f.core.internal.command.DbMigrate - Migrating schema "public" to version "3 - subtype schedule defaults"
01:10:41.874 INFO  [main] o.f.core.internal.command.DbMigrate - Migrating schema "public" to version "4 - journal open item core"
01:10:41.875 INFO  [main] o.f.core.internal.command.DbMigrate - Migrating schema "public" to version "5 - open item concurrency and fks"
01:10:41.877 INFO  [main] o.f.core.internal.command.DbMigrate - Migrating schema "public" to version "6 - workflow run records"
01:10:41.878 INFO  [main] o.f.core.internal.command.DbMigrate - Migrating schema "public" to version "7 - workflow run status constraints"
01:10:41.879 INFO  [main] o.f.core.internal.command.DbMigrate - Migrating schema "public" to version "8 - approval audit records"
01:10:41.880 INFO  [main] o.f.core.internal.command.DbMigrate - Migrating schema "public" to version "45 - add budget category"
01:10:41.884 INFO  [main] o.f.core.internal.command.DbMigrate - Migrating schema "public" to version "46 - company user admin foundation"
01:10:41.887 INFO  [main] o.f.core.internal.command.DbMigrate - Migrating schema "public" to version "47 - accounting period and audit"
01:10:41.888 INFO  [main] o.f.core.internal.command.DbMigrate - Migrating schema "public" to version "48 - transaction corrections"
01:10:41.892 INFO  [main] o.f.core.internal.command.DbMigrate - Migrating schema "public" to version "49 - txn reconciliation protection"
01:10:41.894 INFO  [main] o.f.core.internal.command.DbMigrate - Migrating schema "public" to version "50 - budget plan and line"
01:10:41.897 INFO  [main] o.f.core.internal.command.DbMigrate - Migrating schema "public" to version "51 - bank import batch and statement line"
01:10:41.901 INFO  [main] o.f.core.internal.command.DbMigrate - Migrating schema "public" to version "52 - bank and configured bank account"
01:10:41.908 INFO  [main] o.f.core.internal.command.DbMigrate - Migrating schema "public" to version "53 - bank import review all rows"
01:10:41.909 INFO  [main] o.f.core.internal.command.DbMigrate - Migrating schema "public" to version "54 - txn split cleared state"
01:10:41.914 INFO  [main] o.f.core.internal.command.DbMigrate - Migrating schema "public" to version "55 - fixed assets and depreciation"
01:10:41.918 INFO  [main] o.f.core.internal.command.DbMigrate - Migrating schema "public" to version "56 - inventory items and movements"
01:10:41.920 INFO  [main] o.f.core.internal.command.DbMigrate - Migrating schema "public" to version "57 - bank reconciliation workspace"
01:10:41.922 INFO  [main] o.f.core.internal.command.DbMigrate - Migrating schema "public" to version "58 - txn supplemental lines"
01:10:41.924 INFO  [main] o.f.core.internal.command.DbMigrate - Migrating schema "public" to version "59 - company ui preferences and state"
01:10:41.925 INFO  [main] o.f.core.internal.command.DbMigrate - Migrating schema "public" to version "60 - period close ranges"
01:10:41.932 INFO  [main] o.f.core.internal.command.DbMigrate - Migrating schema "public" to version "61 - company ownership and interchange identity"
01:10:41.949 INFO  [main] o.f.core.internal.command.DbMigrate - Migrating schema "public" to version "62 - txn portable identity"
01:10:41.963 INFO  [main] o.f.core.internal.command.DbMigrate - Successfully applied 26 migrations to schema "public", now at version v62 (execution time 00:00.052s)
[NPBK] Flyway migration complete.
[NPBK] Creating JPA EntityManagerFactory for selected database.
01:10:42.034 INFO  [main] com.zaxxer.hikari.HikariDataSource - HikariPool-57 - Starting...
01:10:42.047 INFO  [main] com.zaxxer.hikari.HikariDataSource - HikariPool-57 - Start completed.
[NPBK] JPA EntityManagerFactory created for selected database.
01:10:42.228 INFO  [main] com.zaxxer.hikari.HikariDataSource - HikariPool-57 - Shutdown initiated...
01:10:42.231 INFO  [main] com.zaxxer.hikari.HikariDataSource - HikariPool-57 - Shutdown completed.
[NPBK] Preparing database: /tmp/junit17688981413535586437/period-transitions
[NPBK] Flyway migration starting.
[NPBK] JDBC URL: jdbc:h2:file:/tmp/junit17688981413535586437/period-transitions;MODE=PostgreSQL;DATABASE_TO_LOWER=TRUE;DEFAULT_NULL_ORDERING=HIGH;INIT=CREATE SCHEMA IF NOT EXISTS PUBLIC\;SET SCHEMA PUBLIC
01:10:42.242 INFO  [main] org.flywaydb.core.FlywayExecutor - Database: jdbc:h2:file:/tmp/junit17688981413535586437/period-transitions (H2 2.2)
01:10:42.247 INFO  [main] o.f.c.i.s.JdbcTableSchemaHistory - Schema history table "public"."flyway_schema_history" does not exist yet
01:10:42.247 INFO  [main] o.f.core.internal.command.DbValidate - Successfully validated 26 migrations (execution time 00:00.003s)
01:10:42.247 INFO  [main] o.f.c.i.s.JdbcTableSchemaHistory - Creating Schema History table "public"."flyway_schema_history" ...
01:10:42.248 INFO  [main] o.f.core.internal.command.DbMigrate - Current version of schema "public": << Empty Schema >>
01:10:42.251 INFO  [main] o.f.core.internal.command.DbMigrate - Migrating schema "public" to version "1 - init"
01:10:42.256 INFO  [main] o.f.core.internal.command.DbMigrate - Migrating schema "public" to version "2 - schedule items"
01:10:42.258 INFO  [main] o.f.core.internal.command.DbMigrate - Migrating schema "public" to version "3 - subtype schedule defaults"
01:10:42.260 INFO  [main] o.f.core.internal.command.DbMigrate - Migrating schema "public" to version "4 - journal open item core"
01:10:42.261 INFO  [main] o.f.core.internal.command.DbMigrate - Migrating schema "public" to version "5 - open item concurrency and fks"
01:10:42.263 INFO  [main] o.f.core.internal.command.DbMigrate - Migrating schema "public" to version "6 - workflow run records"
01:10:42.264 INFO  [main] o.f.core.internal.command.DbMigrate - Migrating schema "public" to version "7 - workflow run status constraints"
01:10:42.265 INFO  [main] o.f.core.internal.command.DbMigrate - Migrating schema "public" to version "8 - approval audit records"
01:10:42.266 INFO  [main] o.f.core.internal.command.DbMigrate - Migrating schema "public" to version "45 - add budget category"
01:10:42.270 INFO  [main] o.f.core.internal.command.DbMigrate - Migrating schema "public" to version "46 - company user admin foundation"
01:10:42.273 INFO  [main] o.f.core.internal.command.DbMigrate - Migrating schema "public" to version "47 - accounting period and audit"
01:10:42.275 INFO  [main] o.f.core.internal.command.DbMigrate - Migrating schema "public" to version "48 - transaction corrections"
01:10:42.279 INFO  [main] o.f.core.internal.command.DbMigrate - Migrating schema "public" to version "49 - txn reconciliation protection"
01:10:42.281 INFO  [main] o.f.core.internal.command.DbMigrate - Migrating schema "public" to version "50 - budget plan and line"
01:10:42.284 INFO  [main] o.f.core.internal.command.DbMigrate - Migrating schema "public" to version "51 - bank import batch and statement line"
01:10:42.288 INFO  [main] o.f.core.internal.command.DbMigrate - Migrating schema "public" to version "52 - bank and configured bank account"
01:10:42.295 INFO  [main] o.f.core.internal.command.DbMigrate - Migrating schema "public" to version "53 - bank import review all rows"
01:10:42.296 INFO  [main] o.f.core.internal.command.DbMigrate - Migrating schema "public" to version "54 - txn split cleared state"
01:10:42.301 INFO  [main] o.f.core.internal.command.DbMigrate - Migrating schema "public" to version "55 - fixed assets and depreciation"
01:10:42.304 INFO  [main] o.f.core.internal.command.DbMigrate - Migrating schema "public" to version "56 - inventory items and movements"
01:10:42.307 INFO  [main] o.f.core.internal.command.DbMigrate - Migrating schema "public" to version "57 - bank reconciliation workspace"
01:10:42.309 INFO  [main] o.f.core.internal.command.DbMigrate - Migrating schema "public" to version "58 - txn supplemental lines"
01:10:42.311 INFO  [main] o.f.core.internal.command.DbMigrate - Migrating schema "public" to version "59 - company ui preferences and state"
01:10:42.312 INFO  [main] o.f.core.internal.command.DbMigrate - Migrating schema "public" to version "60 - period close ranges"
01:10:42.319 INFO  [main] o.f.core.internal.command.DbMigrate - Migrating schema "public" to version "61 - company ownership and interchange identity"
01:10:42.335 INFO  [main] o.f.core.internal.command.DbMigrate - Migrating schema "public" to version "62 - txn portable identity"
01:10:42.338 INFO  [main] o.f.core.internal.command.DbMigrate - Successfully applied 26 migrations to schema "public", now at version v62 (execution time 00:00.042s)
[NPBK] Flyway migration complete.
[NPBK] Creating JPA EntityManagerFactory for selected database.
01:10:42.413 INFO  [main] com.zaxxer.hikari.HikariDataSource - HikariPool-58 - Starting...
01:10:42.425 INFO  [main] com.zaxxer.hikari.HikariDataSource - HikariPool-58 - Start completed.
[NPBK] JPA EntityManagerFactory created for selected database.
01:10:42.612 INFO  [main] com.zaxxer.hikari.HikariDataSource - HikariPool-58 - Shutdown initiated...
01:10:42.616 INFO  [main] com.zaxxer.hikari.HikariDataSource - HikariPool-58 - Shutdown completed.
[NPBK] Preparing database: /tmp/junit6756328666497019767/period-lookup
[NPBK] Flyway migration starting.
[NPBK] JDBC URL: jdbc:h2:file:/tmp/junit6756328666497019767/period-lookup;MODE=PostgreSQL;DATABASE_TO_LOWER=TRUE;DEFAULT_NULL_ORDERING=HIGH;INIT=CREATE SCHEMA IF NOT EXISTS PUBLIC\;SET SCHEMA PUBLIC
01:10:42.627 INFO  [main] org.flywaydb.core.FlywayExecutor - Database: jdbc:h2:file:/tmp/junit6756328666497019767/period-lookup (H2 2.2)
01:10:42.631 INFO  [main] o.f.c.i.s.JdbcTableSchemaHistory - Schema history table "public"."flyway_schema_history" does not exist yet
01:10:42.632 INFO  [main] o.f.core.internal.command.DbValidate - Successfully validated 26 migrations (execution time 00:00.003s)
01:10:42.632 INFO  [main] o.f.c.i.s.JdbcTableSchemaHistory - Creating Schema History table "public"."flyway_schema_history" ...
01:10:42.633 INFO  [main] o.f.core.internal.command.DbMigrate - Current version of schema "public": << Empty Schema >>
01:10:42.635 INFO  [main] o.f.core.internal.command.DbMigrate - Migrating schema "public" to version "1 - init"
01:10:42.640 INFO  [main] o.f.core.internal.command.DbMigrate - Migrating schema "public" to version "2 - schedule items"
01:10:42.642 INFO  [main] o.f.core.internal.command.DbMigrate - Migrating schema "public" to version "3 - subtype schedule defaults"
01:10:42.643 INFO  [main] o.f.core.internal.command.DbMigrate - Migrating schema "public" to version "4 - journal open item core"
01:10:42.645 INFO  [main] o.f.core.internal.command.DbMigrate - Migrating schema "public" to version "5 - open item concurrency and fks"
01:10:42.646 INFO  [main] o.f.core.internal.command.DbMigrate - Migrating schema "public" to version "6 - workflow run records"
01:10:42.647 INFO  [main] o.f.core.internal.command.DbMigrate - Migrating schema "public" to version "7 - workflow run status constraints"
01:10:42.648 INFO  [main] o.f.core.internal.command.DbMigrate - Migrating schema "public" to version "8 - approval audit records"
01:10:42.649 INFO  [main] o.f.core.internal.command.DbMigrate - Migrating schema "public" to version "45 - add budget category"
01:10:42.653 INFO  [main] o.f.core.internal.command.DbMigrate - Migrating schema "public" to version "46 - company user admin foundation"
01:10:42.655 INFO  [main] o.f.core.internal.command.DbMigrate - Migrating schema "public" to version "47 - accounting period and audit"
01:10:42.657 INFO  [main] o.f.core.internal.command.DbMigrate - Migrating schema "public" to version "48 - transaction corrections"
01:10:42.661 INFO  [main] o.f.core.internal.command.DbMigrate - Migrating schema "public" to version "49 - txn reconciliation protection"
01:10:42.663 INFO  [main] o.f.core.internal.command.DbMigrate - Migrating schema "public" to version "50 - budget plan and line"
01:10:42.666 INFO  [main] o.f.core.internal.command.DbMigrate - Migrating schema "public" to version "51 - bank import batch and statement line"
01:10:42.670 INFO  [main] o.f.core.internal.command.DbMigrate - Migrating schema "public" to version "52 - bank and configured bank account"
01:10:42.677 INFO  [main] o.f.core.internal.command.DbMigrate - Migrating schema "public" to version "53 - bank import review all rows"
01:10:42.678 INFO  [main] o.f.core.internal.command.DbMigrate - Migrating schema "public" to version "54 - txn split cleared state"
01:10:42.683 INFO  [main] o.f.core.internal.command.DbMigrate - Migrating schema "public" to version "55 - fixed assets and depreciation"
01:10:42.686 INFO  [main] o.f.core.internal.command.DbMigrate - Migrating schema "public" to version "56 - inventory items and movements"
01:10:42.689 INFO  [main] o.f.core.internal.command.DbMigrate - Migrating schema "public" to version "57 - bank reconciliation workspace"
01:10:42.691 INFO  [main] o.f.core.internal.command.DbMigrate - Migrating schema "public" to version "58 - txn supplemental lines"
01:10:42.692 INFO  [main] o.f.core.internal.command.DbMigrate - Migrating schema "public" to version "59 - company ui preferences and state"
01:10:42.694 INFO  [main] o.f.core.internal.command.DbMigrate - Migrating schema "public" to version "60 - period close ranges"
01:10:42.713 INFO  [main] o.f.core.internal.command.DbMigrate - Migrating schema "public" to version "61 - company ownership and interchange identity"
01:10:42.728 INFO  [main] o.f.core.internal.command.DbMigrate - Migrating schema "public" to version "62 - txn portable identity"
01:10:42.731 INFO  [main] o.f.core.internal.command.DbMigrate - Successfully applied 26 migrations to schema "public", now at version v62 (execution time 00:00.038s)
[NPBK] Flyway migration complete.
[NPBK] Creating JPA EntityManagerFactory for selected database.
01:10:42.783 INFO  [main] com.zaxxer.hikari.HikariDataSource - HikariPool-59 - Starting...
01:10:42.792 INFO  [main] com.zaxxer.hikari.HikariDataSource - HikariPool-59 - Start completed.
[NPBK] JPA EntityManagerFactory created for selected database.
01:10:42.922 INFO  [main] com.zaxxer.hikari.HikariDataSource - HikariPool-59 - Shutdown initiated...
01:10:42.926 INFO  [main] com.zaxxer.hikari.HikariDataSource - HikariPool-59 - Shutdown completed.
[INFO] Tests run: 6, Failures: 0, Errors: 0, Skipped: 0, Time elapsed: 2.148 s -- in org.nonprofitbookkeeping.service.AccountingPeriodServiceTest
[INFO] Running org.nonprofitbookkeeping.service.CsvParseTest
[INFO] Tests run: 1, Failures: 0, Errors: 0, Skipped: 0, Time elapsed: 0.002 s -- in org.nonprofitbookkeeping.service.CsvParseTest
[INFO] Running org.nonprofitbookkeeping.service.TransactionEntryCloseRangeTest
[NPBK] Preparing database: /tmp/junit6123912053740494035/transaction-entry-close
[NPBK] Flyway migration starting.
[NPBK] JDBC URL: jdbc:h2:file:/tmp/junit6123912053740494035/transaction-entry-close;MODE=PostgreSQL;DATABASE_TO_LOWER=TRUE;DEFAULT_NULL_ORDERING=HIGH;INIT=CREATE SCHEMA IF NOT EXISTS PUBLIC\;SET SCHEMA PUBLIC
01:10:42.941 INFO  [main] org.flywaydb.core.FlywayExecutor - Database: jdbc:h2:file:/tmp/junit6123912053740494035/transaction-entry-close (H2 2.2)
01:10:42.944 INFO  [main] o.f.c.i.s.JdbcTableSchemaHistory - Schema history table "public"."flyway_schema_history" does not exist yet
01:10:42.944 INFO  [main] o.f.core.internal.command.DbValidate - Successfully validated 26 migrations (execution time 00:00.002s)
01:10:42.944 INFO  [main] o.f.c.i.s.JdbcTableSchemaHistory - Creating Schema History table "public"."flyway_schema_history" ...
01:10:42.945 INFO  [main] o.f.core.internal.command.DbMigrate - Current version of schema "public": << Empty Schema >>
01:10:42.946 INFO  [main] o.f.core.internal.command.DbMigrate - Migrating schema "public" to version "1 - init"
01:10:42.950 INFO  [main] o.f.core.internal.command.DbMigrate - Migrating schema "public" to version "2 - schedule items"
01:10:42.951 INFO  [main] o.f.core.internal.command.DbMigrate - Migrating schema "public" to version "3 - subtype schedule defaults"
01:10:42.952 INFO  [main] o.f.core.internal.command.DbMigrate - Migrating schema "public" to version "4 - journal open item core"
01:10:42.954 INFO  [main] o.f.core.internal.command.DbMigrate - Migrating schema "public" to version "5 - open item concurrency and fks"
01:10:42.955 INFO  [main] o.f.core.internal.command.DbMigrate - Migrating schema "public" to version "6 - workflow run records"
01:10:42.957 INFO  [main] o.f.core.internal.command.DbMigrate - Migrating schema "public" to version "7 - workflow run status constraints"
01:10:42.957 INFO  [main] o.f.core.internal.command.DbMigrate - Migrating schema "public" to version "8 - approval audit records"
01:10:42.958 INFO  [main] o.f.core.internal.command.DbMigrate - Migrating schema "public" to version "45 - add budget category"
01:10:42.960 INFO  [main] o.f.core.internal.command.DbMigrate - Migrating schema "public" to version "46 - company user admin foundation"
01:10:42.962 INFO  [main] o.f.core.internal.command.DbMigrate - Migrating schema "public" to version "47 - accounting period and audit"
01:10:42.963 INFO  [main] o.f.core.internal.command.DbMigrate - Migrating schema "public" to version "48 - transaction corrections"
01:10:42.966 INFO  [main] o.f.core.internal.command.DbMigrate - Migrating schema "public" to version "49 - txn reconciliation protection"
01:10:42.968 INFO  [main] o.f.core.internal.command.DbMigrate - Migrating schema "public" to version "50 - budget plan and line"
01:10:42.970 INFO  [main] o.f.core.internal.command.DbMigrate - Migrating schema "public" to version "51 - bank import batch and statement line"
01:10:42.973 INFO  [main] o.f.core.internal.command.DbMigrate - Migrating schema "public" to version "52 - bank and configured bank account"
01:10:42.978 INFO  [main] o.f.core.internal.command.DbMigrate - Migrating schema "public" to version "53 - bank import review all rows"
01:10:42.978 INFO  [main] o.f.core.internal.command.DbMigrate - Migrating schema "public" to version "54 - txn split cleared state"
01:10:42.982 INFO  [main] o.f.core.internal.command.DbMigrate - Migrating schema "public" to version "55 - fixed assets and depreciation"
01:10:42.984 INFO  [main] o.f.core.internal.command.DbMigrate - Migrating schema "public" to version "56 - inventory items and movements"
01:10:42.986 INFO  [main] o.f.core.internal.command.DbMigrate - Migrating schema "public" to version "57 - bank reconciliation workspace"
01:10:42.987 INFO  [main] o.f.core.internal.command.DbMigrate - Migrating schema "public" to version "58 - txn supplemental lines"
01:10:42.988 INFO  [main] o.f.core.internal.command.DbMigrate - Migrating schema "public" to version "59 - company ui preferences and state"
01:10:42.989 INFO  [main] o.f.core.internal.command.DbMigrate - Migrating schema "public" to version "60 - period close ranges"
01:10:42.993 INFO  [main] o.f.core.internal.command.DbMigrate - Migrating schema "public" to version "61 - company ownership and interchange identity"
01:10:43.005 INFO  [main] o.f.core.internal.command.DbMigrate - Migrating schema "public" to version "62 - txn portable identity"
01:10:43.007 INFO  [main] o.f.core.internal.command.DbMigrate - Successfully applied 26 migrations to schema "public", now at version v62 (execution time 00:00.025s)
[NPBK] Flyway migration complete.
[NPBK] Creating JPA EntityManagerFactory for selected database.
01:10:43.057 INFO  [main] com.zaxxer.hikari.HikariDataSource - HikariPool-60 - Starting...
01:10:43.065 INFO  [main] com.zaxxer.hikari.HikariDataSource - HikariPool-60 - Start completed.
[NPBK] JPA EntityManagerFactory created for selected database.
01:10:43.257 INFO  [main] com.zaxxer.hikari.HikariDataSource - HikariPool-60 - Shutdown initiated...
01:10:43.264 INFO  [main] com.zaxxer.hikari.HikariDataSource - HikariPool-60 - Shutdown completed.
[INFO] Tests run: 1, Failures: 0, Errors: 0, Skipped: 0, Time elapsed: 0.336 s -- in org.nonprofitbookkeeping.service.TransactionEntryCloseRangeTest
[INFO] Running org.nonprofitbookkeeping.service.BudgetCategoryAdminServiceTest
[INFO] Tests run: 2, Failures: 0, Errors: 0, Skipped: 0, Time elapsed: 0.025 s -- in org.nonprofitbookkeeping.service.BudgetCategoryAdminServiceTest
[INFO] Running org.nonprofitbookkeeping.service.FinancialReportRendererGoldenFileTest
[INFO] Tests run: 4, Failures: 0, Errors: 0, Skipped: 0, Time elapsed: 0.003 s -- in org.nonprofitbookkeeping.service.FinancialReportRendererGoldenFileTest
[INFO] Running org.nonprofitbookkeeping.service.BudgetPlanServiceTest
[NPBK] Preparing database: /tmp/junit9874905795425301910/budget-variance
[NPBK] Flyway migration starting.
[NPBK] JDBC URL: jdbc:h2:file:/tmp/junit9874905795425301910/budget-variance;MODE=PostgreSQL;DATABASE_TO_LOWER=TRUE;DEFAULT_NULL_ORDERING=HIGH;INIT=CREATE SCHEMA IF NOT EXISTS PUBLIC\;SET SCHEMA PUBLIC
01:10:43.319 INFO  [main] org.flywaydb.core.FlywayExecutor - Database: jdbc:h2:file:/tmp/junit9874905795425301910/budget-variance (H2 2.2)
01:10:43.323 INFO  [main] o.f.c.i.s.JdbcTableSchemaHistory - Schema history table "public"."flyway_schema_history" does not exist yet
01:10:43.324 INFO  [main] o.f.core.internal.command.DbValidate - Successfully validated 26 migrations (execution time 00:00.003s)
01:10:43.324 INFO  [main] o.f.c.i.s.JdbcTableSchemaHistory - Creating Schema History table "public"."flyway_schema_history" ...
01:10:43.325 INFO  [main] o.f.core.internal.command.DbMigrate - Current version of schema "public": << Empty Schema >>
01:10:43.328 INFO  [main] o.f.core.internal.command.DbMigrate - Migrating schema "public" to version "1 - init"
01:10:43.334 INFO  [main] o.f.core.internal.command.DbMigrate - Migrating schema "public" to version "2 - schedule items"
01:10:43.335 INFO  [main] o.f.core.internal.command.DbMigrate - Migrating schema "public" to version "3 - subtype schedule defaults"
01:10:43.337 INFO  [main] o.f.core.internal.command.DbMigrate - Migrating schema "public" to version "4 - journal open item core"
01:10:43.338 INFO  [main] o.f.core.internal.command.DbMigrate - Migrating schema "public" to version "5 - open item concurrency and fks"
01:10:43.340 INFO  [main] o.f.core.internal.command.DbMigrate - Migrating schema "public" to version "6 - workflow run records"
01:10:43.341 INFO  [main] o.f.core.internal.command.DbMigrate - Migrating schema "public" to version "7 - workflow run status constraints"
01:10:43.342 INFO  [main] o.f.core.internal.command.DbMigrate - Migrating schema "public" to version "8 - approval audit records"
01:10:43.343 INFO  [main] o.f.core.internal.command.DbMigrate - Migrating schema "public" to version "45 - add budget category"
01:10:43.347 INFO  [main] o.f.core.internal.command.DbMigrate - Migrating schema "public" to version "46 - company user admin foundation"
01:10:43.351 INFO  [main] o.f.core.internal.command.DbMigrate - Migrating schema "public" to version "47 - accounting period and audit"
01:10:43.353 INFO  [main] o.f.core.internal.command.DbMigrate - Migrating schema "public" to version "48 - transaction corrections"
01:10:43.357 INFO  [main] o.f.core.internal.command.DbMigrate - Migrating schema "public" to version "49 - txn reconciliation protection"
01:10:43.361 INFO  [main] o.f.core.internal.command.DbMigrate - Migrating schema "public" to version "50 - budget plan and line"
01:10:43.370 INFO  [main] o.f.core.internal.command.DbMigrate - Migrating schema "public" to version "51 - bank import batch and statement line"
01:10:43.374 INFO  [main] o.f.core.internal.command.DbMigrate - Migrating schema "public" to version "52 - bank and configured bank account"
01:10:43.381 INFO  [main] o.f.core.internal.command.DbMigrate - Migrating schema "public" to version "53 - bank import review all rows"
01:10:43.382 INFO  [main] o.f.core.internal.command.DbMigrate - Migrating schema "public" to version "54 - txn split cleared state"
01:10:43.391 INFO  [main] o.f.core.internal.command.DbMigrate - Migrating schema "public" to version "55 - fixed assets and depreciation"
01:10:43.394 INFO  [main] o.f.core.internal.command.DbMigrate - Migrating schema "public" to version "56 - inventory items and movements"
01:10:43.396 INFO  [main] o.f.core.internal.command.DbMigrate - Migrating schema "public" to version "57 - bank reconciliation workspace"
01:10:43.399 INFO  [main] o.f.core.internal.command.DbMigrate - Migrating schema "public" to version "58 - txn supplemental lines"
01:10:43.400 INFO  [main] o.f.core.internal.command.DbMigrate - Migrating schema "public" to version "59 - company ui preferences and state"
01:10:43.401 INFO  [main] o.f.core.internal.command.DbMigrate - Migrating schema "public" to version "60 - period close ranges"
01:10:43.408 INFO  [main] o.f.core.internal.command.DbMigrate - Migrating schema "public" to version "61 - company ownership and interchange identity"
01:10:43.428 INFO  [main] o.f.core.internal.command.DbMigrate - Migrating schema "public" to version "62 - txn portable identity"
01:10:43.431 INFO  [main] o.f.core.internal.command.DbMigrate - Successfully applied 26 migrations to schema "public", now at version v62 (execution time 00:00.051s)
[NPBK] Flyway migration complete.
[NPBK] Creating JPA EntityManagerFactory for selected database.
01:10:43.502 INFO  [main] com.zaxxer.hikari.HikariDataSource - HikariPool-61 - Starting...
01:10:43.513 INFO  [main] com.zaxxer.hikari.HikariDataSource - HikariPool-61 - Start completed.
[NPBK] JPA EntityManagerFactory created for selected database.
01:10:43.884 INFO  [main] com.zaxxer.hikari.HikariDataSource - HikariPool-61 - Shutdown initiated...
01:10:43.891 INFO  [main] com.zaxxer.hikari.HikariDataSource - HikariPool-61 - Shutdown completed.
[NPBK] Preparing database: /tmp/junit16601706730980836520/budget-validation
[NPBK] Flyway migration starting.
[NPBK] JDBC URL: jdbc:h2:file:/tmp/junit16601706730980836520/budget-validation;MODE=PostgreSQL;DATABASE_TO_LOWER=TRUE;DEFAULT_NULL_ORDERING=HIGH;INIT=CREATE SCHEMA IF NOT EXISTS PUBLIC\;SET SCHEMA PUBLIC
01:10:43.910 INFO  [main] org.flywaydb.core.FlywayExecutor - Database: jdbc:h2:file:/tmp/junit16601706730980836520/budget-validation (H2 2.2)
01:10:43.915 INFO  [main] o.f.c.i.s.JdbcTableSchemaHistory - Schema history table "public"."flyway_schema_history" does not exist yet
01:10:43.915 INFO  [main] o.f.core.internal.command.DbValidate - Successfully validated 26 migrations (execution time 00:00.003s)
01:10:43.915 INFO  [main] o.f.c.i.s.JdbcTableSchemaHistory - Creating Schema History table "public"."flyway_schema_history" ...
01:10:43.917 INFO  [main] o.f.core.internal.command.DbMigrate - Current version of schema "public": << Empty Schema >>
01:10:43.919 INFO  [main] o.f.core.internal.command.DbMigrate - Migrating schema "public" to version "1 - init"
01:10:43.924 INFO  [main] o.f.core.internal.command.DbMigrate - Migrating schema "public" to version "2 - schedule items"
01:10:43.926 INFO  [main] o.f.core.internal.command.DbMigrate - Migrating schema "public" to version "3 - subtype schedule defaults"
01:10:43.928 INFO  [main] o.f.core.internal.command.DbMigrate - Migrating schema "public" to version "4 - journal open item core"
01:10:43.930 INFO  [main] o.f.core.internal.command.DbMigrate - Migrating schema "public" to version "5 - open item concurrency and fks"
01:10:43.931 INFO  [main] o.f.core.internal.command.DbMigrate - Migrating schema "public" to version "6 - workflow run records"
01:10:43.932 INFO  [main] o.f.core.internal.command.DbMigrate - Migrating schema "public" to version "7 - workflow run status constraints"
01:10:43.933 INFO  [main] o.f.core.internal.command.DbMigrate - Migrating schema "public" to version "8 - approval audit records"
01:10:43.934 INFO  [main] o.f.core.internal.command.DbMigrate - Migrating schema "public" to version "45 - add budget category"
01:10:43.938 INFO  [main] o.f.core.internal.command.DbMigrate - Migrating schema "public" to version "46 - company user admin foundation"
01:10:43.941 INFO  [main] o.f.core.internal.command.DbMigrate - Migrating schema "public" to version "47 - accounting period and audit"
01:10:43.942 INFO  [main] o.f.core.internal.command.DbMigrate - Migrating schema "public" to version "48 - transaction corrections"
01:10:43.946 INFO  [main] o.f.core.internal.command.DbMigrate - Migrating schema "public" to version "49 - txn reconciliation protection"
01:10:43.948 INFO  [main] o.f.core.internal.command.DbMigrate - Migrating schema "public" to version "50 - budget plan and line"
01:10:43.951 INFO  [main] o.f.core.internal.command.DbMigrate - Migrating schema "public" to version "51 - bank import batch and statement line"
01:10:43.955 INFO  [main] o.f.core.internal.command.DbMigrate - Migrating schema "public" to version "52 - bank and configured bank account"
01:10:43.963 INFO  [main] o.f.core.internal.command.DbMigrate - Migrating schema "public" to version "53 - bank import review all rows"
01:10:43.964 INFO  [main] o.f.core.internal.command.DbMigrate - Migrating schema "public" to version "54 - txn split cleared state"
01:10:43.970 INFO  [main] o.f.core.internal.command.DbMigrate - Migrating schema "public" to version "55 - fixed assets and depreciation"
01:10:43.973 INFO  [main] o.f.core.internal.command.DbMigrate - Migrating schema "public" to version "56 - inventory items and movements"
01:10:43.975 INFO  [main] o.f.core.internal.command.DbMigrate - Migrating schema "public" to version "57 - bank reconciliation workspace"
01:10:43.978 INFO  [main] o.f.core.internal.command.DbMigrate - Migrating schema "public" to version "58 - txn supplemental lines"
01:10:43.979 INFO  [main] o.f.core.internal.command.DbMigrate - Migrating schema "public" to version "59 - company ui preferences and state"
01:10:43.980 INFO  [main] o.f.core.internal.command.DbMigrate - Migrating schema "public" to version "60 - period close ranges"
01:10:43.987 INFO  [main] o.f.core.internal.command.DbMigrate - Migrating schema "public" to version "61 - company ownership and interchange identity"
01:10:44.003 INFO  [main] o.f.core.internal.command.DbMigrate - Migrating schema "public" to version "62 - txn portable identity"
01:10:44.006 INFO  [main] o.f.core.internal.command.DbMigrate - Successfully applied 26 migrations to schema "public", now at version v62 (execution time 00:00.039s)
[NPBK] Flyway migration complete.
[NPBK] Creating JPA EntityManagerFactory for selected database.
01:10:44.082 INFO  [main] com.zaxxer.hikari.HikariDataSource - HikariPool-62 - Starting...
01:10:44.095 INFO  [main] com.zaxxer.hikari.HikariDataSource - HikariPool-62 - Start completed.
[NPBK] JPA EntityManagerFactory created for selected database.
01:10:44.283 INFO  [main] com.zaxxer.hikari.HikariDataSource - HikariPool-62 - Shutdown initiated...
01:10:44.287 INFO  [main] com.zaxxer.hikari.HikariDataSource - HikariPool-62 - Shutdown completed.
[NPBK] Preparing database: /tmp/junit11727723995854950260/budget-activation
[NPBK] Flyway migration starting.
[NPBK] JDBC URL: jdbc:h2:file:/tmp/junit11727723995854950260/budget-activation;MODE=PostgreSQL;DATABASE_TO_LOWER=TRUE;DEFAULT_NULL_ORDERING=HIGH;INIT=CREATE SCHEMA IF NOT EXISTS PUBLIC\;SET SCHEMA PUBLIC
01:10:44.300 INFO  [main] org.flywaydb.core.FlywayExecutor - Database: jdbc:h2:file:/tmp/junit11727723995854950260/budget-activation (H2 2.2)
01:10:44.305 INFO  [main] o.f.c.i.s.JdbcTableSchemaHistory - Schema history table "public"."flyway_schema_history" does not exist yet
01:10:44.305 INFO  [main] o.f.core.internal.command.DbValidate - Successfully validated 26 migrations (execution time 00:00.003s)
01:10:44.305 INFO  [main] o.f.c.i.s.JdbcTableSchemaHistory - Creating Schema History table "public"."flyway_schema_history" ...
01:10:44.306 INFO  [main] o.f.core.internal.command.DbMigrate - Current version of schema "public": << Empty Schema >>
01:10:44.309 INFO  [main] o.f.core.internal.command.DbMigrate - Migrating schema "public" to version "1 - init"
01:10:44.314 INFO  [main] o.f.core.internal.command.DbMigrate - Migrating schema "public" to version "2 - schedule items"
01:10:44.315 INFO  [main] o.f.core.internal.command.DbMigrate - Migrating schema "public" to version "3 - subtype schedule defaults"
01:10:44.317 INFO  [main] o.f.core.internal.command.DbMigrate - Migrating schema "public" to version "4 - journal open item core"
01:10:44.319 INFO  [main] o.f.core.internal.command.DbMigrate - Migrating schema "public" to version "5 - open item concurrency and fks"
01:10:44.320 INFO  [main] o.f.core.internal.command.DbMigrate - Migrating schema "public" to version "6 - workflow run records"
01:10:44.321 INFO  [main] o.f.core.internal.command.DbMigrate - Migrating schema "public" to version "7 - workflow run status constraints"
01:10:44.322 INFO  [main] o.f.core.internal.command.DbMigrate - Migrating schema "public" to version "8 - approval audit records"
01:10:44.323 INFO  [main] o.f.core.internal.command.DbMigrate - Migrating schema "public" to version "45 - add budget category"
01:10:44.327 INFO  [main] o.f.core.internal.command.DbMigrate - Migrating schema "public" to version "46 - company user admin foundation"
01:10:44.330 INFO  [main] o.f.core.internal.command.DbMigrate - Migrating schema "public" to version "47 - accounting period and audit"
01:10:44.332 INFO  [main] o.f.core.internal.command.DbMigrate - Migrating schema "public" to version "48 - transaction corrections"
01:10:44.336 INFO  [main] o.f.core.internal.command.DbMigrate - Migrating schema "public" to version "49 - txn reconciliation protection"
01:10:44.337 INFO  [main] o.f.core.internal.command.DbMigrate - Migrating schema "public" to version "50 - budget plan and line"
01:10:44.340 INFO  [main] o.f.core.internal.command.DbMigrate - Migrating schema "public" to version "51 - bank import batch and statement line"
01:10:44.344 INFO  [main] o.f.core.internal.command.DbMigrate - Migrating schema "public" to version "52 - bank and configured bank account"
01:10:44.351 INFO  [main] o.f.core.internal.command.DbMigrate - Migrating schema "public" to version "53 - bank import review all rows"
01:10:44.352 INFO  [main] o.f.core.internal.command.DbMigrate - Migrating schema "public" to version "54 - txn split cleared state"
01:10:44.358 INFO  [main] o.f.core.internal.command.DbMigrate - Migrating schema "public" to version "55 - fixed assets and depreciation"
01:10:44.361 INFO  [main] o.f.core.internal.command.DbMigrate - Migrating schema "public" to version "56 - inventory items and movements"
01:10:44.363 INFO  [main] o.f.core.internal.command.DbMigrate - Migrating schema "public" to version "57 - bank reconciliation workspace"
01:10:44.366 INFO  [main] o.f.core.internal.command.DbMigrate - Migrating schema "public" to version "58 - txn supplemental lines"
01:10:44.368 INFO  [main] o.f.core.internal.command.DbMigrate - Migrating schema "public" to version "59 - company ui preferences and state"
01:10:44.369 INFO  [main] o.f.core.internal.command.DbMigrate - Migrating schema "public" to version "60 - period close ranges"
01:10:44.376 INFO  [main] o.f.core.internal.command.DbMigrate - Migrating schema "public" to version "61 - company ownership and interchange identity"
01:10:44.393 INFO  [main] o.f.core.internal.command.DbMigrate - Migrating schema "public" to version "62 - txn portable identity"
01:10:44.395 INFO  [main] o.f.core.internal.command.DbMigrate - Successfully applied 26 migrations to schema "public", now at version v62 (execution time 00:00.040s)
[NPBK] Flyway migration complete.
[NPBK] Creating JPA EntityManagerFactory for selected database.
01:10:44.468 INFO  [main] com.zaxxer.hikari.HikariDataSource - HikariPool-63 - Starting...
01:10:44.480 INFO  [main] com.zaxxer.hikari.HikariDataSource - HikariPool-63 - Start completed.
[NPBK] JPA EntityManagerFactory created for selected database.
01:10:44.685 INFO  [main] com.zaxxer.hikari.HikariDataSource - HikariPool-63 - Shutdown initiated...
01:10:44.688 INFO  [main] com.zaxxer.hikari.HikariDataSource - HikariPool-63 - Shutdown completed.
[NPBK] Preparing database: /tmp/junit16664740794565231761/budget-service
[NPBK] Flyway migration starting.
[NPBK] JDBC URL: jdbc:h2:file:/tmp/junit16664740794565231761/budget-service;MODE=PostgreSQL;DATABASE_TO_LOWER=TRUE;DEFAULT_NULL_ORDERING=HIGH;INIT=CREATE SCHEMA IF NOT EXISTS PUBLIC\;SET SCHEMA PUBLIC
01:10:44.700 INFO  [main] org.flywaydb.core.FlywayExecutor - Database: jdbc:h2:file:/tmp/junit16664740794565231761/budget-service (H2 2.2)
01:10:44.704 INFO  [main] o.f.c.i.s.JdbcTableSchemaHistory - Schema history table "public"."flyway_schema_history" does not exist yet
01:10:44.705 INFO  [main] o.f.core.internal.command.DbValidate - Successfully validated 26 migrations (execution time 00:00.003s)
01:10:44.705 INFO  [main] o.f.c.i.s.JdbcTableSchemaHistory - Creating Schema History table "public"."flyway_schema_history" ...
01:10:44.706 INFO  [main] o.f.core.internal.command.DbMigrate - Current version of schema "public": << Empty Schema >>
01:10:44.709 INFO  [main] o.f.core.internal.command.DbMigrate - Migrating schema "public" to version "1 - init"
01:10:44.713 INFO  [main] o.f.core.internal.command.DbMigrate - Migrating schema "public" to version "2 - schedule items"
01:10:44.715 INFO  [main] o.f.core.internal.command.DbMigrate - Migrating schema "public" to version "3 - subtype schedule defaults"
01:10:44.717 INFO  [main] o.f.core.internal.command.DbMigrate - Migrating schema "public" to version "4 - journal open item core"
01:10:44.718 INFO  [main] o.f.core.internal.command.DbMigrate - Migrating schema "public" to version "5 - open item concurrency and fks"
01:10:44.720 INFO  [main] o.f.core.internal.command.DbMigrate - Migrating schema "public" to version "6 - workflow run records"
01:10:44.721 INFO  [main] o.f.core.internal.command.DbMigrate - Migrating schema "public" to version "7 - workflow run status constraints"
01:10:44.722 INFO  [main] o.f.core.internal.command.DbMigrate - Migrating schema "public" to version "8 - approval audit records"
01:10:44.723 INFO  [main] o.f.core.internal.command.DbMigrate - Migrating schema "public" to version "45 - add budget category"
01:10:44.727 INFO  [main] o.f.core.internal.command.DbMigrate - Migrating schema "public" to version "46 - company user admin foundation"
01:10:44.730 INFO  [main] o.f.core.internal.command.DbMigrate - Migrating schema "public" to version "47 - accounting period and audit"
01:10:44.731 INFO  [main] o.f.core.internal.command.DbMigrate - Migrating schema "public" to version "48 - transaction corrections"
01:10:44.735 INFO  [main] o.f.core.internal.command.DbMigrate - Migrating schema "public" to version "49 - txn reconciliation protection"
01:10:44.737 INFO  [main] o.f.core.internal.command.DbMigrate - Migrating schema "public" to version "50 - budget plan and line"
01:10:44.740 INFO  [main] o.f.core.internal.command.DbMigrate - Migrating schema "public" to version "51 - bank import batch and statement line"
01:10:44.744 INFO  [main] o.f.core.internal.command.DbMigrate - Migrating schema "public" to version "52 - bank and configured bank account"
01:10:44.751 INFO  [main] o.f.core.internal.command.DbMigrate - Migrating schema "public" to version "53 - bank import review all rows"
01:10:44.752 INFO  [main] o.f.core.internal.command.DbMigrate - Migrating schema "public" to version "54 - txn split cleared state"
01:10:44.757 INFO  [main] o.f.core.internal.command.DbMigrate - Migrating schema "public" to version "55 - fixed assets and depreciation"
01:10:44.760 INFO  [main] o.f.core.internal.command.DbMigrate - Migrating schema "public" to version "56 - inventory items and movements"
01:10:44.763 INFO  [main] o.f.core.internal.command.DbMigrate - Migrating schema "public" to version "57 - bank reconciliation workspace"
01:10:44.765 INFO  [main] o.f.core.internal.command.DbMigrate - Migrating schema "public" to version "58 - txn supplemental lines"
01:10:44.767 INFO  [main] o.f.core.internal.command.DbMigrate - Migrating schema "public" to version "59 - company ui preferences and state"
01:10:44.768 INFO  [main] o.f.core.internal.command.DbMigrate - Migrating schema "public" to version "60 - period close ranges"
01:10:44.775 INFO  [main] o.f.core.internal.command.DbMigrate - Migrating schema "public" to version "61 - company ownership and interchange identity"
01:10:44.791 INFO  [main] o.f.core.internal.command.DbMigrate - Migrating schema "public" to version "62 - txn portable identity"
01:10:44.794 INFO  [main] o.f.core.internal.command.DbMigrate - Successfully applied 26 migrations to schema "public", now at version v62 (execution time 00:00.039s)
[NPBK] Flyway migration complete.
[NPBK] Creating JPA EntityManagerFactory for selected database.
01:10:44.864 INFO  [main] com.zaxxer.hikari.HikariDataSource - HikariPool-64 - Starting...
01:10:44.876 INFO  [main] com.zaxxer.hikari.HikariDataSource - HikariPool-64 - Start completed.
[NPBK] JPA EntityManagerFactory created for selected database.
01:10:45.064 INFO  [main] com.zaxxer.hikari.HikariDataSource - HikariPool-64 - Shutdown initiated...
01:10:45.071 INFO  [main] com.zaxxer.hikari.HikariDataSource - HikariPool-64 - Shutdown completed.
[INFO] Tests run: 4, Failures: 0, Errors: 0, Skipped: 0, Time elapsed: 1.777 s -- in org.nonprofitbookkeeping.service.BudgetPlanServiceTest
[INFO] Running org.nonprofitbookkeeping.service.ReconciliationComparisonServiceTest
[NPBK] Preparing database: /tmp/junit9886243096531689555/reconciliation-comparison
[NPBK] Flyway migration starting.
[NPBK] JDBC URL: jdbc:h2:file:/tmp/junit9886243096531689555/reconciliation-comparison;MODE=PostgreSQL;DATABASE_TO_LOWER=TRUE;DEFAULT_NULL_ORDERING=HIGH;INIT=CREATE SCHEMA IF NOT EXISTS PUBLIC\;SET SCHEMA PUBLIC
01:10:45.089 INFO  [main] org.flywaydb.core.FlywayExecutor - Database: jdbc:h2:file:/tmp/junit9886243096531689555/reconciliation-comparison (H2 2.2)
01:10:45.093 INFO  [main] o.f.c.i.s.JdbcTableSchemaHistory - Schema history table "public"."flyway_schema_history" does not exist yet
01:10:45.094 INFO  [main] o.f.core.internal.command.DbValidate - Successfully validated 26 migrations (execution time 00:00.003s)
01:10:45.094 INFO  [main] o.f.c.i.s.JdbcTableSchemaHistory - Creating Schema History table "public"."flyway_schema_history" ...
01:10:45.095 INFO  [main] o.f.core.internal.command.DbMigrate - Current version of schema "public": << Empty Schema >>
01:10:45.096 INFO  [main] o.f.core.internal.command.DbMigrate - Migrating schema "public" to version "1 - init"
01:10:45.099 INFO  [main] o.f.core.internal.command.DbMigrate - Migrating schema "public" to version "2 - schedule items"
01:10:45.101 INFO  [main] o.f.core.internal.command.DbMigrate - Migrating schema "public" to version "3 - subtype schedule defaults"
01:10:45.102 INFO  [main] o.f.core.internal.command.DbMigrate - Migrating schema "public" to version "4 - journal open item core"
01:10:45.103 INFO  [main] o.f.core.internal.command.DbMigrate - Migrating schema "public" to version "5 - open item concurrency and fks"
01:10:45.104 INFO  [main] o.f.core.internal.command.DbMigrate - Migrating schema "public" to version "6 - workflow run records"
01:10:45.105 INFO  [main] o.f.core.internal.command.DbMigrate - Migrating schema "public" to version "7 - workflow run status constraints"
01:10:45.105 INFO  [main] o.f.core.internal.command.DbMigrate - Migrating schema "public" to version "8 - approval audit records"
01:10:45.106 INFO  [main] o.f.core.internal.command.DbMigrate - Migrating schema "public" to version "45 - add budget category"
01:10:45.108 INFO  [main] o.f.core.internal.command.DbMigrate - Migrating schema "public" to version "46 - company user admin foundation"
01:10:45.110 INFO  [main] o.f.core.internal.command.DbMigrate - Migrating schema "public" to version "47 - accounting period and audit"
01:10:45.111 INFO  [main] o.f.core.internal.command.DbMigrate - Migrating schema "public" to version "48 - transaction corrections"
01:10:45.114 INFO  [main] o.f.core.internal.command.DbMigrate - Migrating schema "public" to version "49 - txn reconciliation protection"
01:10:45.115 INFO  [main] o.f.core.internal.command.DbMigrate - Migrating schema "public" to version "50 - budget plan and line"
01:10:45.117 INFO  [main] o.f.core.internal.command.DbMigrate - Migrating schema "public" to version "51 - bank import batch and statement line"
01:10:45.119 INFO  [main] o.f.core.internal.command.DbMigrate - Migrating schema "public" to version "52 - bank and configured bank account"
01:10:45.123 INFO  [main] o.f.core.internal.command.DbMigrate - Migrating schema "public" to version "53 - bank import review all rows"
01:10:45.124 INFO  [main] o.f.core.internal.command.DbMigrate - Migrating schema "public" to version "54 - txn split cleared state"
01:10:45.127 INFO  [main] o.f.core.internal.command.DbMigrate - Migrating schema "public" to version "55 - fixed assets and depreciation"
01:10:45.129 INFO  [main] o.f.core.internal.command.DbMigrate - Migrating schema "public" to version "56 - inventory items and movements"
01:10:45.131 INFO  [main] o.f.core.internal.command.DbMigrate - Migrating schema "public" to version "57 - bank reconciliation workspace"
01:10:45.132 INFO  [main] o.f.core.internal.command.DbMigrate - Migrating schema "public" to version "58 - txn supplemental lines"
01:10:45.134 INFO  [main] o.f.core.internal.command.DbMigrate - Migrating schema "public" to version "59 - company ui preferences and state"
01:10:45.134 INFO  [main] o.f.core.internal.command.DbMigrate - Migrating schema "public" to version "60 - period close ranges"
01:10:45.139 INFO  [main] o.f.core.internal.command.DbMigrate - Migrating schema "public" to version "61 - company ownership and interchange identity"
01:10:45.150 INFO  [main] o.f.core.internal.command.DbMigrate - Migrating schema "public" to version "62 - txn portable identity"
01:10:45.152 INFO  [main] o.f.core.internal.command.DbMigrate - Successfully applied 26 migrations to schema "public", now at version v62 (execution time 00:00.022s)
[NPBK] Flyway migration complete.
[NPBK] Creating JPA EntityManagerFactory for selected database.
01:10:45.208 INFO  [main] com.zaxxer.hikari.HikariDataSource - HikariPool-65 - Starting...
01:10:45.217 INFO  [main] com.zaxxer.hikari.HikariDataSource - HikariPool-65 - Start completed.
[NPBK] JPA EntityManagerFactory created for selected database.
01:10:45.356 INFO  [main] com.zaxxer.hikari.HikariDataSource - HikariPool-65 - Shutdown initiated...
01:10:45.361 INFO  [main] com.zaxxer.hikari.HikariDataSource - HikariPool-65 - Shutdown completed.
[INFO] Tests run: 1, Failures: 0, Errors: 0, Skipped: 0, Time elapsed: 0.289 s -- in org.nonprofitbookkeeping.service.ReconciliationComparisonServiceTest
[INFO] Running org.nonprofitbookkeeping.service.FundAdminServiceIntegrationTest
01:10:45.372 INFO  [main] org.flywaydb.core.FlywayExecutor - Database: jdbc:h2:file:/tmp/fund-admin-it18048867099261722945 (H2 2.2)
01:10:45.376 INFO  [main] o.f.c.i.s.JdbcTableSchemaHistory - Schema history table "public"."flyway_schema_history" does not exist yet
01:10:45.376 INFO  [main] o.f.core.internal.command.DbValidate - Successfully validated 26 migrations (execution time 00:00.002s)
01:10:45.376 INFO  [main] o.f.c.i.s.JdbcTableSchemaHistory - Creating Schema History table "public"."flyway_schema_history" ...
01:10:45.377 INFO  [main] o.f.core.internal.command.DbMigrate - Current version of schema "public": << Empty Schema >>
01:10:45.379 INFO  [main] o.f.core.internal.command.DbMigrate - Migrating schema "public" to version "1 - init"
01:10:45.382 INFO  [main] o.f.core.internal.command.DbMigrate - Migrating schema "public" to version "2 - schedule items"
01:10:45.383 INFO  [main] o.f.core.internal.command.DbMigrate - Migrating schema "public" to version "3 - subtype schedule defaults"
01:10:45.384 INFO  [main] o.f.core.internal.command.DbMigrate - Migrating schema "public" to version "4 - journal open item core"
01:10:45.385 INFO  [main] o.f.core.internal.command.DbMigrate - Migrating schema "public" to version "5 - open item concurrency and fks"
01:10:45.386 INFO  [main] o.f.core.internal.command.DbMigrate - Migrating schema "public" to version "6 - workflow run records"
01:10:45.387 INFO  [main] o.f.core.internal.command.DbMigrate - Migrating schema "public" to version "7 - workflow run status constraints"
01:10:45.388 INFO  [main] o.f.core.internal.command.DbMigrate - Migrating schema "public" to version "8 - approval audit records"
01:10:45.389 INFO  [main] o.f.core.internal.command.DbMigrate - Migrating schema "public" to version "45 - add budget category"
01:10:45.391 INFO  [main] o.f.core.internal.command.DbMigrate - Migrating schema "public" to version "46 - company user admin foundation"
01:10:45.393 INFO  [main] o.f.core.internal.command.DbMigrate - Migrating schema "public" to version "47 - accounting period and audit"
01:10:45.394 INFO  [main] o.f.core.internal.command.DbMigrate - Migrating schema "public" to version "48 - transaction corrections"
01:10:45.396 INFO  [main] o.f.core.internal.command.DbMigrate - Migrating schema "public" to version "49 - txn reconciliation protection"
01:10:45.397 INFO  [main] o.f.core.internal.command.DbMigrate - Migrating schema "public" to version "50 - budget plan and line"
01:10:45.399 INFO  [main] o.f.core.internal.command.DbMigrate - Migrating schema "public" to version "51 - bank import batch and statement line"
01:10:45.402 INFO  [main] o.f.core.internal.command.DbMigrate - Migrating schema "public" to version "52 - bank and configured bank account"
01:10:45.406 INFO  [main] o.f.core.internal.command.DbMigrate - Migrating schema "public" to version "53 - bank import review all rows"
01:10:45.407 INFO  [main] o.f.core.internal.command.DbMigrate - Migrating schema "public" to version "54 - txn split cleared state"
01:10:45.410 INFO  [main] o.f.core.internal.command.DbMigrate - Migrating schema "public" to version "55 - fixed assets and depreciation"
01:10:45.412 INFO  [main] o.f.core.internal.command.DbMigrate - Migrating schema "public" to version "56 - inventory items and movements"
01:10:45.414 INFO  [main] o.f.core.internal.command.DbMigrate - Migrating schema "public" to version "57 - bank reconciliation workspace"
01:10:45.415 INFO  [main] o.f.core.internal.command.DbMigrate - Migrating schema "public" to version "58 - txn supplemental lines"
01:10:45.416 INFO  [main] o.f.core.internal.command.DbMigrate - Migrating schema "public" to version "59 - company ui preferences and state"
01:10:45.418 INFO  [main] o.f.core.internal.command.DbMigrate - Migrating schema "public" to version "60 - period close ranges"
01:10:45.425 INFO  [main] o.f.core.internal.command.DbMigrate - Migrating schema "public" to version "61 - company ownership and interchange identity"
01:10:45.441 INFO  [main] o.f.core.internal.command.DbMigrate - Migrating schema "public" to version "62 - txn portable identity"
01:10:45.444 INFO  [main] o.f.core.internal.command.DbMigrate - Successfully applied 26 migrations to schema "public", now at version v62 (execution time 00:00.028s)
[NPBK] Preparing database: /tmp/fund-admin-it18048867099261722945.mv.db
[NPBK] Flyway migration starting.
[NPBK] JDBC URL: jdbc:h2:file:/tmp/fund-admin-it18048867099261722945;MODE=PostgreSQL;DATABASE_TO_LOWER=TRUE;DEFAULT_NULL_ORDERING=HIGH;INIT=CREATE SCHEMA IF NOT EXISTS PUBLIC\;SET SCHEMA PUBLIC
01:10:45.476 INFO  [main] org.flywaydb.core.FlywayExecutor - Database: jdbc:h2:file:/tmp/fund-admin-it18048867099261722945 (H2 2.2)
01:10:45.480 INFO  [main] o.f.core.internal.command.DbValidate - Successfully validated 26 migrations (execution time 00:00.003s)
01:10:45.481 INFO  [main] o.f.core.internal.command.DbMigrate - Current version of schema "public": 62
01:10:45.481 INFO  [main] o.f.core.internal.command.DbMigrate - Schema "public" is up to date. No migration necessary.
[NPBK] Flyway migration complete.
[NPBK] Creating JPA EntityManagerFactory for selected database.
01:10:45.527 INFO  [main] com.zaxxer.hikari.HikariDataSource - HikariPool-66 - Starting...
01:10:45.536 INFO  [main] com.zaxxer.hikari.HikariDataSource - HikariPool-66 - Start completed.
[NPBK] JPA EntityManagerFactory created for selected database.
01:10:45.660 INFO  [main] com.zaxxer.hikari.HikariDataSource - HikariPool-66 - Shutdown initiated...
01:10:45.668 INFO  [main] com.zaxxer.hikari.HikariDataSource - HikariPool-66 - Shutdown completed.
[INFO] Tests run: 1, Failures: 0, Errors: 0, Skipped: 0, Time elapsed: 0.306 s -- in org.nonprofitbookkeeping.service.FundAdminServiceIntegrationTest
[INFO] Running org.nonprofitbookkeeping.service.BankClearedStateServiceTest
[NPBK] Preparing database: /tmp/junit8918042236691503374/cleared-state-invalid
[NPBK] Flyway migration starting.
[NPBK] JDBC URL: jdbc:h2:file:/tmp/junit8918042236691503374/cleared-state-invalid;MODE=PostgreSQL;DATABASE_TO_LOWER=TRUE;DEFAULT_NULL_ORDERING=HIGH;INIT=CREATE SCHEMA IF NOT EXISTS PUBLIC\;SET SCHEMA PUBLIC
01:10:45.694 INFO  [main] org.flywaydb.core.FlywayExecutor - Database: jdbc:h2:file:/tmp/junit8918042236691503374/cleared-state-invalid (H2 2.2)
01:10:45.699 INFO  [main] o.f.c.i.s.JdbcTableSchemaHistory - Schema history table "public"."flyway_schema_history" does not exist yet
01:10:45.699 INFO  [main] o.f.core.internal.command.DbValidate - Successfully validated 26 migrations (execution time 00:00.004s)
01:10:45.699 INFO  [main] o.f.c.i.s.JdbcTableSchemaHistory - Creating Schema History table "public"."flyway_schema_history" ...
01:10:45.700 INFO  [main] o.f.core.internal.command.DbMigrate - Current version of schema "public": << Empty Schema >>
01:10:45.701 INFO  [main] o.f.core.internal.command.DbMigrate - Migrating schema "public" to version "1 - init"
01:10:45.705 INFO  [main] o.f.core.internal.command.DbMigrate - Migrating schema "public" to version "2 - schedule items"
01:10:45.706 INFO  [main] o.f.core.internal.command.DbMigrate - Migrating schema "public" to version "3 - subtype schedule defaults"
01:10:45.707 INFO  [main] o.f.core.internal.command.DbMigrate - Migrating schema "public" to version "4 - journal open item core"
01:10:45.708 INFO  [main] o.f.core.internal.command.DbMigrate - Migrating schema "public" to version "5 - open item concurrency and fks"
01:10:45.709 INFO  [main] o.f.core.internal.command.DbMigrate - Migrating schema "public" to version "6 - workflow run records"
01:10:45.710 INFO  [main] o.f.core.internal.command.DbMigrate - Migrating schema "public" to version "7 - workflow run status constraints"
01:10:45.710 INFO  [main] o.f.core.internal.command.DbMigrate - Migrating schema "public" to version "8 - approval audit records"
01:10:45.711 INFO  [main] o.f.core.internal.command.DbMigrate - Migrating schema "public" to version "45 - add budget category"
01:10:45.714 INFO  [main] o.f.core.internal.command.DbMigrate - Migrating schema "public" to version "46 - company user admin foundation"
01:10:45.717 INFO  [main] o.f.core.internal.command.DbMigrate - Migrating schema "public" to version "47 - accounting period and audit"
01:10:45.718 INFO  [main] o.f.core.internal.command.DbMigrate - Migrating schema "public" to version "48 - transaction corrections"
01:10:45.721 INFO  [main] o.f.core.internal.command.DbMigrate - Migrating schema "public" to version "49 - txn reconciliation protection"
01:10:45.722 INFO  [main] o.f.core.internal.command.DbMigrate - Migrating schema "public" to version "50 - budget plan and line"
01:10:45.724 INFO  [main] o.f.core.internal.command.DbMigrate - Migrating schema "public" to version "51 - bank import batch and statement line"
01:10:45.727 INFO  [main] o.f.core.internal.command.DbMigrate - Migrating schema "public" to version "52 - bank and configured bank account"
01:10:45.732 INFO  [main] o.f.core.internal.command.DbMigrate - Migrating schema "public" to version "53 - bank import review all rows"
01:10:45.732 INFO  [main] o.f.core.internal.command.DbMigrate - Migrating schema "public" to version "54 - txn split cleared state"
01:10:45.736 INFO  [main] o.f.core.internal.command.DbMigrate - Migrating schema "public" to version "55 - fixed assets and depreciation"
01:10:45.738 INFO  [main] o.f.core.internal.command.DbMigrate - Migrating schema "public" to version "56 - inventory items and movements"
01:10:45.740 INFO  [main] o.f.core.internal.command.DbMigrate - Migrating schema "public" to version "57 - bank reconciliation workspace"
01:10:45.742 INFO  [main] o.f.core.internal.command.DbMigrate - Migrating schema "public" to version "58 - txn supplemental lines"
01:10:45.743 INFO  [main] o.f.core.internal.command.DbMigrate - Migrating schema "public" to version "59 - company ui preferences and state"
01:10:45.744 INFO  [main] o.f.core.internal.command.DbMigrate - Migrating schema "public" to version "60 - period close ranges"
01:10:45.748 INFO  [main] o.f.core.internal.command.DbMigrate - Migrating schema "public" to version "61 - company ownership and interchange identity"
01:10:45.759 INFO  [main] o.f.core.internal.command.DbMigrate - Migrating schema "public" to version "62 - txn portable identity"
01:10:45.761 INFO  [main] o.f.core.internal.command.DbMigrate - Successfully applied 26 migrations to schema "public", now at version v62 (execution time 00:00.024s)
[NPBK] Flyway migration complete.
[NPBK] Creating JPA EntityManagerFactory for selected database.
01:10:45.809 INFO  [main] com.zaxxer.hikari.HikariDataSource - HikariPool-67 - Starting...
01:10:45.817 INFO  [main] com.zaxxer.hikari.HikariDataSource - HikariPool-67 - Start completed.
[NPBK] JPA EntityManagerFactory created for selected database.
01:10:45.938 INFO  [main] com.zaxxer.hikari.HikariDataSource - HikariPool-67 - Shutdown initiated...
01:10:45.944 INFO  [main] com.zaxxer.hikari.HikariDataSource - HikariPool-67 - Shutdown completed.
[NPBK] Preparing database: /tmp/junit3828471855825239194/cleared-state
[NPBK] Flyway migration starting.
[NPBK] JDBC URL: jdbc:h2:file:/tmp/junit3828471855825239194/cleared-state;MODE=PostgreSQL;DATABASE_TO_LOWER=TRUE;DEFAULT_NULL_ORDERING=HIGH;INIT=CREATE SCHEMA IF NOT EXISTS PUBLIC\;SET SCHEMA PUBLIC
01:10:45.954 INFO  [main] org.flywaydb.core.FlywayExecutor - Database: jdbc:h2:file:/tmp/junit3828471855825239194/cleared-state (H2 2.2)
01:10:45.959 INFO  [main] o.f.c.i.s.JdbcTableSchemaHistory - Schema history table "public"."flyway_schema_history" does not exist yet
01:10:45.959 INFO  [main] o.f.core.internal.command.DbValidate - Successfully validated 26 migrations (execution time 00:00.003s)
01:10:45.959 INFO  [main] o.f.c.i.s.JdbcTableSchemaHistory - Creating Schema History table "public"."flyway_schema_history" ...
01:10:45.960 INFO  [main] o.f.core.internal.command.DbMigrate - Current version of schema "public": << Empty Schema >>
01:10:45.962 INFO  [main] o.f.core.internal.command.DbMigrate - Migrating schema "public" to version "1 - init"
01:10:45.965 INFO  [main] o.f.core.internal.command.DbMigrate - Migrating schema "public" to version "2 - schedule items"
01:10:45.966 INFO  [main] o.f.core.internal.command.DbMigrate - Migrating schema "public" to version "3 - subtype schedule defaults"
01:10:45.968 INFO  [main] o.f.core.internal.command.DbMigrate - Migrating schema "public" to version "4 - journal open item core"
01:10:45.969 INFO  [main] o.f.core.internal.command.DbMigrate - Migrating schema "public" to version "5 - open item concurrency and fks"
01:10:45.970 INFO  [main] o.f.core.internal.command.DbMigrate - Migrating schema "public" to version "6 - workflow run records"
01:10:45.971 INFO  [main] o.f.core.internal.command.DbMigrate - Migrating schema "public" to version "7 - workflow run status constraints"
01:10:45.972 INFO  [main] o.f.core.internal.command.DbMigrate - Migrating schema "public" to version "8 - approval audit records"
01:10:45.973 INFO  [main] o.f.core.internal.command.DbMigrate - Migrating schema "public" to version "45 - add budget category"
01:10:45.977 INFO  [main] o.f.core.internal.command.DbMigrate - Migrating schema "public" to version "46 - company user admin foundation"
01:10:45.980 INFO  [main] o.f.core.internal.command.DbMigrate - Migrating schema "public" to version "47 - accounting period and audit"
01:10:45.981 INFO  [main] o.f.core.internal.command.DbMigrate - Migrating schema "public" to version "48 - transaction corrections"
01:10:45.983 INFO  [main] o.f.core.internal.command.DbMigrate - Migrating schema "public" to version "49 - txn reconciliation protection"
01:10:45.985 INFO  [main] o.f.core.internal.command.DbMigrate - Migrating schema "public" to version "50 - budget plan and line"
01:10:45.986 INFO  [main] o.f.core.internal.command.DbMigrate - Migrating schema "public" to version "51 - bank import batch and statement line"
01:10:45.989 INFO  [main] o.f.core.internal.command.DbMigrate - Migrating schema "public" to version "52 - bank and configured bank account"
01:10:45.993 INFO  [main] o.f.core.internal.command.DbMigrate - Migrating schema "public" to version "53 - bank import review all rows"
01:10:45.994 INFO  [main] o.f.core.internal.command.DbMigrate - Migrating schema "public" to version "54 - txn split cleared state"
01:10:45.998 INFO  [main] o.f.core.internal.command.DbMigrate - Migrating schema "public" to version "55 - fixed assets and depreciation"
01:10:46.002 INFO  [main] o.f.core.internal.command.DbMigrate - Migrating schema "public" to version "56 - inventory items and movements"
01:10:46.004 INFO  [main] o.f.core.internal.command.DbMigrate - Migrating schema "public" to version "57 - bank reconciliation workspace"
01:10:46.006 INFO  [main] o.f.core.internal.command.DbMigrate - Migrating schema "public" to version "58 - txn supplemental lines"
01:10:46.007 INFO  [main] o.f.core.internal.command.DbMigrate - Migrating schema "public" to version "59 - company ui preferences and state"
01:10:46.008 INFO  [main] o.f.core.internal.command.DbMigrate - Migrating schema "public" to version "60 - period close ranges"
01:10:46.013 INFO  [main] o.f.core.internal.command.DbMigrate - Migrating schema "public" to version "61 - company ownership and interchange identity"
01:10:46.025 INFO  [main] o.f.core.internal.command.DbMigrate - Migrating schema "public" to version "62 - txn portable identity"
01:10:46.027 INFO  [main] o.f.core.internal.command.DbMigrate - Successfully applied 26 migrations to schema "public", now at version v62 (execution time 00:00.027s)
[NPBK] Flyway migration complete.
[NPBK] Creating JPA EntityManagerFactory for selected database.
01:10:46.078 INFO  [main] com.zaxxer.hikari.HikariDataSource - HikariPool-68 - Starting...
01:10:46.087 INFO  [main] com.zaxxer.hikari.HikariDataSource - HikariPool-68 - Start completed.
[NPBK] JPA EntityManagerFactory created for selected database.
01:10:46.213 INFO  [main] com.zaxxer.hikari.HikariDataSource - HikariPool-68 - Shutdown initiated...
01:10:46.218 INFO  [main] com.zaxxer.hikari.HikariDataSource - HikariPool-68 - Shutdown completed.
[INFO] Tests run: 2, Failures: 0, Errors: 0, Skipped: 0, Time elapsed: 0.550 s -- in org.nonprofitbookkeeping.service.BankClearedStateServiceTest
[INFO] Running org.nonprofitbookkeeping.service.FixedAssetServiceTest
[NPBK] Preparing database: /tmp/junit13622303192847091142/fixed-asset-depreciation
[NPBK] Flyway migration starting.
[NPBK] JDBC URL: jdbc:h2:file:/tmp/junit13622303192847091142/fixed-asset-depreciation;MODE=PostgreSQL;DATABASE_TO_LOWER=TRUE;DEFAULT_NULL_ORDERING=HIGH;INIT=CREATE SCHEMA IF NOT EXISTS PUBLIC\;SET SCHEMA PUBLIC
01:10:46.230 INFO  [main] org.flywaydb.core.FlywayExecutor - Database: jdbc:h2:file:/tmp/junit13622303192847091142/fixed-asset-depreciation (H2 2.2)
01:10:46.233 INFO  [main] o.f.c.i.s.JdbcTableSchemaHistory - Schema history table "public"."flyway_schema_history" does not exist yet
01:10:46.233 INFO  [main] o.f.core.internal.command.DbValidate - Successfully validated 26 migrations (execution time 00:00.002s)
01:10:46.233 INFO  [main] o.f.c.i.s.JdbcTableSchemaHistory - Creating Schema History table "public"."flyway_schema_history" ...
01:10:46.234 INFO  [main] o.f.core.internal.command.DbMigrate - Current version of schema "public": << Empty Schema >>
01:10:46.236 INFO  [main] o.f.core.internal.command.DbMigrate - Migrating schema "public" to version "1 - init"
01:10:46.239 INFO  [main] o.f.core.internal.command.DbMigrate - Migrating schema "public" to version "2 - schedule items"
01:10:46.240 INFO  [main] o.f.core.internal.command.DbMigrate - Migrating schema "public" to version "3 - subtype schedule defaults"
01:10:46.241 INFO  [main] o.f.core.internal.command.DbMigrate - Migrating schema "public" to version "4 - journal open item core"
01:10:46.242 INFO  [main] o.f.core.internal.command.DbMigrate - Migrating schema "public" to version "5 - open item concurrency and fks"
01:10:46.243 INFO  [main] o.f.core.internal.command.DbMigrate - Migrating schema "public" to version "6 - workflow run records"
01:10:46.244 INFO  [main] o.f.core.internal.command.DbMigrate - Migrating schema "public" to version "7 - workflow run status constraints"
01:10:46.245 INFO  [main] o.f.core.internal.command.DbMigrate - Migrating schema "public" to version "8 - approval audit records"
01:10:46.246 INFO  [main] o.f.core.internal.command.DbMigrate - Migrating schema "public" to version "45 - add budget category"
01:10:46.249 INFO  [main] o.f.core.internal.command.DbMigrate - Migrating schema "public" to version "46 - company user admin foundation"
01:10:46.251 INFO  [main] o.f.core.internal.command.DbMigrate - Migrating schema "public" to version "47 - accounting period and audit"
01:10:46.252 INFO  [main] o.f.core.internal.command.DbMigrate - Migrating schema "public" to version "48 - transaction corrections"
01:10:46.254 INFO  [main] o.f.core.internal.command.DbMigrate - Migrating schema "public" to version "49 - txn reconciliation protection"
01:10:46.256 INFO  [main] o.f.core.internal.command.DbMigrate - Migrating schema "public" to version "50 - budget plan and line"
01:10:46.258 INFO  [main] o.f.core.internal.command.DbMigrate - Migrating schema "public" to version "51 - bank import batch and statement line"
01:10:46.260 INFO  [main] o.f.core.internal.command.DbMigrate - Migrating schema "public" to version "52 - bank and configured bank account"
01:10:46.265 INFO  [main] o.f.core.internal.command.DbMigrate - Migrating schema "public" to version "53 - bank import review all rows"
01:10:46.266 INFO  [main] o.f.core.internal.command.DbMigrate - Migrating schema "public" to version "54 - txn split cleared state"
01:10:46.269 INFO  [main] o.f.core.internal.command.DbMigrate - Migrating schema "public" to version "55 - fixed assets and depreciation"
01:10:46.271 INFO  [main] o.f.core.internal.command.DbMigrate - Migrating schema "public" to version "56 - inventory items and movements"
01:10:46.273 INFO  [main] o.f.core.internal.command.DbMigrate - Migrating schema "public" to version "57 - bank reconciliation workspace"
01:10:46.274 INFO  [main] o.f.core.internal.command.DbMigrate - Migrating schema "public" to version "58 - txn supplemental lines"
01:10:46.275 INFO  [main] o.f.core.internal.command.DbMigrate - Migrating schema "public" to version "59 - company ui preferences and state"
01:10:46.276 INFO  [main] o.f.core.internal.command.DbMigrate - Migrating schema "public" to version "60 - period close ranges"
01:10:46.280 INFO  [main] o.f.core.internal.command.DbMigrate - Migrating schema "public" to version "61 - company ownership and interchange identity"
01:10:46.292 INFO  [main] o.f.core.internal.command.DbMigrate - Migrating schema "public" to version "62 - txn portable identity"
01:10:46.293 INFO  [main] o.f.core.internal.command.DbMigrate - Successfully applied 26 migrations to schema "public", now at version v62 (execution time 00:00.024s)
[NPBK] Flyway migration complete.
[NPBK] Creating JPA EntityManagerFactory for selected database.
01:10:46.342 INFO  [main] com.zaxxer.hikari.HikariDataSource - HikariPool-69 - Starting...
01:10:46.350 INFO  [main] com.zaxxer.hikari.HikariDataSource - HikariPool-69 - Start completed.
[NPBK] JPA EntityManagerFactory created for selected database.
01:10:46.501 INFO  [main] com.zaxxer.hikari.HikariDataSource - HikariPool-69 - Shutdown initiated...
01:10:46.505 INFO  [main] com.zaxxer.hikari.HikariDataSource - HikariPool-69 - Shutdown completed.
[NPBK] Preparing database: /tmp/junit14509044811712865802/fixed-asset-validation
[NPBK] Flyway migration starting.
[NPBK] JDBC URL: jdbc:h2:file:/tmp/junit14509044811712865802/fixed-asset-validation;MODE=PostgreSQL;DATABASE_TO_LOWER=TRUE;DEFAULT_NULL_ORDERING=HIGH;INIT=CREATE SCHEMA IF NOT EXISTS PUBLIC\;SET SCHEMA PUBLIC
01:10:46.514 INFO  [main] org.flywaydb.core.FlywayExecutor - Database: jdbc:h2:file:/tmp/junit14509044811712865802/fixed-asset-validation (H2 2.2)
01:10:46.517 INFO  [main] o.f.c.i.s.JdbcTableSchemaHistory - Schema history table "public"."flyway_schema_history" does not exist yet
01:10:46.517 INFO  [main] o.f.core.internal.command.DbValidate - Successfully validated 26 migrations (execution time 00:00.002s)
01:10:46.517 INFO  [main] o.f.c.i.s.JdbcTableSchemaHistory - Creating Schema History table "public"."flyway_schema_history" ...
01:10:46.518 INFO  [main] o.f.core.internal.command.DbMigrate - Current version of schema "public": << Empty Schema >>
01:10:46.520 INFO  [main] o.f.core.internal.command.DbMigrate - Migrating schema "public" to version "1 - init"
01:10:46.523 INFO  [main] o.f.core.internal.command.DbMigrate - Migrating schema "public" to version "2 - schedule items"
01:10:46.524 INFO  [main] o.f.core.internal.command.DbMigrate - Migrating schema "public" to version "3 - subtype schedule defaults"
01:10:46.525 INFO  [main] o.f.core.internal.command.DbMigrate - Migrating schema "public" to version "4 - journal open item core"
01:10:46.526 INFO  [main] o.f.core.internal.command.DbMigrate - Migrating schema "public" to version "5 - open item concurrency and fks"
01:10:46.528 INFO  [main] o.f.core.internal.command.DbMigrate - Migrating schema "public" to version "6 - workflow run records"
01:10:46.529 INFO  [main] o.f.core.internal.command.DbMigrate - Migrating schema "public" to version "7 - workflow run status constraints"
01:10:46.530 INFO  [main] o.f.core.internal.command.DbMigrate - Migrating schema "public" to version "8 - approval audit records"
01:10:46.531 INFO  [main] o.f.core.internal.command.DbMigrate - Migrating schema "public" to version "45 - add budget category"
01:10:46.534 INFO  [main] o.f.core.internal.command.DbMigrate - Migrating schema "public" to version "46 - company user admin foundation"
01:10:46.537 INFO  [main] o.f.core.internal.command.DbMigrate - Migrating schema "public" to version "47 - accounting period and audit"
01:10:46.539 INFO  [main] o.f.core.internal.command.DbMigrate - Migrating schema "public" to version "48 - transaction corrections"
01:10:46.542 INFO  [main] o.f.core.internal.command.DbMigrate - Migrating schema "public" to version "49 - txn reconciliation protection"
01:10:46.543 INFO  [main] o.f.core.internal.command.DbMigrate - Migrating schema "public" to version "50 - budget plan and line"
01:10:46.545 INFO  [main] o.f.core.internal.command.DbMigrate - Migrating schema "public" to version "51 - bank import batch and statement line"
01:10:46.547 INFO  [main] o.f.core.internal.command.DbMigrate - Migrating schema "public" to version "52 - bank and configured bank account"
01:10:46.552 INFO  [main] o.f.core.internal.command.DbMigrate - Migrating schema "public" to version "53 - bank import review all rows"
01:10:46.553 INFO  [main] o.f.core.internal.command.DbMigrate - Migrating schema "public" to version "54 - txn split cleared state"
01:10:46.556 INFO  [main] o.f.core.internal.command.DbMigrate - Migrating schema "public" to version "55 - fixed assets and depreciation"
01:10:46.558 INFO  [main] o.f.core.internal.command.DbMigrate - Migrating schema "public" to version "56 - inventory items and movements"
01:10:46.560 INFO  [main] o.f.core.internal.command.DbMigrate - Migrating schema "public" to version "57 - bank reconciliation workspace"
01:10:46.561 INFO  [main] o.f.core.internal.command.DbMigrate - Migrating schema "public" to version "58 - txn supplemental lines"
01:10:46.563 INFO  [main] o.f.core.internal.command.DbMigrate - Migrating schema "public" to version "59 - company ui preferences and state"
01:10:46.563 INFO  [main] o.f.core.internal.command.DbMigrate - Migrating schema "public" to version "60 - period close ranges"
01:10:46.568 INFO  [main] o.f.core.internal.command.DbMigrate - Migrating schema "public" to version "61 - company ownership and interchange identity"
01:10:46.580 INFO  [main] o.f.core.internal.command.DbMigrate - Migrating schema "public" to version "62 - txn portable identity"
01:10:46.582 INFO  [main] o.f.core.internal.command.DbMigrate - Successfully applied 26 migrations to schema "public", now at version v62 (execution time 00:00.024s)
[NPBK] Flyway migration complete.
[NPBK] Creating JPA EntityManagerFactory for selected database.
01:10:46.631 INFO  [main] com.zaxxer.hikari.HikariDataSource - HikariPool-70 - Starting...
01:10:46.645 INFO  [main] com.zaxxer.hikari.HikariDataSource - HikariPool-70 - Start completed.
[NPBK] JPA EntityManagerFactory created for selected database.
01:10:46.765 INFO  [main] com.zaxxer.hikari.HikariDataSource - HikariPool-70 - Shutdown initiated...
01:10:46.768 INFO  [main] com.zaxxer.hikari.HikariDataSource - HikariPool-70 - Shutdown completed.
[NPBK] Preparing database: /tmp/junit15005201846334131998/fixed-assets
[NPBK] Flyway migration starting.
[NPBK] JDBC URL: jdbc:h2:file:/tmp/junit15005201846334131998/fixed-assets;MODE=PostgreSQL;DATABASE_TO_LOWER=TRUE;DEFAULT_NULL_ORDERING=HIGH;INIT=CREATE SCHEMA IF NOT EXISTS PUBLIC\;SET SCHEMA PUBLIC
01:10:46.778 INFO  [main] org.flywaydb.core.FlywayExecutor - Database: jdbc:h2:file:/tmp/junit15005201846334131998/fixed-assets (H2 2.2)
01:10:46.781 INFO  [main] o.f.c.i.s.JdbcTableSchemaHistory - Schema history table "public"."flyway_schema_history" does not exist yet
01:10:46.781 INFO  [main] o.f.core.internal.command.DbValidate - Successfully validated 26 migrations (execution time 00:00.002s)
01:10:46.781 INFO  [main] o.f.c.i.s.JdbcTableSchemaHistory - Creating Schema History table "public"."flyway_schema_history" ...
01:10:46.783 INFO  [main] o.f.core.internal.command.DbMigrate - Current version of schema "public": << Empty Schema >>
01:10:46.784 INFO  [main] o.f.core.internal.command.DbMigrate - Migrating schema "public" to version "1 - init"
01:10:46.787 INFO  [main] o.f.core.internal.command.DbMigrate - Migrating schema "public" to version "2 - schedule items"
01:10:46.788 INFO  [main] o.f.core.internal.command.DbMigrate - Migrating schema "public" to version "3 - subtype schedule defaults"
01:10:46.789 INFO  [main] o.f.core.internal.command.DbMigrate - Migrating schema "public" to version "4 - journal open item core"
01:10:46.790 INFO  [main] o.f.core.internal.command.DbMigrate - Migrating schema "public" to version "5 - open item concurrency and fks"
01:10:46.792 INFO  [main] o.f.core.internal.command.DbMigrate - Migrating schema "public" to version "6 - workflow run records"
01:10:46.792 INFO  [main] o.f.core.internal.command.DbMigrate - Migrating schema "public" to version "7 - workflow run status constraints"
01:10:46.793 INFO  [main] o.f.core.internal.command.DbMigrate - Migrating schema "public" to version "8 - approval audit records"
01:10:46.794 INFO  [main] o.f.core.internal.command.DbMigrate - Migrating schema "public" to version "45 - add budget category"
01:10:46.796 INFO  [main] o.f.core.internal.command.DbMigrate - Migrating schema "public" to version "46 - company user admin foundation"
01:10:46.798 INFO  [main] o.f.core.internal.command.DbMigrate - Migrating schema "public" to version "47 - accounting period and audit"
01:10:46.799 INFO  [main] o.f.core.internal.command.DbMigrate - Migrating schema "public" to version "48 - transaction corrections"
01:10:46.802 INFO  [main] o.f.core.internal.command.DbMigrate - Migrating schema "public" to version "49 - txn reconciliation protection"
01:10:46.803 INFO  [main] o.f.core.internal.command.DbMigrate - Migrating schema "public" to version "50 - budget plan and line"
01:10:46.805 INFO  [main] o.f.core.internal.command.DbMigrate - Migrating schema "public" to version "51 - bank import batch and statement line"
01:10:46.807 INFO  [main] o.f.core.internal.command.DbMigrate - Migrating schema "public" to version "52 - bank and configured bank account"
01:10:46.812 INFO  [main] o.f.core.internal.command.DbMigrate - Migrating schema "public" to version "53 - bank import review all rows"
01:10:46.813 INFO  [main] o.f.core.internal.command.DbMigrate - Migrating schema "public" to version "54 - txn split cleared state"
01:10:46.816 INFO  [main] o.f.core.internal.command.DbMigrate - Migrating schema "public" to version "55 - fixed assets and depreciation"
01:10:46.818 INFO  [main] o.f.core.internal.command.DbMigrate - Migrating schema "public" to version "56 - inventory items and movements"
01:10:46.820 INFO  [main] o.f.core.internal.command.DbMigrate - Migrating schema "public" to version "57 - bank reconciliation workspace"
01:10:46.822 INFO  [main] o.f.core.internal.command.DbMigrate - Migrating schema "public" to version "58 - txn supplemental lines"
01:10:46.823 INFO  [main] o.f.core.internal.command.DbMigrate - Migrating schema "public" to version "59 - company ui preferences and state"
01:10:46.824 INFO  [main] o.f.core.internal.command.DbMigrate - Migrating schema "public" to version "60 - period close ranges"
01:10:46.829 INFO  [main] o.f.core.internal.command.DbMigrate - Migrating schema "public" to version "61 - company ownership and interchange identity"
01:10:46.842 INFO  [main] o.f.core.internal.command.DbMigrate - Migrating schema "public" to version "62 - txn portable identity"
01:10:46.844 INFO  [main] o.f.core.internal.command.DbMigrate - Successfully applied 26 migrations to schema "public", now at version v62 (execution time 00:00.025s)
[NPBK] Flyway migration complete.
[NPBK] Creating JPA EntityManagerFactory for selected database.
01:10:46.894 INFO  [main] com.zaxxer.hikari.HikariDataSource - HikariPool-71 - Starting...
01:10:46.902 INFO  [main] com.zaxxer.hikari.HikariDataSource - HikariPool-71 - Start completed.
[NPBK] JPA EntityManagerFactory created for selected database.
01:10:47.027 INFO  [main] com.zaxxer.hikari.HikariDataSource - HikariPool-71 - Shutdown initiated...
01:10:47.030 INFO  [main] com.zaxxer.hikari.HikariDataSource - HikariPool-71 - Shutdown completed.
[INFO] Tests run: 3, Failures: 0, Errors: 0, Skipped: 0, Time elapsed: 0.812 s -- in org.nonprofitbookkeeping.service.FixedAssetServiceTest
[INFO] Running org.nonprofitbookkeeping.service.TransactionEntryServiceTest
[NPBK] Preparing database: /tmp/junit4186929218680821574/transaction-supplemental
[NPBK] Flyway migration starting.
[NPBK] JDBC URL: jdbc:h2:file:/tmp/junit4186929218680821574/transaction-supplemental;MODE=PostgreSQL;DATABASE_TO_LOWER=TRUE;DEFAULT_NULL_ORDERING=HIGH;INIT=CREATE SCHEMA IF NOT EXISTS PUBLIC\;SET SCHEMA PUBLIC
01:10:47.046 INFO  [main] org.flywaydb.core.FlywayExecutor - Database: jdbc:h2:file:/tmp/junit4186929218680821574/transaction-supplemental (H2 2.2)
01:10:47.049 INFO  [main] o.f.c.i.s.JdbcTableSchemaHistory - Schema history table "public"."flyway_schema_history" does not exist yet
01:10:47.049 INFO  [main] o.f.core.internal.command.DbValidate - Successfully validated 26 migrations (execution time 00:00.002s)
01:10:47.049 INFO  [main] o.f.c.i.s.JdbcTableSchemaHistory - Creating Schema History table "public"."flyway_schema_history" ...
01:10:47.050 INFO  [main] o.f.core.internal.command.DbMigrate - Current version of schema "public": << Empty Schema >>
01:10:47.051 INFO  [main] o.f.core.internal.command.DbMigrate - Migrating schema "public" to version "1 - init"
01:10:47.054 INFO  [main] o.f.core.internal.command.DbMigrate - Migrating schema "public" to version "2 - schedule items"
01:10:47.055 INFO  [main] o.f.core.internal.command.DbMigrate - Migrating schema "public" to version "3 - subtype schedule defaults"
01:10:47.057 INFO  [main] o.f.core.internal.command.DbMigrate - Migrating schema "public" to version "4 - journal open item core"
01:10:47.058 INFO  [main] o.f.core.internal.command.DbMigrate - Migrating schema "public" to version "5 - open item concurrency and fks"
01:10:47.059 INFO  [main] o.f.core.internal.command.DbMigrate - Migrating schema "public" to version "6 - workflow run records"
01:10:47.059 INFO  [main] o.f.core.internal.command.DbMigrate - Migrating schema "public" to version "7 - workflow run status constraints"
01:10:47.060 INFO  [main] o.f.core.internal.command.DbMigrate - Migrating schema "public" to version "8 - approval audit records"
01:10:47.061 INFO  [main] o.f.core.internal.command.DbMigrate - Migrating schema "public" to version "45 - add budget category"
01:10:47.063 INFO  [main] o.f.core.internal.command.DbMigrate - Migrating schema "public" to version "46 - company user admin foundation"
01:10:47.065 INFO  [main] o.f.core.internal.command.DbMigrate - Migrating schema "public" to version "47 - accounting period and audit"
01:10:47.066 INFO  [main] o.f.core.internal.command.DbMigrate - Migrating schema "public" to version "48 - transaction corrections"
01:10:47.069 INFO  [main] o.f.core.internal.command.DbMigrate - Migrating schema "public" to version "49 - txn reconciliation protection"
01:10:47.070 INFO  [main] o.f.core.internal.command.DbMigrate - Migrating schema "public" to version "50 - budget plan and line"
01:10:47.072 INFO  [main] o.f.core.internal.command.DbMigrate - Migrating schema "public" to version "51 - bank import batch and statement line"
01:10:47.074 INFO  [main] o.f.core.internal.command.DbMigrate - Migrating schema "public" to version "52 - bank and configured bank account"
01:10:47.078 INFO  [main] o.f.core.internal.command.DbMigrate - Migrating schema "public" to version "53 - bank import review all rows"
01:10:47.079 INFO  [main] o.f.core.internal.command.DbMigrate - Migrating schema "public" to version "54 - txn split cleared state"
01:10:47.082 INFO  [main] o.f.core.internal.command.DbMigrate - Migrating schema "public" to version "55 - fixed assets and depreciation"
01:10:47.084 INFO  [main] o.f.core.internal.command.DbMigrate - Migrating schema "public" to version "56 - inventory items and movements"
01:10:47.086 INFO  [main] o.f.core.internal.command.DbMigrate - Migrating schema "public" to version "57 - bank reconciliation workspace"
01:10:47.087 INFO  [main] o.f.core.internal.command.DbMigrate - Migrating schema "public" to version "58 - txn supplemental lines"
01:10:47.088 INFO  [main] o.f.core.internal.command.DbMigrate - Migrating schema "public" to version "59 - company ui preferences and state"
01:10:47.089 INFO  [main] o.f.core.internal.command.DbMigrate - Migrating schema "public" to version "60 - period close ranges"
01:10:47.093 INFO  [main] o.f.core.internal.command.DbMigrate - Migrating schema "public" to version "61 - company ownership and interchange identity"
01:10:47.112 INFO  [main] o.f.core.internal.command.DbMigrate - Migrating schema "public" to version "62 - txn portable identity"
01:10:47.113 INFO  [main] o.f.core.internal.command.DbMigrate - Successfully applied 26 migrations to schema "public", now at version v62 (execution time 00:00.031s)
[NPBK] Flyway migration complete.
[NPBK] Creating JPA EntityManagerFactory for selected database.
01:10:47.161 INFO  [main] com.zaxxer.hikari.HikariDataSource - HikariPool-72 - Starting...
01:10:47.169 INFO  [main] com.zaxxer.hikari.HikariDataSource - HikariPool-72 - Start completed.
[NPBK] JPA EntityManagerFactory created for selected database.
01:10:47.297 INFO  [main] com.zaxxer.hikari.HikariDataSource - HikariPool-72 - Shutdown initiated...
01:10:47.300 INFO  [main] com.zaxxer.hikari.HikariDataSource - HikariPool-72 - Shutdown completed.
[NPBK] Preparing database: /tmp/junit12143248294982507806/transaction-rollback
[NPBK] Flyway migration starting.
[NPBK] JDBC URL: jdbc:h2:file:/tmp/junit12143248294982507806/transaction-rollback;MODE=PostgreSQL;DATABASE_TO_LOWER=TRUE;DEFAULT_NULL_ORDERING=HIGH;INIT=CREATE SCHEMA IF NOT EXISTS PUBLIC\;SET SCHEMA PUBLIC
01:10:47.311 INFO  [main] org.flywaydb.core.FlywayExecutor - Database: jdbc:h2:file:/tmp/junit12143248294982507806/transaction-rollback (H2 2.2)
01:10:47.316 INFO  [main] o.f.c.i.s.JdbcTableSchemaHistory - Schema history table "public"."flyway_schema_history" does not exist yet
01:10:47.316 INFO  [main] o.f.core.internal.command.DbValidate - Successfully validated 26 migrations (execution time 00:00.003s)
01:10:47.316 INFO  [main] o.f.c.i.s.JdbcTableSchemaHistory - Creating Schema History table "public"."flyway_schema_history" ...
01:10:47.317 INFO  [main] o.f.core.internal.command.DbMigrate - Current version of schema "public": << Empty Schema >>
01:10:47.319 INFO  [main] o.f.core.internal.command.DbMigrate - Migrating schema "public" to version "1 - init"
01:10:47.323 INFO  [main] o.f.core.internal.command.DbMigrate - Migrating schema "public" to version "2 - schedule items"
01:10:47.324 INFO  [main] o.f.core.internal.command.DbMigrate - Migrating schema "public" to version "3 - subtype schedule defaults"
01:10:47.325 INFO  [main] o.f.core.internal.command.DbMigrate - Migrating schema "public" to version "4 - journal open item core"
01:10:47.326 INFO  [main] o.f.core.internal.command.DbMigrate - Migrating schema "public" to version "5 - open item concurrency and fks"
01:10:47.327 INFO  [main] o.f.core.internal.command.DbMigrate - Migrating schema "public" to version "6 - workflow run records"
01:10:47.328 INFO  [main] o.f.core.internal.command.DbMigrate - Migrating schema "public" to version "7 - workflow run status constraints"
01:10:47.329 INFO  [main] o.f.core.internal.command.DbMigrate - Migrating schema "public" to version "8 - approval audit records"
01:10:47.329 INFO  [main] o.f.core.internal.command.DbMigrate - Migrating schema "public" to version "45 - add budget category"
01:10:47.332 INFO  [main] o.f.core.internal.command.DbMigrate - Migrating schema "public" to version "46 - company user admin foundation"
01:10:47.334 INFO  [main] o.f.core.internal.command.DbMigrate - Migrating schema "public" to version "47 - accounting period and audit"
01:10:47.335 INFO  [main] o.f.core.internal.command.DbMigrate - Migrating schema "public" to version "48 - transaction corrections"
01:10:47.337 INFO  [main] o.f.core.internal.command.DbMigrate - Migrating schema "public" to version "49 - txn reconciliation protection"
01:10:47.338 INFO  [main] o.f.core.internal.command.DbMigrate - Migrating schema "public" to version "50 - budget plan and line"
01:10:47.340 INFO  [main] o.f.core.internal.command.DbMigrate - Migrating schema "public" to version "51 - bank import batch and statement line"
01:10:47.343 INFO  [main] o.f.core.internal.command.DbMigrate - Migrating schema "public" to version "52 - bank and configured bank account"
01:10:47.347 INFO  [main] o.f.core.internal.command.DbMigrate - Migrating schema "public" to version "53 - bank import review all rows"
01:10:47.348 INFO  [main] o.f.core.internal.command.DbMigrate - Migrating schema "public" to version "54 - txn split cleared state"
01:10:47.351 INFO  [main] o.f.core.internal.command.DbMigrate - Migrating schema "public" to version "55 - fixed assets and depreciation"
01:10:47.353 INFO  [main] o.f.core.internal.command.DbMigrate - Migrating schema "public" to version "56 - inventory items and movements"
01:10:47.355 INFO  [main] o.f.core.internal.command.DbMigrate - Migrating schema "public" to version "57 - bank reconciliation workspace"
01:10:47.356 INFO  [main] o.f.core.internal.command.DbMigrate - Migrating schema "public" to version "58 - txn supplemental lines"
01:10:47.357 INFO  [main] o.f.core.internal.command.DbMigrate - Migrating schema "public" to version "59 - company ui preferences and state"
01:10:47.358 INFO  [main] o.f.core.internal.command.DbMigrate - Migrating schema "public" to version "60 - period close ranges"
01:10:47.362 INFO  [main] o.f.core.internal.command.DbMigrate - Migrating schema "public" to version "61 - company ownership and interchange identity"
01:10:47.373 INFO  [main] o.f.core.internal.command.DbMigrate - Migrating schema "public" to version "62 - txn portable identity"
01:10:47.375 INFO  [main] o.f.core.internal.command.DbMigrate - Successfully applied 26 migrations to schema "public", now at version v62 (execution time 00:00.022s)
[NPBK] Flyway migration complete.
[NPBK] Creating JPA EntityManagerFactory for selected database.
01:10:47.432 INFO  [main] com.zaxxer.hikari.HikariDataSource - HikariPool-73 - Starting...
01:10:47.440 INFO  [main] com.zaxxer.hikari.HikariDataSource - HikariPool-73 - Start completed.
[NPBK] JPA EntityManagerFactory created for selected database.
01:10:47.557 INFO  [main] com.zaxxer.hikari.HikariDataSource - HikariPool-73 - Shutdown initiated...
01:10:47.560 INFO  [main] com.zaxxer.hikari.HikariDataSource - HikariPool-73 - Shutdown completed.
[NPBK] Preparing database: /tmp/junit3240833394329843591/transaction-supplemental-validation
[NPBK] Flyway migration starting.
[NPBK] JDBC URL: jdbc:h2:file:/tmp/junit3240833394329843591/transaction-supplemental-validation;MODE=PostgreSQL;DATABASE_TO_LOWER=TRUE;DEFAULT_NULL_ORDERING=HIGH;INIT=CREATE SCHEMA IF NOT EXISTS PUBLIC\;SET SCHEMA PUBLIC
01:10:47.571 INFO  [main] org.flywaydb.core.FlywayExecutor - Database: jdbc:h2:file:/tmp/junit3240833394329843591/transaction-supplemental-validation (H2 2.2)
01:10:47.574 INFO  [main] o.f.c.i.s.JdbcTableSchemaHistory - Schema history table "public"."flyway_schema_history" does not exist yet
01:10:47.574 INFO  [main] o.f.core.internal.command.DbValidate - Successfully validated 26 migrations (execution time 00:00.002s)
01:10:47.574 INFO  [main] o.f.c.i.s.JdbcTableSchemaHistory - Creating Schema History table "public"."flyway_schema_history" ...
01:10:47.575 INFO  [main] o.f.core.internal.command.DbMigrate - Current version of schema "public": << Empty Schema >>
01:10:47.576 INFO  [main] o.f.core.internal.command.DbMigrate - Migrating schema "public" to version "1 - init"
01:10:47.584 INFO  [main] o.f.core.internal.command.DbMigrate - Migrating schema "public" to version "2 - schedule items"
01:10:47.586 INFO  [main] o.f.core.internal.command.DbMigrate - Migrating schema "public" to version "3 - subtype schedule defaults"
01:10:47.587 INFO  [main] o.f.core.internal.command.DbMigrate - Migrating schema "public" to version "4 - journal open item core"
01:10:47.588 INFO  [main] o.f.core.internal.command.DbMigrate - Migrating schema "public" to version "5 - open item concurrency and fks"
01:10:47.589 INFO  [main] o.f.core.internal.command.DbMigrate - Migrating schema "public" to version "6 - workflow run records"
01:10:47.589 INFO  [main] o.f.core.internal.command.DbMigrate - Migrating schema "public" to version "7 - workflow run status constraints"
01:10:47.590 INFO  [main] o.f.core.internal.command.DbMigrate - Migrating schema "public" to version "8 - approval audit records"
01:10:47.591 INFO  [main] o.f.core.internal.command.DbMigrate - Migrating schema "public" to version "45 - add budget category"
01:10:47.594 INFO  [main] o.f.core.internal.command.DbMigrate - Migrating schema "public" to version "46 - company user admin foundation"
01:10:47.597 INFO  [main] o.f.core.internal.command.DbMigrate - Migrating schema "public" to version "47 - accounting period and audit"
01:10:47.598 INFO  [main] o.f.core.internal.command.DbMigrate - Migrating schema "public" to version "48 - transaction corrections"
01:10:47.601 INFO  [main] o.f.core.internal.command.DbMigrate - Migrating schema "public" to version "49 - txn reconciliation protection"
01:10:47.602 INFO  [main] o.f.core.internal.command.DbMigrate - Migrating schema "public" to version "50 - budget plan and line"
01:10:47.604 INFO  [main] o.f.core.internal.command.DbMigrate - Migrating schema "public" to version "51 - bank import batch and statement line"
01:10:47.606 INFO  [main] o.f.core.internal.command.DbMigrate - Migrating schema "public" to version "52 - bank and configured bank account"
01:10:47.610 INFO  [main] o.f.core.internal.command.DbMigrate - Migrating schema "public" to version "53 - bank import review all rows"
01:10:47.611 INFO  [main] o.f.core.internal.command.DbMigrate - Migrating schema "public" to version "54 - txn split cleared state"
01:10:47.614 INFO  [main] o.f.core.internal.command.DbMigrate - Migrating schema "public" to version "55 - fixed assets and depreciation"
01:10:47.616 INFO  [main] o.f.core.internal.command.DbMigrate - Migrating schema "public" to version "56 - inventory items and movements"
01:10:47.618 INFO  [main] o.f.core.internal.command.DbMigrate - Migrating schema "public" to version "57 - bank reconciliation workspace"
01:10:47.619 INFO  [main] o.f.core.internal.command.DbMigrate - Migrating schema "public" to version "58 - txn supplemental lines"
01:10:47.620 INFO  [main] o.f.core.internal.command.DbMigrate - Migrating schema "public" to version "59 - company ui preferences and state"
01:10:47.621 INFO  [main] o.f.core.internal.command.DbMigrate - Migrating schema "public" to version "60 - period close ranges"
01:10:47.625 INFO  [main] o.f.core.internal.command.DbMigrate - Migrating schema "public" to version "61 - company ownership and interchange identity"
01:10:47.638 INFO  [main] o.f.core.internal.command.DbMigrate - Migrating schema "public" to version "62 - txn portable identity"
01:10:47.640 INFO  [main] o.f.core.internal.command.DbMigrate - Successfully applied 26 migrations to schema "public", now at version v62 (execution time 00:00.031s)
[NPBK] Flyway migration complete.
[NPBK] Creating JPA EntityManagerFactory for selected database.
01:10:47.689 INFO  [main] com.zaxxer.hikari.HikariDataSource - HikariPool-74 - Starting...
01:10:47.697 INFO  [main] com.zaxxer.hikari.HikariDataSource - HikariPool-74 - Start completed.
[NPBK] JPA EntityManagerFactory created for selected database.
01:10:47.809 INFO  [main] com.zaxxer.hikari.HikariDataSource - HikariPool-74 - Shutdown initiated...
01:10:47.813 INFO  [main] com.zaxxer.hikari.HikariDataSource - HikariPool-74 - Shutdown completed.
[NPBK] Preparing database: /tmp/junit10192824872175822996/transaction-update
[NPBK] Flyway migration starting.
[NPBK] JDBC URL: jdbc:h2:file:/tmp/junit10192824872175822996/transaction-update;MODE=PostgreSQL;DATABASE_TO_LOWER=TRUE;DEFAULT_NULL_ORDERING=HIGH;INIT=CREATE SCHEMA IF NOT EXISTS PUBLIC\;SET SCHEMA PUBLIC
01:10:47.822 INFO  [main] org.flywaydb.core.FlywayExecutor - Database: jdbc:h2:file:/tmp/junit10192824872175822996/transaction-update (H2 2.2)
01:10:47.825 INFO  [main] o.f.c.i.s.JdbcTableSchemaHistory - Schema history table "public"."flyway_schema_history" does not exist yet
01:10:47.825 INFO  [main] o.f.core.internal.command.DbValidate - Successfully validated 26 migrations (execution time 00:00.002s)
01:10:47.826 INFO  [main] o.f.c.i.s.JdbcTableSchemaHistory - Creating Schema History table "public"."flyway_schema_history" ...
01:10:47.826 INFO  [main] o.f.core.internal.command.DbMigrate - Current version of schema "public": << Empty Schema >>
01:10:47.828 INFO  [main] o.f.core.internal.command.DbMigrate - Migrating schema "public" to version "1 - init"
01:10:47.831 INFO  [main] o.f.core.internal.command.DbMigrate - Migrating schema "public" to version "2 - schedule items"
01:10:47.832 INFO  [main] o.f.core.internal.command.DbMigrate - Migrating schema "public" to version "3 - subtype schedule defaults"
01:10:47.833 INFO  [main] o.f.core.internal.command.DbMigrate - Migrating schema "public" to version "4 - journal open item core"
01:10:47.834 INFO  [main] o.f.core.internal.command.DbMigrate - Migrating schema "public" to version "5 - open item concurrency and fks"
01:10:47.835 INFO  [main] o.f.core.internal.command.DbMigrate - Migrating schema "public" to version "6 - workflow run records"
01:10:47.836 INFO  [main] o.f.core.internal.command.DbMigrate - Migrating schema "public" to version "7 - workflow run status constraints"
01:10:47.837 INFO  [main] o.f.core.internal.command.DbMigrate - Migrating schema "public" to version "8 - approval audit records"
01:10:47.837 INFO  [main] o.f.core.internal.command.DbMigrate - Migrating schema "public" to version "45 - add budget category"
01:10:47.840 INFO  [main] o.f.core.internal.command.DbMigrate - Migrating schema "public" to version "46 - company user admin foundation"
01:10:47.842 INFO  [main] o.f.core.internal.command.DbMigrate - Migrating schema "public" to version "47 - accounting period and audit"
01:10:47.843 INFO  [main] o.f.core.internal.command.DbMigrate - Migrating schema "public" to version "48 - transaction corrections"
01:10:47.845 INFO  [main] o.f.core.internal.command.DbMigrate - Migrating schema "public" to version "49 - txn reconciliation protection"
01:10:47.846 INFO  [main] o.f.core.internal.command.DbMigrate - Migrating schema "public" to version "50 - budget plan and line"
01:10:47.848 INFO  [main] o.f.core.internal.command.DbMigrate - Migrating schema "public" to version "51 - bank import batch and statement line"
01:10:47.850 INFO  [main] o.f.core.internal.command.DbMigrate - Migrating schema "public" to version "52 - bank and configured bank account"
01:10:47.855 INFO  [main] o.f.core.internal.command.DbMigrate - Migrating schema "public" to version "53 - bank import review all rows"
01:10:47.856 INFO  [main] o.f.core.internal.command.DbMigrate - Migrating schema "public" to version "54 - txn split cleared state"
01:10:47.860 INFO  [main] o.f.core.internal.command.DbMigrate - Migrating schema "public" to version "55 - fixed assets and depreciation"
01:10:47.862 INFO  [main] o.f.core.internal.command.DbMigrate - Migrating schema "public" to version "56 - inventory items and movements"
01:10:47.864 INFO  [main] o.f.core.internal.command.DbMigrate - Migrating schema "public" to version "57 - bank reconciliation workspace"
01:10:47.865 INFO  [main] o.f.core.internal.command.DbMigrate - Migrating schema "public" to version "58 - txn supplemental lines"
01:10:47.866 INFO  [main] o.f.core.internal.command.DbMigrate - Migrating schema "public" to version "59 - company ui preferences and state"
01:10:47.867 INFO  [main] o.f.core.internal.command.DbMigrate - Migrating schema "public" to version "60 - period close ranges"
01:10:47.871 INFO  [main] o.f.core.internal.command.DbMigrate - Migrating schema "public" to version "61 - company ownership and interchange identity"
01:10:47.882 INFO  [main] o.f.core.internal.command.DbMigrate - Migrating schema "public" to version "62 - txn portable identity"
01:10:47.884 INFO  [main] o.f.core.internal.command.DbMigrate - Successfully applied 26 migrations to schema "public", now at version v62 (execution time 00:00.023s)
[NPBK] Flyway migration complete.
[NPBK] Creating JPA EntityManagerFactory for selected database.
01:10:47.932 INFO  [main] com.zaxxer.hikari.HikariDataSource - HikariPool-75 - Starting...
01:10:47.940 INFO  [main] com.zaxxer.hikari.HikariDataSource - HikariPool-75 - Start completed.
[NPBK] JPA EntityManagerFactory created for selected database.
01:10:48.086 INFO  [main] com.zaxxer.hikari.HikariDataSource - HikariPool-75 - Shutdown initiated...
01:10:48.090 INFO  [main] com.zaxxer.hikari.HikariDataSource - HikariPool-75 - Shutdown completed.
[NPBK] Preparing database: /tmp/junit2832152192619970566/transaction-entry
[NPBK] Flyway migration starting.
[NPBK] JDBC URL: jdbc:h2:file:/tmp/junit2832152192619970566/transaction-entry;MODE=PostgreSQL;DATABASE_TO_LOWER=TRUE;DEFAULT_NULL_ORDERING=HIGH;INIT=CREATE SCHEMA IF NOT EXISTS PUBLIC\;SET SCHEMA PUBLIC
01:10:48.102 INFO  [main] org.flywaydb.core.FlywayExecutor - Database: jdbc:h2:file:/tmp/junit2832152192619970566/transaction-entry (H2 2.2)
01:10:48.105 INFO  [main] o.f.c.i.s.JdbcTableSchemaHistory - Schema history table "public"."flyway_schema_history" does not exist yet
01:10:48.106 INFO  [main] o.f.core.internal.command.DbValidate - Successfully validated 26 migrations (execution time 00:00.002s)
01:10:48.106 INFO  [main] o.f.c.i.s.JdbcTableSchemaHistory - Creating Schema History table "public"."flyway_schema_history" ...
01:10:48.107 INFO  [main] o.f.core.internal.command.DbMigrate - Current version of schema "public": << Empty Schema >>
01:10:48.108 INFO  [main] o.f.core.internal.command.DbMigrate - Migrating schema "public" to version "1 - init"
01:10:48.111 INFO  [main] o.f.core.internal.command.DbMigrate - Migrating schema "public" to version "2 - schedule items"
01:10:48.112 INFO  [main] o.f.core.internal.command.DbMigrate - Migrating schema "public" to version "3 - subtype schedule defaults"
01:10:48.113 INFO  [main] o.f.core.internal.command.DbMigrate - Migrating schema "public" to version "4 - journal open item core"
01:10:48.114 INFO  [main] o.f.core.internal.command.DbMigrate - Migrating schema "public" to version "5 - open item concurrency and fks"
01:10:48.116 INFO  [main] o.f.core.internal.command.DbMigrate - Migrating schema "public" to version "6 - workflow run records"
01:10:48.116 INFO  [main] o.f.core.internal.command.DbMigrate - Migrating schema "public" to version "7 - workflow run status constraints"
01:10:48.117 INFO  [main] o.f.core.internal.command.DbMigrate - Migrating schema "public" to version "8 - approval audit records"
01:10:48.118 INFO  [main] o.f.core.internal.command.DbMigrate - Migrating schema "public" to version "45 - add budget category"
01:10:48.120 INFO  [main] o.f.core.internal.command.DbMigrate - Migrating schema "public" to version "46 - company user admin foundation"
01:10:48.122 INFO  [main] o.f.core.internal.command.DbMigrate - Migrating schema "public" to version "47 - accounting period and audit"
01:10:48.123 INFO  [main] o.f.core.internal.command.DbMigrate - Migrating schema "public" to version "48 - transaction corrections"
01:10:48.126 INFO  [main] o.f.core.internal.command.DbMigrate - Migrating schema "public" to version "49 - txn reconciliation protection"
01:10:48.127 INFO  [main] o.f.core.internal.command.DbMigrate - Migrating schema "public" to version "50 - budget plan and line"
01:10:48.129 INFO  [main] o.f.core.internal.command.DbMigrate - Migrating schema "public" to version "51 - bank import batch and statement line"
01:10:48.132 INFO  [main] o.f.core.internal.command.DbMigrate - Migrating schema "public" to version "52 - bank and configured bank account"
01:10:48.136 INFO  [main] o.f.core.internal.command.DbMigrate - Migrating schema "public" to version "53 - bank import review all rows"
01:10:48.137 INFO  [main] o.f.core.internal.command.DbMigrate - Migrating schema "public" to version "54 - txn split cleared state"
01:10:48.141 INFO  [main] o.f.core.internal.command.DbMigrate - Migrating schema "public" to version "55 - fixed assets and depreciation"
01:10:48.143 INFO  [main] o.f.core.internal.command.DbMigrate - Migrating schema "public" to version "56 - inventory items and movements"
01:10:48.144 INFO  [main] o.f.core.internal.command.DbMigrate - Migrating schema "public" to version "57 - bank reconciliation workspace"
01:10:48.146 INFO  [main] o.f.core.internal.command.DbMigrate - Migrating schema "public" to version "58 - txn supplemental lines"
01:10:48.147 INFO  [main] o.f.core.internal.command.DbMigrate - Migrating schema "public" to version "59 - company ui preferences and state"
01:10:48.147 INFO  [main] o.f.core.internal.command.DbMigrate - Migrating schema "public" to version "60 - period close ranges"
01:10:48.151 INFO  [main] o.f.core.internal.command.DbMigrate - Migrating schema "public" to version "61 - company ownership and interchange identity"
01:10:48.163 INFO  [main] o.f.core.internal.command.DbMigrate - Migrating schema "public" to version "62 - txn portable identity"
01:10:48.165 INFO  [main] o.f.core.internal.command.DbMigrate - Successfully applied 26 migrations to schema "public", now at version v62 (execution time 00:00.024s)
[NPBK] Flyway migration complete.
[NPBK] Creating JPA EntityManagerFactory for selected database.
01:10:48.214 INFO  [main] com.zaxxer.hikari.HikariDataSource - HikariPool-76 - Starting...
01:10:48.222 INFO  [main] com.zaxxer.hikari.HikariDataSource - HikariPool-76 - Start completed.
[NPBK] JPA EntityManagerFactory created for selected database.
01:10:48.388 INFO  [main] com.zaxxer.hikari.HikariDataSource - HikariPool-76 - Shutdown initiated...
01:10:48.392 INFO  [main] com.zaxxer.hikari.HikariDataSource - HikariPool-76 - Shutdown completed.
[INFO] Tests run: 5, Failures: 0, Errors: 0, Skipped: 0, Time elapsed: 1.362 s -- in org.nonprofitbookkeeping.service.TransactionEntryServiceTest
[INFO] Running org.nonprofitbookkeeping.service.TransactionCorrectionReconciliationProtectionTest
[NPBK] Preparing database: /tmp/junit14419757308383593430/reconciled-protection
[NPBK] Flyway migration starting.
[NPBK] JDBC URL: jdbc:h2:file:/tmp/junit14419757308383593430/reconciled-protection;MODE=PostgreSQL;DATABASE_TO_LOWER=TRUE;DEFAULT_NULL_ORDERING=HIGH;INIT=CREATE SCHEMA IF NOT EXISTS PUBLIC\;SET SCHEMA PUBLIC
01:10:48.406 INFO  [main] org.flywaydb.core.FlywayExecutor - Database: jdbc:h2:file:/tmp/junit14419757308383593430/reconciled-protection (H2 2.2)
01:10:48.409 INFO  [main] o.f.c.i.s.JdbcTableSchemaHistory - Schema history table "public"."flyway_schema_history" does not exist yet
01:10:48.409 INFO  [main] o.f.core.internal.command.DbValidate - Successfully validated 26 migrations (execution time 00:00.002s)
01:10:48.410 INFO  [main] o.f.c.i.s.JdbcTableSchemaHistory - Creating Schema History table "public"."flyway_schema_history" ...
01:10:48.410 INFO  [main] o.f.core.internal.command.DbMigrate - Current version of schema "public": << Empty Schema >>
01:10:48.412 INFO  [main] o.f.core.internal.command.DbMigrate - Migrating schema "public" to version "1 - init"
01:10:48.417 INFO  [main] o.f.core.internal.command.DbMigrate - Migrating schema "public" to version "2 - schedule items"
01:10:48.419 INFO  [main] o.f.core.internal.command.DbMigrate - Migrating schema "public" to version "3 - subtype schedule defaults"
01:10:48.421 INFO  [main] o.f.core.internal.command.DbMigrate - Migrating schema "public" to version "4 - journal open item core"
01:10:48.422 INFO  [main] o.f.core.internal.command.DbMigrate - Migrating schema "public" to version "5 - open item concurrency and fks"
01:10:48.424 INFO  [main] o.f.core.internal.command.DbMigrate - Migrating schema "public" to version "6 - workflow run records"
01:10:48.425 INFO  [main] o.f.core.internal.command.DbMigrate - Migrating schema "public" to version "7 - workflow run status constraints"
01:10:48.425 INFO  [main] o.f.core.internal.command.DbMigrate - Migrating schema "public" to version "8 - approval audit records"
01:10:48.426 INFO  [main] o.f.core.internal.command.DbMigrate - Migrating schema "public" to version "45 - add budget category"
01:10:48.429 INFO  [main] o.f.core.internal.command.DbMigrate - Migrating schema "public" to version "46 - company user admin foundation"
01:10:48.432 INFO  [main] o.f.core.internal.command.DbMigrate - Migrating schema "public" to version "47 - accounting period and audit"
01:10:48.433 INFO  [main] o.f.core.internal.command.DbMigrate - Migrating schema "public" to version "48 - transaction corrections"
01:10:48.436 INFO  [main] o.f.core.internal.command.DbMigrate - Migrating schema "public" to version "49 - txn reconciliation protection"
01:10:48.437 INFO  [main] o.f.core.internal.command.DbMigrate - Migrating schema "public" to version "50 - budget plan and line"
01:10:48.439 INFO  [main] o.f.core.internal.command.DbMigrate - Migrating schema "public" to version "51 - bank import batch and statement line"
01:10:48.442 INFO  [main] o.f.core.internal.command.DbMigrate - Migrating schema "public" to version "52 - bank and configured bank account"
01:10:48.447 INFO  [main] o.f.core.internal.command.DbMigrate - Migrating schema "public" to version "53 - bank import review all rows"
01:10:48.448 INFO  [main] o.f.core.internal.command.DbMigrate - Migrating schema "public" to version "54 - txn split cleared state"
01:10:48.452 INFO  [main] o.f.core.internal.command.DbMigrate - Migrating schema "public" to version "55 - fixed assets and depreciation"
01:10:48.454 INFO  [main] o.f.core.internal.command.DbMigrate - Migrating schema "public" to version "56 - inventory items and movements"
01:10:48.456 INFO  [main] o.f.core.internal.command.DbMigrate - Migrating schema "public" to version "57 - bank reconciliation workspace"
01:10:48.458 INFO  [main] o.f.core.internal.command.DbMigrate - Migrating schema "public" to version "58 - txn supplemental lines"
01:10:48.460 INFO  [main] o.f.core.internal.command.DbMigrate - Migrating schema "public" to version "59 - company ui preferences and state"
01:10:48.461 INFO  [main] o.f.core.internal.command.DbMigrate - Migrating schema "public" to version "60 - period close ranges"
01:10:48.465 INFO  [main] o.f.core.internal.command.DbMigrate - Migrating schema "public" to version "61 - company ownership and interchange identity"
01:10:48.478 INFO  [main] o.f.core.internal.command.DbMigrate - Migrating schema "public" to version "62 - txn portable identity"
01:10:48.480 INFO  [main] o.f.core.internal.command.DbMigrate - Successfully applied 26 migrations to schema "public", now at version v62 (execution time 00:00.027s)
[NPBK] Flyway migration complete.
[NPBK] Creating JPA EntityManagerFactory for selected database.
01:10:48.535 INFO  [main] com.zaxxer.hikari.HikariDataSource - HikariPool-77 - Starting...
01:10:48.543 INFO  [main] com.zaxxer.hikari.HikariDataSource - HikariPool-77 - Start completed.
[NPBK] JPA EntityManagerFactory created for selected database.
01:10:48.670 INFO  [main] com.zaxxer.hikari.HikariDataSource - HikariPool-77 - Shutdown initiated...
01:10:48.673 INFO  [main] com.zaxxer.hikari.HikariDataSource - HikariPool-77 - Shutdown completed.
[INFO] Tests run: 1, Failures: 0, Errors: 0, Skipped: 0, Time elapsed: 0.281 s -- in org.nonprofitbookkeeping.service.TransactionCorrectionReconciliationProtectionTest
[INFO] Running org.nonprofitbookkeeping.service.CompanyUiPreferencesServiceTest
[INFO] Tests run: 1, Failures: 0, Errors: 0, Skipped: 0, Time elapsed: 0.014 s -- in org.nonprofitbookkeeping.service.CompanyUiPreferencesServiceTest
[INFO] Running org.nonprofitbookkeeping.service.ImportExportOrchestrationServiceTest
[INFO] Tests run: 14, Failures: 0, Errors: 0, Skipped: 0, Time elapsed: 0.020 s -- in org.nonprofitbookkeeping.service.ImportExportOrchestrationServiceTest
[INFO] Running org.nonprofitbookkeeping.service.ImportPreviewServiceTest
[INFO] Tests run: 8, Failures: 0, Errors: 0, Skipped: 0, Time elapsed: 0.010 s -- in org.nonprofitbookkeeping.service.ImportPreviewServiceTest
[INFO] Running org.nonprofitbookkeeping.service.BankImportNormalizationServiceTest
[INFO] Tests run: 4, Failures: 0, Errors: 0, Skipped: 0, Time elapsed: 0.006 s -- in org.nonprofitbookkeeping.service.BankImportNormalizationServiceTest
[INFO] Running org.nonprofitbookkeeping.service.FundAdminServiceLifecycleTest
[NPBK] Preparing database: /tmp/junit9938002569088203324/fund-stable-edit
[NPBK] Flyway migration starting.
[NPBK] JDBC URL: jdbc:h2:file:/tmp/junit9938002569088203324/fund-stable-edit;MODE=PostgreSQL;DATABASE_TO_LOWER=TRUE;DEFAULT_NULL_ORDERING=HIGH;INIT=CREATE SCHEMA IF NOT EXISTS PUBLIC\;SET SCHEMA PUBLIC
01:10:48.753 INFO  [main] org.flywaydb.core.FlywayExecutor - Database: jdbc:h2:file:/tmp/junit9938002569088203324/fund-stable-edit (H2 2.2)
01:10:48.758 INFO  [main] o.f.c.i.s.JdbcTableSchemaHistory - Schema history table "public"."flyway_schema_history" does not exist yet
01:10:48.758 INFO  [main] o.f.core.internal.command.DbValidate - Successfully validated 26 migrations (execution time 00:00.003s)
01:10:48.760 INFO  [main] o.f.c.i.s.JdbcTableSchemaHistory - Creating Schema History table "public"."flyway_schema_history" ...
01:10:48.761 INFO  [main] o.f.core.internal.command.DbMigrate - Current version of schema "public": << Empty Schema >>
01:10:48.764 INFO  [main] o.f.core.internal.command.DbMigrate - Migrating schema "public" to version "1 - init"
01:10:48.770 INFO  [main] o.f.core.internal.command.DbMigrate - Migrating schema "public" to version "2 - schedule items"
01:10:48.771 INFO  [main] o.f.core.internal.command.DbMigrate - Migrating schema "public" to version "3 - subtype schedule defaults"
01:10:48.774 INFO  [main] o.f.core.internal.command.DbMigrate - Migrating schema "public" to version "4 - journal open item core"
01:10:48.776 INFO  [main] o.f.core.internal.command.DbMigrate - Migrating schema "public" to version "5 - open item concurrency and fks"
01:10:48.779 INFO  [main] o.f.core.internal.command.DbMigrate - Migrating schema "public" to version "6 - workflow run records"
01:10:48.780 INFO  [main] o.f.core.internal.command.DbMigrate - Migrating schema "public" to version "7 - workflow run status constraints"
01:10:48.781 INFO  [main] o.f.core.internal.command.DbMigrate - Migrating schema "public" to version "8 - approval audit records"
01:10:48.782 INFO  [main] o.f.core.internal.command.DbMigrate - Migrating schema "public" to version "45 - add budget category"
01:10:48.787 INFO  [main] o.f.core.internal.command.DbMigrate - Migrating schema "public" to version "46 - company user admin foundation"
01:10:48.791 INFO  [main] o.f.core.internal.command.DbMigrate - Migrating schema "public" to version "47 - accounting period and audit"
01:10:48.793 INFO  [main] o.f.core.internal.command.DbMigrate - Migrating schema "public" to version "48 - transaction corrections"
01:10:48.798 INFO  [main] o.f.core.internal.command.DbMigrate - Migrating schema "public" to version "49 - txn reconciliation protection"
01:10:48.800 INFO  [main] o.f.core.internal.command.DbMigrate - Migrating schema "public" to version "50 - budget plan and line"
01:10:48.804 INFO  [main] o.f.core.internal.command.DbMigrate - Migrating schema "public" to version "51 - bank import batch and statement line"
01:10:48.808 INFO  [main] o.f.core.internal.command.DbMigrate - Migrating schema "public" to version "52 - bank and configured bank account"
01:10:48.816 INFO  [main] o.f.core.internal.command.DbMigrate - Migrating schema "public" to version "53 - bank import review all rows"
01:10:48.818 INFO  [main] o.f.core.internal.command.DbMigrate - Migrating schema "public" to version "54 - txn split cleared state"
01:10:48.823 INFO  [main] o.f.core.internal.command.DbMigrate - Migrating schema "public" to version "55 - fixed assets and depreciation"
01:10:48.826 INFO  [main] o.f.core.internal.command.DbMigrate - Migrating schema "public" to version "56 - inventory items and movements"
01:10:48.829 INFO  [main] o.f.core.internal.command.DbMigrate - Migrating schema "public" to version "57 - bank reconciliation workspace"
01:10:48.832 INFO  [main] o.f.core.internal.command.DbMigrate - Migrating schema "public" to version "58 - txn supplemental lines"
01:10:48.833 INFO  [main] o.f.core.internal.command.DbMigrate - Migrating schema "public" to version "59 - company ui preferences and state"
01:10:48.835 INFO  [main] o.f.core.internal.command.DbMigrate - Migrating schema "public" to version "60 - period close ranges"
01:10:48.842 INFO  [main] o.f.core.internal.command.DbMigrate - Migrating schema "public" to version "61 - company ownership and interchange identity"
01:10:48.859 INFO  [main] o.f.core.internal.command.DbMigrate - Migrating schema "public" to version "62 - txn portable identity"
01:10:48.862 INFO  [main] o.f.core.internal.command.DbMigrate - Successfully applied 26 migrations to schema "public", now at version v62 (execution time 00:00.048s)
[NPBK] Flyway migration complete.
[NPBK] Creating JPA EntityManagerFactory for selected database.
01:10:48.924 INFO  [main] com.zaxxer.hikari.HikariDataSource - HikariPool-78 - Starting...
01:10:48.939 INFO  [main] com.zaxxer.hikari.HikariDataSource - HikariPool-78 - Start completed.
[NPBK] JPA EntityManagerFactory created for selected database.
01:10:49.123 INFO  [main] com.zaxxer.hikari.HikariDataSource - HikariPool-78 - Shutdown initiated...
01:10:49.127 INFO  [main] com.zaxxer.hikari.HikariDataSource - HikariPool-78 - Shutdown completed.
[NPBK] Preparing database: /tmp/junit287952686518262010/fund-delete
[NPBK] Flyway migration starting.
[NPBK] JDBC URL: jdbc:h2:file:/tmp/junit287952686518262010/fund-delete;MODE=PostgreSQL;DATABASE_TO_LOWER=TRUE;DEFAULT_NULL_ORDERING=HIGH;INIT=CREATE SCHEMA IF NOT EXISTS PUBLIC\;SET SCHEMA PUBLIC
01:10:49.140 INFO  [main] org.flywaydb.core.FlywayExecutor - Database: jdbc:h2:file:/tmp/junit287952686518262010/fund-delete (H2 2.2)
01:10:49.144 INFO  [main] o.f.c.i.s.JdbcTableSchemaHistory - Schema history table "public"."flyway_schema_history" does not exist yet
01:10:49.144 INFO  [main] o.f.core.internal.command.DbValidate - Successfully validated 26 migrations (execution time 00:00.003s)
01:10:49.144 INFO  [main] o.f.c.i.s.JdbcTableSchemaHistory - Creating Schema History table "public"."flyway_schema_history" ...
01:10:49.146 INFO  [main] o.f.core.internal.command.DbMigrate - Current version of schema "public": << Empty Schema >>
01:10:49.148 INFO  [main] o.f.core.internal.command.DbMigrate - Migrating schema "public" to version "1 - init"
01:10:49.153 INFO  [main] o.f.core.internal.command.DbMigrate - Migrating schema "public" to version "2 - schedule items"
01:10:49.155 INFO  [main] o.f.core.internal.command.DbMigrate - Migrating schema "public" to version "3 - subtype schedule defaults"
01:10:49.157 INFO  [main] o.f.core.internal.command.DbMigrate - Migrating schema "public" to version "4 - journal open item core"
01:10:49.158 INFO  [main] o.f.core.internal.command.DbMigrate - Migrating schema "public" to version "5 - open item concurrency and fks"
01:10:49.160 INFO  [main] o.f.core.internal.command.DbMigrate - Migrating schema "public" to version "6 - workflow run records"
01:10:49.168 INFO  [main] o.f.core.internal.command.DbMigrate - Migrating schema "public" to version "7 - workflow run status constraints"
01:10:49.169 INFO  [main] o.f.core.internal.command.DbMigrate - Migrating schema "public" to version "8 - approval audit records"
01:10:49.170 INFO  [main] o.f.core.internal.command.DbMigrate - Migrating schema "public" to version "45 - add budget category"
01:10:49.173 INFO  [main] o.f.core.internal.command.DbMigrate - Migrating schema "public" to version "46 - company user admin foundation"
01:10:49.176 INFO  [main] o.f.core.internal.command.DbMigrate - Migrating schema "public" to version "47 - accounting period and audit"
01:10:49.178 INFO  [main] o.f.core.internal.command.DbMigrate - Migrating schema "public" to version "48 - transaction corrections"
01:10:49.182 INFO  [main] o.f.core.internal.command.DbMigrate - Migrating schema "public" to version "49 - txn reconciliation protection"
01:10:49.183 INFO  [main] o.f.core.internal.command.DbMigrate - Migrating schema "public" to version "50 - budget plan and line"
01:10:49.186 INFO  [main] o.f.core.internal.command.DbMigrate - Migrating schema "public" to version "51 - bank import batch and statement line"
01:10:49.190 INFO  [main] o.f.core.internal.command.DbMigrate - Migrating schema "public" to version "52 - bank and configured bank account"
01:10:49.197 INFO  [main] o.f.core.internal.command.DbMigrate - Migrating schema "public" to version "53 - bank import review all rows"
01:10:49.198 INFO  [main] o.f.core.internal.command.DbMigrate - Migrating schema "public" to version "54 - txn split cleared state"
01:10:49.202 INFO  [main] o.f.core.internal.command.DbMigrate - Migrating schema "public" to version "55 - fixed assets and depreciation"
01:10:49.205 INFO  [main] o.f.core.internal.command.DbMigrate - Migrating schema "public" to version "56 - inventory items and movements"
01:10:49.208 INFO  [main] o.f.core.internal.command.DbMigrate - Migrating schema "public" to version "57 - bank reconciliation workspace"
01:10:49.210 INFO  [main] o.f.core.internal.command.DbMigrate - Migrating schema "public" to version "58 - txn supplemental lines"
01:10:49.211 INFO  [main] o.f.core.internal.command.DbMigrate - Migrating schema "public" to version "59 - company ui preferences and state"
01:10:49.212 INFO  [main] o.f.core.internal.command.DbMigrate - Migrating schema "public" to version "60 - period close ranges"
01:10:49.219 INFO  [main] o.f.core.internal.command.DbMigrate - Migrating schema "public" to version "61 - company ownership and interchange identity"
01:10:49.239 INFO  [main] o.f.core.internal.command.DbMigrate - Migrating schema "public" to version "62 - txn portable identity"
01:10:49.241 INFO  [main] o.f.core.internal.command.DbMigrate - Successfully applied 26 migrations to schema "public", now at version v62 (execution time 00:00.040s)
[NPBK] Flyway migration complete.
[NPBK] Creating JPA EntityManagerFactory for selected database.
01:10:49.311 INFO  [main] com.zaxxer.hikari.HikariDataSource - HikariPool-79 - Starting...
01:10:49.325 INFO  [main] com.zaxxer.hikari.HikariDataSource - HikariPool-79 - Start completed.
[NPBK] JPA EntityManagerFactory created for selected database.
01:10:49.513 INFO  [main] com.zaxxer.hikari.HikariDataSource - HikariPool-79 - Shutdown initiated...
01:10:49.517 INFO  [main] com.zaxxer.hikari.HikariDataSource - HikariPool-79 - Shutdown completed.
[NPBK] Preparing database: /tmp/junit9615874792001586955/fund-validation
[NPBK] Flyway migration starting.
[NPBK] JDBC URL: jdbc:h2:file:/tmp/junit9615874792001586955/fund-validation;MODE=PostgreSQL;DATABASE_TO_LOWER=TRUE;DEFAULT_NULL_ORDERING=HIGH;INIT=CREATE SCHEMA IF NOT EXISTS PUBLIC\;SET SCHEMA PUBLIC
01:10:49.528 INFO  [main] org.flywaydb.core.FlywayExecutor - Database: jdbc:h2:file:/tmp/junit9615874792001586955/fund-validation (H2 2.2)
01:10:49.532 INFO  [main] o.f.c.i.s.JdbcTableSchemaHistory - Schema history table "public"."flyway_schema_history" does not exist yet
01:10:49.532 INFO  [main] o.f.core.internal.command.DbValidate - Successfully validated 26 migrations (execution time 00:00.003s)
01:10:49.532 INFO  [main] o.f.c.i.s.JdbcTableSchemaHistory - Creating Schema History table "public"."flyway_schema_history" ...
01:10:49.534 INFO  [main] o.f.core.internal.command.DbMigrate - Current version of schema "public": << Empty Schema >>
01:10:49.536 INFO  [main] o.f.core.internal.command.DbMigrate - Migrating schema "public" to version "1 - init"
01:10:49.541 INFO  [main] o.f.core.internal.command.DbMigrate - Migrating schema "public" to version "2 - schedule items"
01:10:49.543 INFO  [main] o.f.core.internal.command.DbMigrate - Migrating schema "public" to version "3 - subtype schedule defaults"
01:10:49.544 INFO  [main] o.f.core.internal.command.DbMigrate - Migrating schema "public" to version "4 - journal open item core"
01:10:49.546 INFO  [main] o.f.core.internal.command.DbMigrate - Migrating schema "public" to version "5 - open item concurrency and fks"
01:10:49.548 INFO  [main] o.f.core.internal.command.DbMigrate - Migrating schema "public" to version "6 - workflow run records"
01:10:49.549 INFO  [main] o.f.core.internal.command.DbMigrate - Migrating schema "public" to version "7 - workflow run status constraints"
01:10:49.550 INFO  [main] o.f.core.internal.command.DbMigrate - Migrating schema "public" to version "8 - approval audit records"
01:10:49.551 INFO  [main] o.f.core.internal.command.DbMigrate - Migrating schema "public" to version "45 - add budget category"
01:10:49.555 INFO  [main] o.f.core.internal.command.DbMigrate - Migrating schema "public" to version "46 - company user admin foundation"
01:10:49.558 INFO  [main] o.f.core.internal.command.DbMigrate - Migrating schema "public" to version "47 - accounting period and audit"
01:10:49.560 INFO  [main] o.f.core.internal.command.DbMigrate - Migrating schema "public" to version "48 - transaction corrections"
01:10:49.564 INFO  [main] o.f.core.internal.command.DbMigrate - Migrating schema "public" to version "49 - txn reconciliation protection"
01:10:49.565 INFO  [main] o.f.core.internal.command.DbMigrate - Migrating schema "public" to version "50 - budget plan and line"
01:10:49.568 INFO  [main] o.f.core.internal.command.DbMigrate - Migrating schema "public" to version "51 - bank import batch and statement line"
01:10:49.572 INFO  [main] o.f.core.internal.command.DbMigrate - Migrating schema "public" to version "52 - bank and configured bank account"
01:10:49.580 INFO  [main] o.f.core.internal.command.DbMigrate - Migrating schema "public" to version "53 - bank import review all rows"
01:10:49.581 INFO  [main] o.f.core.internal.command.DbMigrate - Migrating schema "public" to version "54 - txn split cleared state"
01:10:49.587 INFO  [main] o.f.core.internal.command.DbMigrate - Migrating schema "public" to version "55 - fixed assets and depreciation"
01:10:49.590 INFO  [main] o.f.core.internal.command.DbMigrate - Migrating schema "public" to version "56 - inventory items and movements"
01:10:49.593 INFO  [main] o.f.core.internal.command.DbMigrate - Migrating schema "public" to version "57 - bank reconciliation workspace"
01:10:49.596 INFO  [main] o.f.core.internal.command.DbMigrate - Migrating schema "public" to version "58 - txn supplemental lines"
01:10:49.598 INFO  [main] o.f.core.internal.command.DbMigrate - Migrating schema "public" to version "59 - company ui preferences and state"
01:10:49.599 INFO  [main] o.f.core.internal.command.DbMigrate - Migrating schema "public" to version "60 - period close ranges"
01:10:49.606 INFO  [main] o.f.core.internal.command.DbMigrate - Migrating schema "public" to version "61 - company ownership and interchange identity"
01:10:49.622 INFO  [main] o.f.core.internal.command.DbMigrate - Migrating schema "public" to version "62 - txn portable identity"
01:10:49.626 INFO  [main] o.f.core.internal.command.DbMigrate - Successfully applied 26 migrations to schema "public", now at version v62 (execution time 00:00.042s)
[NPBK] Flyway migration complete.
[NPBK] Creating JPA EntityManagerFactory for selected database.
01:10:49.697 INFO  [main] com.zaxxer.hikari.HikariDataSource - HikariPool-80 - Starting...
01:10:49.709 INFO  [main] com.zaxxer.hikari.HikariDataSource - HikariPool-80 - Start completed.
[NPBK] JPA EntityManagerFactory created for selected database.
01:10:49.875 INFO  [main] com.zaxxer.hikari.HikariDataSource - HikariPool-80 - Shutdown initiated...
01:10:49.881 INFO  [main] com.zaxxer.hikari.HikariDataSource - HikariPool-80 - Shutdown completed.
[INFO] Tests run: 3, Failures: 0, Errors: 0, Skipped: 0, Time elapsed: 1.149 s -- in org.nonprofitbookkeeping.service.FundAdminServiceLifecycleTest
[INFO] Running org.nonprofitbookkeeping.service.InventoryServiceTest
[NPBK] Preparing database: /tmp/junit47015899048373544/inventory-create
[NPBK] Flyway migration starting.
[NPBK] JDBC URL: jdbc:h2:file:/tmp/junit47015899048373544/inventory-create;MODE=PostgreSQL;DATABASE_TO_LOWER=TRUE;DEFAULT_NULL_ORDERING=HIGH;INIT=CREATE SCHEMA IF NOT EXISTS PUBLIC\;SET SCHEMA PUBLIC
01:10:49.907 INFO  [main] org.flywaydb.core.FlywayExecutor - Database: jdbc:h2:file:/tmp/junit47015899048373544/inventory-create (H2 2.2)
01:10:49.911 INFO  [main] o.f.c.i.s.JdbcTableSchemaHistory - Schema history table "public"."flyway_schema_history" does not exist yet
01:10:49.911 INFO  [main] o.f.core.internal.command.DbValidate - Successfully validated 26 migrations (execution time 00:00.003s)
01:10:49.911 INFO  [main] o.f.c.i.s.JdbcTableSchemaHistory - Creating Schema History table "public"."flyway_schema_history" ...
01:10:49.912 INFO  [main] o.f.core.internal.command.DbMigrate - Current version of schema "public": << Empty Schema >>
01:10:49.915 INFO  [main] o.f.core.internal.command.DbMigrate - Migrating schema "public" to version "1 - init"
01:10:49.921 INFO  [main] o.f.core.internal.command.DbMigrate - Migrating schema "public" to version "2 - schedule items"
01:10:49.923 INFO  [main] o.f.core.internal.command.DbMigrate - Migrating schema "public" to version "3 - subtype schedule defaults"
01:10:49.924 INFO  [main] o.f.core.internal.command.DbMigrate - Migrating schema "public" to version "4 - journal open item core"
01:10:49.926 INFO  [main] o.f.core.internal.command.DbMigrate - Migrating schema "public" to version "5 - open item concurrency and fks"
01:10:49.927 INFO  [main] o.f.core.internal.command.DbMigrate - Migrating schema "public" to version "6 - workflow run records"
01:10:49.928 INFO  [main] o.f.core.internal.command.DbMigrate - Migrating schema "public" to version "7 - workflow run status constraints"
01:10:49.929 INFO  [main] o.f.core.internal.command.DbMigrate - Migrating schema "public" to version "8 - approval audit records"
01:10:49.930 INFO  [main] o.f.core.internal.command.DbMigrate - Migrating schema "public" to version "45 - add budget category"
01:10:49.934 INFO  [main] o.f.core.internal.command.DbMigrate - Migrating schema "public" to version "46 - company user admin foundation"
01:10:49.937 INFO  [main] o.f.core.internal.command.DbMigrate - Migrating schema "public" to version "47 - accounting period and audit"
01:10:49.939 INFO  [main] o.f.core.internal.command.DbMigrate - Migrating schema "public" to version "48 - transaction corrections"
01:10:49.945 INFO  [main] o.f.core.internal.command.DbMigrate - Migrating schema "public" to version "49 - txn reconciliation protection"
01:10:49.946 INFO  [main] o.f.core.internal.command.DbMigrate - Migrating schema "public" to version "50 - budget plan and line"
01:10:49.949 INFO  [main] o.f.core.internal.command.DbMigrate - Migrating schema "public" to version "51 - bank import batch and statement line"
01:10:49.953 INFO  [main] o.f.core.internal.command.DbMigrate - Migrating schema "public" to version "52 - bank and configured bank account"
01:10:49.960 INFO  [main] o.f.core.internal.command.DbMigrate - Migrating schema "public" to version "53 - bank import review all rows"
01:10:49.961 INFO  [main] o.f.core.internal.command.DbMigrate - Migrating schema "public" to version "54 - txn split cleared state"
01:10:49.966 INFO  [main] o.f.core.internal.command.DbMigrate - Migrating schema "public" to version "55 - fixed assets and depreciation"
01:10:49.973 INFO  [main] o.f.core.internal.command.DbMigrate - Migrating schema "public" to version "56 - inventory items and movements"
01:10:49.976 INFO  [main] o.f.core.internal.command.DbMigrate - Migrating schema "public" to version "57 - bank reconciliation workspace"
01:10:49.978 INFO  [main] o.f.core.internal.command.DbMigrate - Migrating schema "public" to version "58 - txn supplemental lines"
01:10:49.980 INFO  [main] o.f.core.internal.command.DbMigrate - Migrating schema "public" to version "59 - company ui preferences and state"
01:10:49.981 INFO  [main] o.f.core.internal.command.DbMigrate - Migrating schema "public" to version "60 - period close ranges"
01:10:49.988 INFO  [main] o.f.core.internal.command.DbMigrate - Migrating schema "public" to version "61 - company ownership and interchange identity"
01:10:50.003 INFO  [main] o.f.core.internal.command.DbMigrate - Migrating schema "public" to version "62 - txn portable identity"
01:10:50.005 INFO  [main] o.f.core.internal.command.DbMigrate - Successfully applied 26 migrations to schema "public", now at version v62 (execution time 00:00.041s)
[NPBK] Flyway migration complete.
[NPBK] Creating JPA EntityManagerFactory for selected database.
01:10:50.062 INFO  [main] com.zaxxer.hikari.HikariDataSource - HikariPool-81 - Starting...
01:10:50.073 INFO  [main] com.zaxxer.hikari.HikariDataSource - HikariPool-81 - Start completed.
[NPBK] JPA EntityManagerFactory created for selected database.
01:10:50.232 INFO  [main] com.zaxxer.hikari.HikariDataSource - HikariPool-81 - Shutdown initiated...
01:10:50.235 INFO  [main] com.zaxxer.hikari.HikariDataSource - HikariPool-81 - Shutdown completed.
[NPBK] Preparing database: /tmp/junit11787688429112478665/inventory-validation
[NPBK] Flyway migration starting.
[NPBK] JDBC URL: jdbc:h2:file:/tmp/junit11787688429112478665/inventory-validation;MODE=PostgreSQL;DATABASE_TO_LOWER=TRUE;DEFAULT_NULL_ORDERING=HIGH;INIT=CREATE SCHEMA IF NOT EXISTS PUBLIC\;SET SCHEMA PUBLIC
01:10:50.248 INFO  [main] org.flywaydb.core.FlywayExecutor - Database: jdbc:h2:file:/tmp/junit11787688429112478665/inventory-validation (H2 2.2)
01:10:50.252 INFO  [main] o.f.c.i.s.JdbcTableSchemaHistory - Schema history table "public"."flyway_schema_history" does not exist yet
01:10:50.252 INFO  [main] o.f.core.internal.command.DbValidate - Successfully validated 26 migrations (execution time 00:00.003s)
01:10:50.252 INFO  [main] o.f.c.i.s.JdbcTableSchemaHistory - Creating Schema History table "public"."flyway_schema_history" ...
01:10:50.253 INFO  [main] o.f.core.internal.command.DbMigrate - Current version of schema "public": << Empty Schema >>
01:10:50.256 INFO  [main] o.f.core.internal.command.DbMigrate - Migrating schema "public" to version "1 - init"
01:10:50.260 INFO  [main] o.f.core.internal.command.DbMigrate - Migrating schema "public" to version "2 - schedule items"
01:10:50.262 INFO  [main] o.f.core.internal.command.DbMigrate - Migrating schema "public" to version "3 - subtype schedule defaults"
01:10:50.264 INFO  [main] o.f.core.internal.command.DbMigrate - Migrating schema "public" to version "4 - journal open item core"
01:10:50.265 INFO  [main] o.f.core.internal.command.DbMigrate - Migrating schema "public" to version "5 - open item concurrency and fks"
01:10:50.267 INFO  [main] o.f.core.internal.command.DbMigrate - Migrating schema "public" to version "6 - workflow run records"
01:10:50.268 INFO  [main] o.f.core.internal.command.DbMigrate - Migrating schema "public" to version "7 - workflow run status constraints"
01:10:50.269 INFO  [main] o.f.core.internal.command.DbMigrate - Migrating schema "public" to version "8 - approval audit records"
01:10:50.270 INFO  [main] o.f.core.internal.command.DbMigrate - Migrating schema "public" to version "45 - add budget category"
01:10:50.273 INFO  [main] o.f.core.internal.command.DbMigrate - Migrating schema "public" to version "46 - company user admin foundation"
01:10:50.276 INFO  [main] o.f.core.internal.command.DbMigrate - Migrating schema "public" to version "47 - accounting period and audit"
01:10:50.278 INFO  [main] o.f.core.internal.command.DbMigrate - Migrating schema "public" to version "48 - transaction corrections"
01:10:50.282 INFO  [main] o.f.core.internal.command.DbMigrate - Migrating schema "public" to version "49 - txn reconciliation protection"
01:10:50.284 INFO  [main] o.f.core.internal.command.DbMigrate - Migrating schema "public" to version "50 - budget plan and line"
01:10:50.286 INFO  [main] o.f.core.internal.command.DbMigrate - Migrating schema "public" to version "51 - bank import batch and statement line"
01:10:50.290 INFO  [main] o.f.core.internal.command.DbMigrate - Migrating schema "public" to version "52 - bank and configured bank account"
01:10:50.298 INFO  [main] o.f.core.internal.command.DbMigrate - Migrating schema "public" to version "53 - bank import review all rows"
01:10:50.299 INFO  [main] o.f.core.internal.command.DbMigrate - Migrating schema "public" to version "54 - txn split cleared state"
01:10:50.304 INFO  [main] o.f.core.internal.command.DbMigrate - Migrating schema "public" to version "55 - fixed assets and depreciation"
01:10:50.308 INFO  [main] o.f.core.internal.command.DbMigrate - Migrating schema "public" to version "56 - inventory items and movements"
01:10:50.310 INFO  [main] o.f.core.internal.command.DbMigrate - Migrating schema "public" to version "57 - bank reconciliation workspace"
01:10:50.313 INFO  [main] o.f.core.internal.command.DbMigrate - Migrating schema "public" to version "58 - txn supplemental lines"
01:10:50.314 INFO  [main] o.f.core.internal.command.DbMigrate - Migrating schema "public" to version "59 - company ui preferences and state"
01:10:50.316 INFO  [main] o.f.core.internal.command.DbMigrate - Migrating schema "public" to version "60 - period close ranges"
01:10:50.323 INFO  [main] o.f.core.internal.command.DbMigrate - Migrating schema "public" to version "61 - company ownership and interchange identity"
01:10:50.339 INFO  [main] o.f.core.internal.command.DbMigrate - Migrating schema "public" to version "62 - txn portable identity"
01:10:50.342 INFO  [main] o.f.core.internal.command.DbMigrate - Successfully applied 26 migrations to schema "public", now at version v62 (execution time 00:00.039s)
[NPBK] Flyway migration complete.
[NPBK] Creating JPA EntityManagerFactory for selected database.
01:10:50.414 INFO  [main] com.zaxxer.hikari.HikariDataSource - HikariPool-82 - Starting...
01:10:50.428 INFO  [main] com.zaxxer.hikari.HikariDataSource - HikariPool-82 - Start completed.
[NPBK] JPA EntityManagerFactory created for selected database.
01:10:50.597 INFO  [main] com.zaxxer.hikari.HikariDataSource - HikariPool-82 - Shutdown initiated...
01:10:50.601 INFO  [main] com.zaxxer.hikari.HikariDataSource - HikariPool-82 - Shutdown completed.
[NPBK] Preparing database: /tmp/junit14884496095477144656/inventory-negative
[NPBK] Flyway migration starting.
[NPBK] JDBC URL: jdbc:h2:file:/tmp/junit14884496095477144656/inventory-negative;MODE=PostgreSQL;DATABASE_TO_LOWER=TRUE;DEFAULT_NULL_ORDERING=HIGH;INIT=CREATE SCHEMA IF NOT EXISTS PUBLIC\;SET SCHEMA PUBLIC
01:10:50.615 INFO  [main] org.flywaydb.core.FlywayExecutor - Database: jdbc:h2:file:/tmp/junit14884496095477144656/inventory-negative (H2 2.2)
01:10:50.619 INFO  [main] o.f.c.i.s.JdbcTableSchemaHistory - Schema history table "public"."flyway_schema_history" does not exist yet
01:10:50.620 INFO  [main] o.f.core.internal.command.DbValidate - Successfully validated 26 migrations (execution time 00:00.003s)
01:10:50.621 INFO  [main] o.f.c.i.s.JdbcTableSchemaHistory - Creating Schema History table "public"."flyway_schema_history" ...
01:10:50.623 INFO  [main] o.f.core.internal.command.DbMigrate - Current version of schema "public": << Empty Schema >>
01:10:50.625 INFO  [main] o.f.core.internal.command.DbMigrate - Migrating schema "public" to version "1 - init"
01:10:50.630 INFO  [main] o.f.core.internal.command.DbMigrate - Migrating schema "public" to version "2 - schedule items"
01:10:50.632 INFO  [main] o.f.core.internal.command.DbMigrate - Migrating schema "public" to version "3 - subtype schedule defaults"
01:10:50.633 INFO  [main] o.f.core.internal.command.DbMigrate - Migrating schema "public" to version "4 - journal open item core"
01:10:50.635 INFO  [main] o.f.core.internal.command.DbMigrate - Migrating schema "public" to version "5 - open item concurrency and fks"
01:10:50.637 INFO  [main] o.f.core.internal.command.DbMigrate - Migrating schema "public" to version "6 - workflow run records"
01:10:50.638 INFO  [main] o.f.core.internal.command.DbMigrate - Migrating schema "public" to version "7 - workflow run status constraints"
01:10:50.638 INFO  [main] o.f.core.internal.command.DbMigrate - Migrating schema "public" to version "8 - approval audit records"
01:10:50.640 INFO  [main] o.f.core.internal.command.DbMigrate - Migrating schema "public" to version "45 - add budget category"
01:10:50.643 INFO  [main] o.f.core.internal.command.DbMigrate - Migrating schema "public" to version "46 - company user admin foundation"
01:10:50.646 INFO  [main] o.f.core.internal.command.DbMigrate - Migrating schema "public" to version "47 - accounting period and audit"
01:10:50.648 INFO  [main] o.f.core.internal.command.DbMigrate - Migrating schema "public" to version "48 - transaction corrections"
01:10:50.652 INFO  [main] o.f.core.internal.command.DbMigrate - Migrating schema "public" to version "49 - txn reconciliation protection"
01:10:50.654 INFO  [main] o.f.core.internal.command.DbMigrate - Migrating schema "public" to version "50 - budget plan and line"
01:10:50.657 INFO  [main] o.f.core.internal.command.DbMigrate - Migrating schema "public" to version "51 - bank import batch and statement line"
01:10:50.660 INFO  [main] o.f.core.internal.command.DbMigrate - Migrating schema "public" to version "52 - bank and configured bank account"
01:10:50.667 INFO  [main] o.f.core.internal.command.DbMigrate - Migrating schema "public" to version "53 - bank import review all rows"
01:10:50.668 INFO  [main] o.f.core.internal.command.DbMigrate - Migrating schema "public" to version "54 - txn split cleared state"
01:10:50.674 INFO  [main] o.f.core.internal.command.DbMigrate - Migrating schema "public" to version "55 - fixed assets and depreciation"
01:10:50.677 INFO  [main] o.f.core.internal.command.DbMigrate - Migrating schema "public" to version "56 - inventory items and movements"
01:10:50.679 INFO  [main] o.f.core.internal.command.DbMigrate - Migrating schema "public" to version "57 - bank reconciliation workspace"
01:10:50.682 INFO  [main] o.f.core.internal.command.DbMigrate - Migrating schema "public" to version "58 - txn supplemental lines"
01:10:50.683 INFO  [main] o.f.core.internal.command.DbMigrate - Migrating schema "public" to version "59 - company ui preferences and state"
01:10:50.685 INFO  [main] o.f.core.internal.command.DbMigrate - Migrating schema "public" to version "60 - period close ranges"
01:10:50.691 INFO  [main] o.f.core.internal.command.DbMigrate - Migrating schema "public" to version "61 - company ownership and interchange identity"
01:10:50.706 INFO  [main] o.f.core.internal.command.DbMigrate - Migrating schema "public" to version "62 - txn portable identity"
01:10:50.709 INFO  [main] o.f.core.internal.command.DbMigrate - Successfully applied 26 migrations to schema "public", now at version v62 (execution time 00:00.040s)
[NPBK] Flyway migration complete.
[NPBK] Creating JPA EntityManagerFactory for selected database.
01:10:50.782 INFO  [main] com.zaxxer.hikari.HikariDataSource - HikariPool-83 - Starting...
01:10:50.794 INFO  [main] com.zaxxer.hikari.HikariDataSource - HikariPool-83 - Start completed.
[NPBK] JPA EntityManagerFactory created for selected database.
01:10:50.956 INFO  [main] com.zaxxer.hikari.HikariDataSource - HikariPool-83 - Shutdown initiated...
01:10:50.960 INFO  [main] com.zaxxer.hikari.HikariDataSource - HikariPool-83 - Shutdown completed.
[NPBK] Preparing database: /tmp/junit7407674189602384580/inventory-movement
[NPBK] Flyway migration starting.
[NPBK] JDBC URL: jdbc:h2:file:/tmp/junit7407674189602384580/inventory-movement;MODE=PostgreSQL;DATABASE_TO_LOWER=TRUE;DEFAULT_NULL_ORDERING=HIGH;INIT=CREATE SCHEMA IF NOT EXISTS PUBLIC\;SET SCHEMA PUBLIC
01:10:50.972 INFO  [main] org.flywaydb.core.FlywayExecutor - Database: jdbc:h2:file:/tmp/junit7407674189602384580/inventory-movement (H2 2.2)
01:10:50.976 INFO  [main] o.f.c.i.s.JdbcTableSchemaHistory - Schema history table "public"."flyway_schema_history" does not exist yet
01:10:50.976 INFO  [main] o.f.core.internal.command.DbValidate - Successfully validated 26 migrations (execution time 00:00.003s)
01:10:50.976 INFO  [main] o.f.c.i.s.JdbcTableSchemaHistory - Creating Schema History table "public"."flyway_schema_history" ...
01:10:50.978 INFO  [main] o.f.core.internal.command.DbMigrate - Current version of schema "public": << Empty Schema >>
01:10:50.980 INFO  [main] o.f.core.internal.command.DbMigrate - Migrating schema "public" to version "1 - init"
01:10:50.985 INFO  [main] o.f.core.internal.command.DbMigrate - Migrating schema "public" to version "2 - schedule items"
01:10:50.986 INFO  [main] o.f.core.internal.command.DbMigrate - Migrating schema "public" to version "3 - subtype schedule defaults"
01:10:50.988 INFO  [main] o.f.core.internal.command.DbMigrate - Migrating schema "public" to version "4 - journal open item core"
01:10:50.989 INFO  [main] o.f.core.internal.command.DbMigrate - Migrating schema "public" to version "5 - open item concurrency and fks"
01:10:50.991 INFO  [main] o.f.core.internal.command.DbMigrate - Migrating schema "public" to version "6 - workflow run records"
01:10:50.992 INFO  [main] o.f.core.internal.command.DbMigrate - Migrating schema "public" to version "7 - workflow run status constraints"
01:10:50.992 INFO  [main] o.f.core.internal.command.DbMigrate - Migrating schema "public" to version "8 - approval audit records"
01:10:50.993 INFO  [main] o.f.core.internal.command.DbMigrate - Migrating schema "public" to version "45 - add budget category"
01:10:50.997 INFO  [main] o.f.core.internal.command.DbMigrate - Migrating schema "public" to version "46 - company user admin foundation"
01:10:51.000 INFO  [main] o.f.core.internal.command.DbMigrate - Migrating schema "public" to version "47 - accounting period and audit"
01:10:51.001 INFO  [main] o.f.core.internal.command.DbMigrate - Migrating schema "public" to version "48 - transaction corrections"
01:10:51.005 INFO  [main] o.f.core.internal.command.DbMigrate - Migrating schema "public" to version "49 - txn reconciliation protection"
01:10:51.006 INFO  [main] o.f.core.internal.command.DbMigrate - Migrating schema "public" to version "50 - budget plan and line"
01:10:51.009 INFO  [main] o.f.core.internal.command.DbMigrate - Migrating schema "public" to version "51 - bank import batch and statement line"
01:10:51.012 INFO  [main] o.f.core.internal.command.DbMigrate - Migrating schema "public" to version "52 - bank and configured bank account"
01:10:51.019 INFO  [main] o.f.core.internal.command.DbMigrate - Migrating schema "public" to version "53 - bank import review all rows"
01:10:51.020 INFO  [main] o.f.core.internal.command.DbMigrate - Migrating schema "public" to version "54 - txn split cleared state"
01:10:51.025 INFO  [main] o.f.core.internal.command.DbMigrate - Migrating schema "public" to version "55 - fixed assets and depreciation"
01:10:51.027 INFO  [main] o.f.core.internal.command.DbMigrate - Migrating schema "public" to version "56 - inventory items and movements"
01:10:51.029 INFO  [main] o.f.core.internal.command.DbMigrate - Migrating schema "public" to version "57 - bank reconciliation workspace"
01:10:51.031 INFO  [main] o.f.core.internal.command.DbMigrate - Migrating schema "public" to version "58 - txn supplemental lines"
01:10:51.033 INFO  [main] o.f.core.internal.command.DbMigrate - Migrating schema "public" to version "59 - company ui preferences and state"
01:10:51.034 INFO  [main] o.f.core.internal.command.DbMigrate - Migrating schema "public" to version "60 - period close ranges"
01:10:51.041 INFO  [main] o.f.core.internal.command.DbMigrate - Migrating schema "public" to version "61 - company ownership and interchange identity"
01:10:51.061 INFO  [main] o.f.core.internal.command.DbMigrate - Migrating schema "public" to version "62 - txn portable identity"
01:10:51.064 INFO  [main] o.f.core.internal.command.DbMigrate - Successfully applied 26 migrations to schema "public", now at version v62 (execution time 00:00.035s)
[NPBK] Flyway migration complete.
[NPBK] Creating JPA EntityManagerFactory for selected database.
01:10:51.133 INFO  [main] com.zaxxer.hikari.HikariDataSource - HikariPool-84 - Starting...
01:10:51.145 INFO  [main] com.zaxxer.hikari.HikariDataSource - HikariPool-84 - Start completed.
[NPBK] JPA EntityManagerFactory created for selected database.
01:10:51.317 INFO  [main] com.zaxxer.hikari.HikariDataSource - HikariPool-84 - Shutdown initiated...
01:10:51.325 INFO  [main] com.zaxxer.hikari.HikariDataSource - HikariPool-84 - Shutdown completed.
[INFO] Tests run: 4, Failures: 0, Errors: 0, Skipped: 0, Time elapsed: 1.443 s -- in org.nonprofitbookkeeping.service.InventoryServiceTest
[INFO] Running org.nonprofitbookkeeping.service.DiagnosticsQueryServiceTest
[INFO] Tests run: 2, Failures: 0, Errors: 0, Skipped: 0, Time elapsed: 0.008 s -- in org.nonprofitbookkeeping.service.DiagnosticsQueryServiceTest
[INFO] Running org.nonprofitbookkeeping.service.AccountingPeriodReopenPolicyTest
[NPBK] Preparing database: /tmp/junit16322513568774554600/reopen-reason-setting
[NPBK] Flyway migration starting.
[NPBK] JDBC URL: jdbc:h2:file:/tmp/junit16322513568774554600/reopen-reason-setting;MODE=PostgreSQL;DATABASE_TO_LOWER=TRUE;DEFAULT_NULL_ORDERING=HIGH;INIT=CREATE SCHEMA IF NOT EXISTS PUBLIC\;SET SCHEMA PUBLIC
01:10:51.346 INFO  [main] org.flywaydb.core.FlywayExecutor - Database: jdbc:h2:file:/tmp/junit16322513568774554600/reopen-reason-setting (H2 2.2)
01:10:51.350 INFO  [main] o.f.c.i.s.JdbcTableSchemaHistory - Schema history table "public"."flyway_schema_history" does not exist yet
01:10:51.350 INFO  [main] o.f.core.internal.command.DbValidate - Successfully validated 26 migrations (execution time 00:00.003s)
01:10:51.350 INFO  [main] o.f.c.i.s.JdbcTableSchemaHistory - Creating Schema History table "public"."flyway_schema_history" ...
01:10:51.352 INFO  [main] o.f.core.internal.command.DbMigrate - Current version of schema "public": << Empty Schema >>
01:10:51.354 INFO  [main] o.f.core.internal.command.DbMigrate - Migrating schema "public" to version "1 - init"
01:10:51.360 INFO  [main] o.f.core.internal.command.DbMigrate - Migrating schema "public" to version "2 - schedule items"
01:10:51.361 INFO  [main] o.f.core.internal.command.DbMigrate - Migrating schema "public" to version "3 - subtype schedule defaults"
01:10:51.363 INFO  [main] o.f.core.internal.command.DbMigrate - Migrating schema "public" to version "4 - journal open item core"
01:10:51.364 INFO  [main] o.f.core.internal.command.DbMigrate - Migrating schema "public" to version "5 - open item concurrency and fks"
01:10:51.366 INFO  [main] o.f.core.internal.command.DbMigrate - Migrating schema "public" to version "6 - workflow run records"
01:10:51.367 INFO  [main] o.f.core.internal.command.DbMigrate - Migrating schema "public" to version "7 - workflow run status constraints"
01:10:51.368 INFO  [main] o.f.core.internal.command.DbMigrate - Migrating schema "public" to version "8 - approval audit records"
01:10:51.369 INFO  [main] o.f.core.internal.command.DbMigrate - Migrating schema "public" to version "45 - add budget category"
01:10:51.373 INFO  [main] o.f.core.internal.command.DbMigrate - Migrating schema "public" to version "46 - company user admin foundation"
01:10:51.376 INFO  [main] o.f.core.internal.command.DbMigrate - Migrating schema "public" to version "47 - accounting period and audit"
01:10:51.377 INFO  [main] o.f.core.internal.command.DbMigrate - Migrating schema "public" to version "48 - transaction corrections"
01:10:51.381 INFO  [main] o.f.core.internal.command.DbMigrate - Migrating schema "public" to version "49 - txn reconciliation protection"
01:10:51.383 INFO  [main] o.f.core.internal.command.DbMigrate - Migrating schema "public" to version "50 - budget plan and line"
01:10:51.386 INFO  [main] o.f.core.internal.command.DbMigrate - Migrating schema "public" to version "51 - bank import batch and statement line"
01:10:51.389 INFO  [main] o.f.core.internal.command.DbMigrate - Migrating schema "public" to version "52 - bank and configured bank account"
01:10:51.396 INFO  [main] o.f.core.internal.command.DbMigrate - Migrating schema "public" to version "53 - bank import review all rows"
01:10:51.398 INFO  [main] o.f.core.internal.command.DbMigrate - Migrating schema "public" to version "54 - txn split cleared state"
01:10:51.401 INFO  [main] o.f.core.internal.command.DbMigrate - Migrating schema "public" to version "55 - fixed assets and depreciation"
01:10:51.403 INFO  [main] o.f.core.internal.command.DbMigrate - Migrating schema "public" to version "56 - inventory items and movements"
01:10:51.406 INFO  [main] o.f.core.internal.command.DbMigrate - Migrating schema "public" to version "57 - bank reconciliation workspace"
01:10:51.409 INFO  [main] o.f.core.internal.command.DbMigrate - Migrating schema "public" to version "58 - txn supplemental lines"
01:10:51.410 INFO  [main] o.f.core.internal.command.DbMigrate - Migrating schema "public" to version "59 - company ui preferences and state"
01:10:51.412 INFO  [main] o.f.core.internal.command.DbMigrate - Migrating schema "public" to version "60 - period close ranges"
01:10:51.419 INFO  [main] o.f.core.internal.command.DbMigrate - Migrating schema "public" to version "61 - company ownership and interchange identity"
01:10:51.434 INFO  [main] o.f.core.internal.command.DbMigrate - Migrating schema "public" to version "62 - txn portable identity"
01:10:51.436 INFO  [main] o.f.core.internal.command.DbMigrate - Successfully applied 26 migrations to schema "public", now at version v62 (execution time 00:00.037s)
[NPBK] Flyway migration complete.
[NPBK] Creating JPA EntityManagerFactory for selected database.
01:10:51.495 INFO  [main] com.zaxxer.hikari.HikariDataSource - HikariPool-85 - Starting...
01:10:51.503 INFO  [main] com.zaxxer.hikari.HikariDataSource - HikariPool-85 - Start completed.
[NPBK] JPA EntityManagerFactory created for selected database.
01:10:51.644 INFO  [main] com.zaxxer.hikari.HikariDataSource - HikariPool-85 - Shutdown initiated...
01:10:51.647 INFO  [main] com.zaxxer.hikari.HikariDataSource - HikariPool-85 - Shutdown completed.
[NPBK] Preparing database: /tmp/junit17907751747702772400/formal-adjustment
[NPBK] Flyway migration starting.
[NPBK] JDBC URL: jdbc:h2:file:/tmp/junit17907751747702772400/formal-adjustment;MODE=PostgreSQL;DATABASE_TO_LOWER=TRUE;DEFAULT_NULL_ORDERING=HIGH;INIT=CREATE SCHEMA IF NOT EXISTS PUBLIC\;SET SCHEMA PUBLIC
01:10:51.659 INFO  [main] org.flywaydb.core.FlywayExecutor - Database: jdbc:h2:file:/tmp/junit17907751747702772400/formal-adjustment (H2 2.2)
01:10:51.663 INFO  [main] o.f.c.i.s.JdbcTableSchemaHistory - Schema history table "public"."flyway_schema_history" does not exist yet
01:10:51.663 INFO  [main] o.f.core.internal.command.DbValidate - Successfully validated 26 migrations (execution time 00:00.003s)
01:10:51.663 INFO  [main] o.f.c.i.s.JdbcTableSchemaHistory - Creating Schema History table "public"."flyway_schema_history" ...
01:10:51.665 INFO  [main] o.f.core.internal.command.DbMigrate - Current version of schema "public": << Empty Schema >>
01:10:51.667 INFO  [main] o.f.core.internal.command.DbMigrate - Migrating schema "public" to version "1 - init"
01:10:51.673 INFO  [main] o.f.core.internal.command.DbMigrate - Migrating schema "public" to version "2 - schedule items"
01:10:51.674 INFO  [main] o.f.core.internal.command.DbMigrate - Migrating schema "public" to version "3 - subtype schedule defaults"
01:10:51.675 INFO  [main] o.f.core.internal.command.DbMigrate - Migrating schema "public" to version "4 - journal open item core"
01:10:51.676 INFO  [main] o.f.core.internal.command.DbMigrate - Migrating schema "public" to version "5 - open item concurrency and fks"
01:10:51.685 INFO  [main] o.f.core.internal.command.DbMigrate - Migrating schema "public" to version "6 - workflow run records"
01:10:51.686 INFO  [main] o.f.core.internal.command.DbMigrate - Migrating schema "public" to version "7 - workflow run status constraints"
01:10:51.686 INFO  [main] o.f.core.internal.command.DbMigrate - Migrating schema "public" to version "8 - approval audit records"
01:10:51.687 INFO  [main] o.f.core.internal.command.DbMigrate - Migrating schema "public" to version "45 - add budget category"
01:10:51.689 INFO  [main] o.f.core.internal.command.DbMigrate - Migrating schema "public" to version "46 - company user admin foundation"
01:10:51.691 INFO  [main] o.f.core.internal.command.DbMigrate - Migrating schema "public" to version "47 - accounting period and audit"
01:10:51.692 INFO  [main] o.f.core.internal.command.DbMigrate - Migrating schema "public" to version "48 - transaction corrections"
01:10:51.696 INFO  [main] o.f.core.internal.command.DbMigrate - Migrating schema "public" to version "49 - txn reconciliation protection"
01:10:51.697 INFO  [main] o.f.core.internal.command.DbMigrate - Migrating schema "public" to version "50 - budget plan and line"
01:10:51.701 INFO  [main] o.f.core.internal.command.DbMigrate - Migrating schema "public" to version "51 - bank import batch and statement line"
01:10:51.704 INFO  [main] o.f.core.internal.command.DbMigrate - Migrating schema "public" to version "52 - bank and configured bank account"
01:10:51.711 INFO  [main] o.f.core.internal.command.DbMigrate - Migrating schema "public" to version "53 - bank import review all rows"
01:10:51.712 INFO  [main] o.f.core.internal.command.DbMigrate - Migrating schema "public" to version "54 - txn split cleared state"
01:10:51.717 INFO  [main] o.f.core.internal.command.DbMigrate - Migrating schema "public" to version "55 - fixed assets and depreciation"
01:10:51.720 INFO  [main] o.f.core.internal.command.DbMigrate - Migrating schema "public" to version "56 - inventory items and movements"
01:10:51.723 INFO  [main] o.f.core.internal.command.DbMigrate - Migrating schema "public" to version "57 - bank reconciliation workspace"
01:10:51.725 INFO  [main] o.f.core.internal.command.DbMigrate - Migrating schema "public" to version "58 - txn supplemental lines"
01:10:51.727 INFO  [main] o.f.core.internal.command.DbMigrate - Migrating schema "public" to version "59 - company ui preferences and state"
01:10:51.728 INFO  [main] o.f.core.internal.command.DbMigrate - Migrating schema "public" to version "60 - period close ranges"
01:10:51.735 INFO  [main] o.f.core.internal.command.DbMigrate - Migrating schema "public" to version "61 - company ownership and interchange identity"
01:10:51.750 INFO  [main] o.f.core.internal.command.DbMigrate - Migrating schema "public" to version "62 - txn portable identity"
01:10:51.753 INFO  [main] o.f.core.internal.command.DbMigrate - Successfully applied 26 migrations to schema "public", now at version v62 (execution time 00:00.044s)
[NPBK] Flyway migration complete.
[NPBK] Creating JPA EntityManagerFactory for selected database.
01:10:51.818 INFO  [main] com.zaxxer.hikari.HikariDataSource - HikariPool-86 - Starting...
01:10:51.831 INFO  [main] com.zaxxer.hikari.HikariDataSource - HikariPool-86 - Start completed.
[NPBK] JPA EntityManagerFactory created for selected database.
01:10:52.011 INFO  [main] com.zaxxer.hikari.HikariDataSource - HikariPool-86 - Shutdown initiated...
01:10:52.015 INFO  [main] com.zaxxer.hikari.HikariDataSource - HikariPool-86 - Shutdown completed.
[NPBK] Preparing database: /tmp/junit5099022006513679010/reopen-warning
[NPBK] Flyway migration starting.
[NPBK] JDBC URL: jdbc:h2:file:/tmp/junit5099022006513679010/reopen-warning;MODE=PostgreSQL;DATABASE_TO_LOWER=TRUE;DEFAULT_NULL_ORDERING=HIGH;INIT=CREATE SCHEMA IF NOT EXISTS PUBLIC\;SET SCHEMA PUBLIC
01:10:52.027 INFO  [main] org.flywaydb.core.FlywayExecutor - Database: jdbc:h2:file:/tmp/junit5099022006513679010/reopen-warning (H2 2.2)
01:10:52.030 INFO  [main] o.f.c.i.s.JdbcTableSchemaHistory - Schema history table "public"."flyway_schema_history" does not exist yet
01:10:52.031 INFO  [main] o.f.core.internal.command.DbValidate - Successfully validated 26 migrations (execution time 00:00.003s)
01:10:52.031 INFO  [main] o.f.c.i.s.JdbcTableSchemaHistory - Creating Schema History table "public"."flyway_schema_history" ...
01:10:52.032 INFO  [main] o.f.core.internal.command.DbMigrate - Current version of schema "public": << Empty Schema >>
01:10:52.034 INFO  [main] o.f.core.internal.command.DbMigrate - Migrating schema "public" to version "1 - init"
01:10:52.039 INFO  [main] o.f.core.internal.command.DbMigrate - Migrating schema "public" to version "2 - schedule items"
01:10:52.041 INFO  [main] o.f.core.internal.command.DbMigrate - Migrating schema "public" to version "3 - subtype schedule defaults"
01:10:52.043 INFO  [main] o.f.core.internal.command.DbMigrate - Migrating schema "public" to version "4 - journal open item core"
01:10:52.045 INFO  [main] o.f.core.internal.command.DbMigrate - Migrating schema "public" to version "5 - open item concurrency and fks"
01:10:52.047 INFO  [main] o.f.core.internal.command.DbMigrate - Migrating schema "public" to version "6 - workflow run records"
01:10:52.048 INFO  [main] o.f.core.internal.command.DbMigrate - Migrating schema "public" to version "7 - workflow run status constraints"
01:10:52.049 INFO  [main] o.f.core.internal.command.DbMigrate - Migrating schema "public" to version "8 - approval audit records"
01:10:52.050 INFO  [main] o.f.core.internal.command.DbMigrate - Migrating schema "public" to version "45 - add budget category"
01:10:52.054 INFO  [main] o.f.core.internal.command.DbMigrate - Migrating schema "public" to version "46 - company user admin foundation"
01:10:52.057 INFO  [main] o.f.core.internal.command.DbMigrate - Migrating schema "public" to version "47 - accounting period and audit"
01:10:52.059 INFO  [main] o.f.core.internal.command.DbMigrate - Migrating schema "public" to version "48 - transaction corrections"
01:10:52.063 INFO  [main] o.f.core.internal.command.DbMigrate - Migrating schema "public" to version "49 - txn reconciliation protection"
01:10:52.065 INFO  [main] o.f.core.internal.command.DbMigrate - Migrating schema "public" to version "50 - budget plan and line"
01:10:52.068 INFO  [main] o.f.core.internal.command.DbMigrate - Migrating schema "public" to version "51 - bank import batch and statement line"
01:10:52.072 INFO  [main] o.f.core.internal.command.DbMigrate - Migrating schema "public" to version "52 - bank and configured bank account"
01:10:52.077 INFO  [main] o.f.core.internal.command.DbMigrate - Migrating schema "public" to version "53 - bank import review all rows"
01:10:52.078 INFO  [main] o.f.core.internal.command.DbMigrate - Migrating schema "public" to version "54 - txn split cleared state"
01:10:52.084 INFO  [main] o.f.core.internal.command.DbMigrate - Migrating schema "public" to version "55 - fixed assets and depreciation"
01:10:52.087 INFO  [main] o.f.core.internal.command.DbMigrate - Migrating schema "public" to version "56 - inventory items and movements"
01:10:52.090 INFO  [main] o.f.core.internal.command.DbMigrate - Migrating schema "public" to version "57 - bank reconciliation workspace"
01:10:52.092 INFO  [main] o.f.core.internal.command.DbMigrate - Migrating schema "public" to version "58 - txn supplemental lines"
01:10:52.093 INFO  [main] o.f.core.internal.command.DbMigrate - Migrating schema "public" to version "59 - company ui preferences and state"
01:10:52.094 INFO  [main] o.f.core.internal.command.DbMigrate - Migrating schema "public" to version "60 - period close ranges"
01:10:52.101 INFO  [main] o.f.core.internal.command.DbMigrate - Migrating schema "public" to version "61 - company ownership and interchange identity"
01:10:52.117 INFO  [main] o.f.core.internal.command.DbMigrate - Migrating schema "public" to version "62 - txn portable identity"
01:10:52.119 INFO  [main] o.f.core.internal.command.DbMigrate - Successfully applied 26 migrations to schema "public", now at version v62 (execution time 00:00.040s)
[NPBK] Flyway migration complete.
[NPBK] Creating JPA EntityManagerFactory for selected database.
01:10:52.192 INFO  [main] com.zaxxer.hikari.HikariDataSource - HikariPool-87 - Starting...
01:10:52.204 INFO  [main] com.zaxxer.hikari.HikariDataSource - HikariPool-87 - Start completed.
[NPBK] JPA EntityManagerFactory created for selected database.
01:10:52.377 INFO  [main] com.zaxxer.hikari.HikariDataSource - HikariPool-87 - Shutdown initiated...
01:10:52.380 INFO  [main] com.zaxxer.hikari.HikariDataSource - HikariPool-87 - Shutdown completed.
[NPBK] Preparing database: /tmp/junit5609687203046453512/reopen-validation
[NPBK] Flyway migration starting.
[NPBK] JDBC URL: jdbc:h2:file:/tmp/junit5609687203046453512/reopen-validation;MODE=PostgreSQL;DATABASE_TO_LOWER=TRUE;DEFAULT_NULL_ORDERING=HIGH;INIT=CREATE SCHEMA IF NOT EXISTS PUBLIC\;SET SCHEMA PUBLIC
01:10:52.391 INFO  [main] org.flywaydb.core.FlywayExecutor - Database: jdbc:h2:file:/tmp/junit5609687203046453512/reopen-validation (H2 2.2)
01:10:52.395 INFO  [main] o.f.c.i.s.JdbcTableSchemaHistory - Schema history table "public"."flyway_schema_history" does not exist yet
01:10:52.395 INFO  [main] o.f.core.internal.command.DbValidate - Successfully validated 26 migrations (execution time 00:00.003s)
01:10:52.395 INFO  [main] o.f.c.i.s.JdbcTableSchemaHistory - Creating Schema History table "public"."flyway_schema_history" ...
01:10:52.396 INFO  [main] o.f.core.internal.command.DbMigrate - Current version of schema "public": << Empty Schema >>
01:10:52.397 INFO  [main] o.f.core.internal.command.DbMigrate - Migrating schema "public" to version "1 - init"
01:10:52.401 INFO  [main] o.f.core.internal.command.DbMigrate - Migrating schema "public" to version "2 - schedule items"
01:10:52.402 INFO  [main] o.f.core.internal.command.DbMigrate - Migrating schema "public" to version "3 - subtype schedule defaults"
01:10:52.403 INFO  [main] o.f.core.internal.command.DbMigrate - Migrating schema "public" to version "4 - journal open item core"
01:10:52.404 INFO  [main] o.f.core.internal.command.DbMigrate - Migrating schema "public" to version "5 - open item concurrency and fks"
01:10:52.405 INFO  [main] o.f.core.internal.command.DbMigrate - Migrating schema "public" to version "6 - workflow run records"
01:10:52.406 INFO  [main] o.f.core.internal.command.DbMigrate - Migrating schema "public" to version "7 - workflow run status constraints"
01:10:52.406 INFO  [main] o.f.core.internal.command.DbMigrate - Migrating schema "public" to version "8 - approval audit records"
01:10:52.407 INFO  [main] o.f.core.internal.command.DbMigrate - Migrating schema "public" to version "45 - add budget category"
01:10:52.409 INFO  [main] o.f.core.internal.command.DbMigrate - Migrating schema "public" to version "46 - company user admin foundation"
01:10:52.411 INFO  [main] o.f.core.internal.command.DbMigrate - Migrating schema "public" to version "47 - accounting period and audit"
01:10:52.412 INFO  [main] o.f.core.internal.command.DbMigrate - Migrating schema "public" to version "48 - transaction corrections"
01:10:52.415 INFO  [main] o.f.core.internal.command.DbMigrate - Migrating schema "public" to version "49 - txn reconciliation protection"
01:10:52.416 INFO  [main] o.f.core.internal.command.DbMigrate - Migrating schema "public" to version "50 - budget plan and line"
01:10:52.418 INFO  [main] o.f.core.internal.command.DbMigrate - Migrating schema "public" to version "51 - bank import batch and statement line"
01:10:52.420 INFO  [main] o.f.core.internal.command.DbMigrate - Migrating schema "public" to version "52 - bank and configured bank account"
01:10:52.424 INFO  [main] o.f.core.internal.command.DbMigrate - Migrating schema "public" to version "53 - bank import review all rows"
01:10:52.425 INFO  [main] o.f.core.internal.command.DbMigrate - Migrating schema "public" to version "54 - txn split cleared state"
01:10:52.428 INFO  [main] o.f.core.internal.command.DbMigrate - Migrating schema "public" to version "55 - fixed assets and depreciation"
01:10:52.430 INFO  [main] o.f.core.internal.command.DbMigrate - Migrating schema "public" to version "56 - inventory items and movements"
01:10:52.432 INFO  [main] o.f.core.internal.command.DbMigrate - Migrating schema "public" to version "57 - bank reconciliation workspace"
01:10:52.433 INFO  [main] o.f.core.internal.command.DbMigrate - Migrating schema "public" to version "58 - txn supplemental lines"
01:10:52.434 INFO  [main] o.f.core.internal.command.DbMigrate - Migrating schema "public" to version "59 - company ui preferences and state"
01:10:52.435 INFO  [main] o.f.core.internal.command.DbMigrate - Migrating schema "public" to version "60 - period close ranges"
01:10:52.439 INFO  [main] o.f.core.internal.command.DbMigrate - Migrating schema "public" to version "61 - company ownership and interchange identity"
01:10:52.450 INFO  [main] o.f.core.internal.command.DbMigrate - Migrating schema "public" to version "62 - txn portable identity"
01:10:52.451 INFO  [main] o.f.core.internal.command.DbMigrate - Successfully applied 26 migrations to schema "public", now at version v62 (execution time 00:00.021s)
[NPBK] Flyway migration complete.
[NPBK] Creating JPA EntityManagerFactory for selected database.
01:10:52.500 INFO  [main] com.zaxxer.hikari.HikariDataSource - HikariPool-88 - Starting...
01:10:52.508 INFO  [main] com.zaxxer.hikari.HikariDataSource - HikariPool-88 - Start completed.
[NPBK] JPA EntityManagerFactory created for selected database.
01:10:52.633 INFO  [main] com.zaxxer.hikari.HikariDataSource - HikariPool-88 - Shutdown initiated...
01:10:52.636 INFO  [main] com.zaxxer.hikari.HikariDataSource - HikariPool-88 - Shutdown completed.
[NPBK] Preparing database: /tmp/junit16424579212667233897/reopen-reason-policy
[NPBK] Flyway migration starting.
[NPBK] JDBC URL: jdbc:h2:file:/tmp/junit16424579212667233897/reopen-reason-policy;MODE=PostgreSQL;DATABASE_TO_LOWER=TRUE;DEFAULT_NULL_ORDERING=HIGH;INIT=CREATE SCHEMA IF NOT EXISTS PUBLIC\;SET SCHEMA PUBLIC
01:10:52.648 INFO  [main] org.flywaydb.core.FlywayExecutor - Database: jdbc:h2:file:/tmp/junit16424579212667233897/reopen-reason-policy (H2 2.2)
01:10:52.651 INFO  [main] o.f.c.i.s.JdbcTableSchemaHistory - Schema history table "public"."flyway_schema_history" does not exist yet
01:10:52.651 INFO  [main] o.f.core.internal.command.DbValidate - Successfully validated 26 migrations (execution time 00:00.002s)
01:10:52.652 INFO  [main] o.f.c.i.s.JdbcTableSchemaHistory - Creating Schema History table "public"."flyway_schema_history" ...
01:10:52.652 INFO  [main] o.f.core.internal.command.DbMigrate - Current version of schema "public": << Empty Schema >>
01:10:52.654 INFO  [main] o.f.core.internal.command.DbMigrate - Migrating schema "public" to version "1 - init"
01:10:52.657 INFO  [main] o.f.core.internal.command.DbMigrate - Migrating schema "public" to version "2 - schedule items"
01:10:52.658 INFO  [main] o.f.core.internal.command.DbMigrate - Migrating schema "public" to version "3 - subtype schedule defaults"
01:10:52.659 INFO  [main] o.f.core.internal.command.DbMigrate - Migrating schema "public" to version "4 - journal open item core"
01:10:52.660 INFO  [main] o.f.core.internal.command.DbMigrate - Migrating schema "public" to version "5 - open item concurrency and fks"
01:10:52.661 INFO  [main] o.f.core.internal.command.DbMigrate - Migrating schema "public" to version "6 - workflow run records"
01:10:52.662 INFO  [main] o.f.core.internal.command.DbMigrate - Migrating schema "public" to version "7 - workflow run status constraints"
01:10:52.663 INFO  [main] o.f.core.internal.command.DbMigrate - Migrating schema "public" to version "8 - approval audit records"
01:10:52.663 INFO  [main] o.f.core.internal.command.DbMigrate - Migrating schema "public" to version "45 - add budget category"
01:10:52.666 INFO  [main] o.f.core.internal.command.DbMigrate - Migrating schema "public" to version "46 - company user admin foundation"
01:10:52.668 INFO  [main] o.f.core.internal.command.DbMigrate - Migrating schema "public" to version "47 - accounting period and audit"
01:10:52.669 INFO  [main] o.f.core.internal.command.DbMigrate - Migrating schema "public" to version "48 - transaction corrections"
01:10:52.671 INFO  [main] o.f.core.internal.command.DbMigrate - Migrating schema "public" to version "49 - txn reconciliation protection"
01:10:52.672 INFO  [main] o.f.core.internal.command.DbMigrate - Migrating schema "public" to version "50 - budget plan and line"
01:10:52.674 INFO  [main] o.f.core.internal.command.DbMigrate - Migrating schema "public" to version "51 - bank import batch and statement line"
01:10:52.676 INFO  [main] o.f.core.internal.command.DbMigrate - Migrating schema "public" to version "52 - bank and configured bank account"
01:10:52.681 INFO  [main] o.f.core.internal.command.DbMigrate - Migrating schema "public" to version "53 - bank import review all rows"
01:10:52.681 INFO  [main] o.f.core.internal.command.DbMigrate - Migrating schema "public" to version "54 - txn split cleared state"
01:10:52.684 INFO  [main] o.f.core.internal.command.DbMigrate - Migrating schema "public" to version "55 - fixed assets and depreciation"
01:10:52.686 INFO  [main] o.f.core.internal.command.DbMigrate - Migrating schema "public" to version "56 - inventory items and movements"
01:10:52.688 INFO  [main] o.f.core.internal.command.DbMigrate - Migrating schema "public" to version "57 - bank reconciliation workspace"
01:10:52.689 INFO  [main] o.f.core.internal.command.DbMigrate - Migrating schema "public" to version "58 - txn supplemental lines"
01:10:52.690 INFO  [main] o.f.core.internal.command.DbMigrate - Migrating schema "public" to version "59 - company ui preferences and state"
01:10:52.691 INFO  [main] o.f.core.internal.command.DbMigrate - Migrating schema "public" to version "60 - period close ranges"
01:10:52.695 INFO  [main] o.f.core.internal.command.DbMigrate - Migrating schema "public" to version "61 - company ownership and interchange identity"
01:10:52.704 INFO  [main] o.f.core.internal.command.DbMigrate - Migrating schema "public" to version "62 - txn portable identity"
01:10:52.706 INFO  [main] o.f.core.internal.command.DbMigrate - Successfully applied 26 migrations to schema "public", now at version v62 (execution time 00:00.021s)
[NPBK] Flyway migration complete.
[NPBK] Creating JPA EntityManagerFactory for selected database.
01:10:52.754 INFO  [main] com.zaxxer.hikari.HikariDataSource - HikariPool-89 - Starting...
01:10:52.762 INFO  [main] com.zaxxer.hikari.HikariDataSource - HikariPool-89 - Start completed.
[NPBK] JPA EntityManagerFactory created for selected database.
01:10:52.901 INFO  [main] com.zaxxer.hikari.HikariDataSource - HikariPool-89 - Shutdown initiated...
01:10:52.904 INFO  [main] com.zaxxer.hikari.HikariDataSource - HikariPool-89 - Shutdown completed.
[INFO] Tests run: 5, Failures: 0, Errors: 0, Skipped: 0, Time elapsed: 1.570 s -- in org.nonprofitbookkeeping.service.AccountingPeriodReopenPolicyTest
[INFO] Running org.nonprofitbookkeeping.service.CompanyOwnershipServiceTest
[NPBK] Preparing database: /tmp/junit7937643237325598272/ownership-multi
[NPBK] Flyway migration starting.
[NPBK] JDBC URL: jdbc:h2:file:/tmp/junit7937643237325598272/ownership-multi;MODE=PostgreSQL;DATABASE_TO_LOWER=TRUE;DEFAULT_NULL_ORDERING=HIGH;INIT=CREATE SCHEMA IF NOT EXISTS PUBLIC\;SET SCHEMA PUBLIC
01:10:52.918 INFO  [main] org.flywaydb.core.FlywayExecutor - Database: jdbc:h2:file:/tmp/junit7937643237325598272/ownership-multi (H2 2.2)
01:10:52.921 INFO  [main] o.f.c.i.s.JdbcTableSchemaHistory - Schema history table "public"."flyway_schema_history" does not exist yet
01:10:52.922 INFO  [main] o.f.core.internal.command.DbValidate - Successfully validated 26 migrations (execution time 00:00.003s)
01:10:52.922 INFO  [main] o.f.c.i.s.JdbcTableSchemaHistory - Creating Schema History table "public"."flyway_schema_history" ...
01:10:52.923 INFO  [main] o.f.core.internal.command.DbMigrate - Current version of schema "public": << Empty Schema >>
01:10:52.924 INFO  [main] o.f.core.internal.command.DbMigrate - Migrating schema "public" to version "1 - init"
01:10:52.927 INFO  [main] o.f.core.internal.command.DbMigrate - Migrating schema "public" to version "2 - schedule items"
01:10:52.929 INFO  [main] o.f.core.internal.command.DbMigrate - Migrating schema "public" to version "3 - subtype schedule defaults"
01:10:52.930 INFO  [main] o.f.core.internal.command.DbMigrate - Migrating schema "public" to version "4 - journal open item core"
01:10:52.931 INFO  [main] o.f.core.internal.command.DbMigrate - Migrating schema "public" to version "5 - open item concurrency and fks"
01:10:52.932 INFO  [main] o.f.core.internal.command.DbMigrate - Migrating schema "public" to version "6 - workflow run records"
01:10:52.933 INFO  [main] o.f.core.internal.command.DbMigrate - Migrating schema "public" to version "7 - workflow run status constraints"
01:10:52.933 INFO  [main] o.f.core.internal.command.DbMigrate - Migrating schema "public" to version "8 - approval audit records"
01:10:52.934 INFO  [main] o.f.core.internal.command.DbMigrate - Migrating schema "public" to version "45 - add budget category"
01:10:52.936 INFO  [main] o.f.core.internal.command.DbMigrate - Migrating schema "public" to version "46 - company user admin foundation"
01:10:52.938 INFO  [main] o.f.core.internal.command.DbMigrate - Migrating schema "public" to version "47 - accounting period and audit"
01:10:52.939 INFO  [main] o.f.core.internal.command.DbMigrate - Migrating schema "public" to version "48 - transaction corrections"
01:10:52.942 INFO  [main] o.f.core.internal.command.DbMigrate - Migrating schema "public" to version "49 - txn reconciliation protection"
01:10:52.943 INFO  [main] o.f.core.internal.command.DbMigrate - Migrating schema "public" to version "50 - budget plan and line"
01:10:52.945 INFO  [main] o.f.core.internal.command.DbMigrate - Migrating schema "public" to version "51 - bank import batch and statement line"
01:10:52.947 INFO  [main] o.f.core.internal.command.DbMigrate - Migrating schema "public" to version "52 - bank and configured bank account"
01:10:52.952 INFO  [main] o.f.core.internal.command.DbMigrate - Migrating schema "public" to version "53 - bank import review all rows"
01:10:52.952 INFO  [main] o.f.core.internal.command.DbMigrate - Migrating schema "public" to version "54 - txn split cleared state"
01:10:52.956 INFO  [main] o.f.core.internal.command.DbMigrate - Migrating schema "public" to version "55 - fixed assets and depreciation"
01:10:52.957 INFO  [main] o.f.core.internal.command.DbMigrate - Migrating schema "public" to version "56 - inventory items and movements"
01:10:52.959 INFO  [main] o.f.core.internal.command.DbMigrate - Migrating schema "public" to version "57 - bank reconciliation workspace"
01:10:52.960 INFO  [main] o.f.core.internal.command.DbMigrate - Migrating schema "public" to version "58 - txn supplemental lines"
01:10:52.962 INFO  [main] o.f.core.internal.command.DbMigrate - Migrating schema "public" to version "59 - company ui preferences and state"
01:10:52.963 INFO  [main] o.f.core.internal.command.DbMigrate - Migrating schema "public" to version "60 - period close ranges"
01:10:52.967 INFO  [main] o.f.core.internal.command.DbMigrate - Migrating schema "public" to version "61 - company ownership and interchange identity"
01:10:52.977 INFO  [main] o.f.core.internal.command.DbMigrate - Migrating schema "public" to version "62 - txn portable identity"
01:10:52.979 INFO  [main] o.f.core.internal.command.DbMigrate - Successfully applied 26 migrations to schema "public", now at version v62 (execution time 00:00.023s)
[NPBK] Flyway migration complete.
[NPBK] Creating JPA EntityManagerFactory for selected database.
01:10:53.027 INFO  [main] com.zaxxer.hikari.HikariDataSource - HikariPool-90 - Starting...
01:10:53.035 INFO  [main] com.zaxxer.hikari.HikariDataSource - HikariPool-90 - Start completed.
[NPBK] JPA EntityManagerFactory created for selected database.
01:10:53.153 INFO  [main] com.zaxxer.hikari.HikariDataSource - HikariPool-90 - Shutdown initiated...
01:10:53.157 INFO  [main] com.zaxxer.hikari.HikariDataSource - HikariPool-90 - Shutdown completed.
[NPBK] Preparing database: /tmp/junit17783033759086307004/ownership-single
[NPBK] Flyway migration starting.
[NPBK] JDBC URL: jdbc:h2:file:/tmp/junit17783033759086307004/ownership-single;MODE=PostgreSQL;DATABASE_TO_LOWER=TRUE;DEFAULT_NULL_ORDERING=HIGH;INIT=CREATE SCHEMA IF NOT EXISTS PUBLIC\;SET SCHEMA PUBLIC
01:10:53.170 INFO  [main] org.flywaydb.core.FlywayExecutor - Database: jdbc:h2:file:/tmp/junit17783033759086307004/ownership-single (H2 2.2)
01:10:53.174 INFO  [main] o.f.c.i.s.JdbcTableSchemaHistory - Schema history table "public"."flyway_schema_history" does not exist yet
01:10:53.174 INFO  [main] o.f.core.internal.command.DbValidate - Successfully validated 26 migrations (execution time 00:00.003s)
01:10:53.175 INFO  [main] o.f.c.i.s.JdbcTableSchemaHistory - Creating Schema History table "public"."flyway_schema_history" ...
01:10:53.175 INFO  [main] o.f.core.internal.command.DbMigrate - Current version of schema "public": << Empty Schema >>
01:10:53.177 INFO  [main] o.f.core.internal.command.DbMigrate - Migrating schema "public" to version "1 - init"
01:10:53.180 INFO  [main] o.f.core.internal.command.DbMigrate - Migrating schema "public" to version "2 - schedule items"
01:10:53.181 INFO  [main] o.f.core.internal.command.DbMigrate - Migrating schema "public" to version "3 - subtype schedule defaults"
01:10:53.182 INFO  [main] o.f.core.internal.command.DbMigrate - Migrating schema "public" to version "4 - journal open item core"
01:10:53.183 INFO  [main] o.f.core.internal.command.DbMigrate - Migrating schema "public" to version "5 - open item concurrency and fks"
01:10:53.184 INFO  [main] o.f.core.internal.command.DbMigrate - Migrating schema "public" to version "6 - workflow run records"
01:10:53.185 INFO  [main] o.f.core.internal.command.DbMigrate - Migrating schema "public" to version "7 - workflow run status constraints"
01:10:53.185 INFO  [main] o.f.core.internal.command.DbMigrate - Migrating schema "public" to version "8 - approval audit records"
01:10:53.186 INFO  [main] o.f.core.internal.command.DbMigrate - Migrating schema "public" to version "45 - add budget category"
01:10:53.188 INFO  [main] o.f.core.internal.command.DbMigrate - Migrating schema "public" to version "46 - company user admin foundation"
01:10:53.190 INFO  [main] o.f.core.internal.command.DbMigrate - Migrating schema "public" to version "47 - accounting period and audit"
01:10:53.191 INFO  [main] o.f.core.internal.command.DbMigrate - Migrating schema "public" to version "48 - transaction corrections"
01:10:53.194 INFO  [main] o.f.core.internal.command.DbMigrate - Migrating schema "public" to version "49 - txn reconciliation protection"
01:10:53.195 INFO  [main] o.f.core.internal.command.DbMigrate - Migrating schema "public" to version "50 - budget plan and line"
01:10:53.197 INFO  [main] o.f.core.internal.command.DbMigrate - Migrating schema "public" to version "51 - bank import batch and statement line"
01:10:53.199 INFO  [main] o.f.core.internal.command.DbMigrate - Migrating schema "public" to version "52 - bank and configured bank account"
01:10:53.203 INFO  [main] o.f.core.internal.command.DbMigrate - Migrating schema "public" to version "53 - bank import review all rows"
01:10:53.204 INFO  [main] o.f.core.internal.command.DbMigrate - Migrating schema "public" to version "54 - txn split cleared state"
01:10:53.207 INFO  [main] o.f.core.internal.command.DbMigrate - Migrating schema "public" to version "55 - fixed assets and depreciation"
01:10:53.208 INFO  [main] o.f.core.internal.command.DbMigrate - Migrating schema "public" to version "56 - inventory items and movements"
01:10:53.210 INFO  [main] o.f.core.internal.command.DbMigrate - Migrating schema "public" to version "57 - bank reconciliation workspace"
01:10:53.211 INFO  [main] o.f.core.internal.command.DbMigrate - Migrating schema "public" to version "58 - txn supplemental lines"
01:10:53.212 INFO  [main] o.f.core.internal.command.DbMigrate - Migrating schema "public" to version "59 - company ui preferences and state"
01:10:53.213 INFO  [main] o.f.core.internal.command.DbMigrate - Migrating schema "public" to version "60 - period close ranges"
01:10:53.217 INFO  [main] o.f.core.internal.command.DbMigrate - Migrating schema "public" to version "61 - company ownership and interchange identity"
01:10:53.226 INFO  [main] o.f.core.internal.command.DbMigrate - Migrating schema "public" to version "62 - txn portable identity"
01:10:53.228 INFO  [main] o.f.core.internal.command.DbMigrate - Successfully applied 26 migrations to schema "public", now at version v62 (execution time 00:00.019s)
[NPBK] Flyway migration complete.
[NPBK] Creating JPA EntityManagerFactory for selected database.
01:10:53.280 INFO  [main] com.zaxxer.hikari.HikariDataSource - HikariPool-91 - Starting...
01:10:53.288 INFO  [main] com.zaxxer.hikari.HikariDataSource - HikariPool-91 - Start completed.
[NPBK] JPA EntityManagerFactory created for selected database.
01:10:53.402 INFO  [main] com.zaxxer.hikari.HikariDataSource - HikariPool-91 - Shutdown initiated...
01:10:53.405 INFO  [main] com.zaxxer.hikari.HikariDataSource - HikariPool-91 - Shutdown completed.
[INFO] Tests run: 2, Failures: 0, Errors: 0, Skipped: 0, Time elapsed: 0.501 s -- in org.nonprofitbookkeeping.service.CompanyOwnershipServiceTest
[INFO] Running org.nonprofitbookkeeping.service.AccountAdminServiceTest
[INFO] Tests run: 4, Failures: 0, Errors: 0, Skipped: 0, Time elapsed: 0.003 s -- in org.nonprofitbookkeeping.service.AccountAdminServiceTest
[INFO] Running org.nonprofitbookkeeping.service.ReconciliationServiceIntegrationTest
01:10:53.415 INFO  [main] org.flywaydb.core.FlywayExecutor - Database: jdbc:h2:mem:repo_test_3586b566-73a8-4c88-ab84-f1931b49840a (H2 2.2)
01:10:53.418 INFO  [main] o.f.c.i.s.JdbcTableSchemaHistory - Schema history table "public"."flyway_schema_history" does not exist yet
01:10:53.419 INFO  [main] o.f.core.internal.command.DbValidate - Successfully validated 26 migrations (execution time 00:00.002s)
01:10:53.419 INFO  [main] o.f.c.i.s.JdbcTableSchemaHistory - Creating Schema History table "public"."flyway_schema_history" ...
01:10:53.419 INFO  [main] o.f.core.internal.command.DbMigrate - Current version of schema "public": << Empty Schema >>
01:10:53.421 INFO  [main] o.f.core.internal.command.DbMigrate - Migrating schema "public" to version "1 - init"
01:10:53.424 INFO  [main] o.f.core.internal.command.DbMigrate - Migrating schema "public" to version "2 - schedule items"
01:10:53.425 INFO  [main] o.f.core.internal.command.DbMigrate - Migrating schema "public" to version "3 - subtype schedule defaults"
01:10:53.426 INFO  [main] o.f.core.internal.command.DbMigrate - Migrating schema "public" to version "4 - journal open item core"
01:10:53.426 INFO  [main] o.f.core.internal.command.DbMigrate - Migrating schema "public" to version "5 - open item concurrency and fks"
01:10:53.428 INFO  [main] o.f.core.internal.command.DbMigrate - Migrating schema "public" to version "6 - workflow run records"
01:10:53.428 INFO  [main] o.f.core.internal.command.DbMigrate - Migrating schema "public" to version "7 - workflow run status constraints"
01:10:53.429 INFO  [main] o.f.core.internal.command.DbMigrate - Migrating schema "public" to version "8 - approval audit records"
01:10:53.429 INFO  [main] o.f.core.internal.command.DbMigrate - Migrating schema "public" to version "45 - add budget category"
01:10:53.432 INFO  [main] o.f.core.internal.command.DbMigrate - Migrating schema "public" to version "46 - company user admin foundation"
01:10:53.433 INFO  [main] o.f.core.internal.command.DbMigrate - Migrating schema "public" to version "47 - accounting period and audit"
01:10:53.434 INFO  [main] o.f.core.internal.command.DbMigrate - Migrating schema "public" to version "48 - transaction corrections"
01:10:53.437 INFO  [main] o.f.core.internal.command.DbMigrate - Migrating schema "public" to version "49 - txn reconciliation protection"
01:10:53.438 INFO  [main] o.f.core.internal.command.DbMigrate - Migrating schema "public" to version "50 - budget plan and line"
01:10:53.440 INFO  [main] o.f.core.internal.command.DbMigrate - Migrating schema "public" to version "51 - bank import batch and statement line"
01:10:53.442 INFO  [main] o.f.core.internal.command.DbMigrate - Migrating schema "public" to version "52 - bank and configured bank account"
01:10:53.446 INFO  [main] o.f.core.internal.command.DbMigrate - Migrating schema "public" to version "53 - bank import review all rows"
01:10:53.447 INFO  [main] o.f.core.internal.command.DbMigrate - Migrating schema "public" to version "54 - txn split cleared state"
01:10:53.450 INFO  [main] o.f.core.internal.command.DbMigrate - Migrating schema "public" to version "55 - fixed assets and depreciation"
01:10:53.451 INFO  [main] o.f.core.internal.command.DbMigrate - Migrating schema "public" to version "56 - inventory items and movements"
01:10:53.453 INFO  [main] o.f.core.internal.command.DbMigrate - Migrating schema "public" to version "57 - bank reconciliation workspace"
01:10:53.454 INFO  [main] o.f.core.internal.command.DbMigrate - Migrating schema "public" to version "58 - txn supplemental lines"
01:10:53.455 INFO  [main] o.f.core.internal.command.DbMigrate - Migrating schema "public" to version "59 - company ui preferences and state"
01:10:53.456 INFO  [main] o.f.core.internal.command.DbMigrate - Migrating schema "public" to version "60 - period close ranges"
01:10:53.460 INFO  [main] o.f.core.internal.command.DbMigrate - Migrating schema "public" to version "61 - company ownership and interchange identity"
01:10:53.470 INFO  [main] o.f.core.internal.command.DbMigrate - Migrating schema "public" to version "62 - txn portable identity"
01:10:53.472 INFO  [main] o.f.core.internal.command.DbMigrate - Successfully applied 26 migrations to schema "public", now at version v62 (execution time 00:00.020s)
[INFO] Tests run: 1, Failures: 0, Errors: 0, Skipped: 0, Time elapsed: 0.063 s -- in org.nonprofitbookkeeping.service.ReconciliationServiceIntegrationTest
[INFO] Running org.nonprofitbookkeeping.repository.JdbcReconciliationRunRepositoryTest
01:10:53.480 INFO  [main] org.flywaydb.core.FlywayExecutor - Database: jdbc:h2:mem:repo_test_89c7590f-70d3-4120-8073-3ca0bd3a4e5d (H2 2.2)
01:10:53.484 INFO  [main] o.f.c.i.s.JdbcTableSchemaHistory - Schema history table "public"."flyway_schema_history" does not exist yet
01:10:53.484 INFO  [main] o.f.core.internal.command.DbValidate - Successfully validated 26 migrations (execution time 00:00.003s)
01:10:53.484 INFO  [main] o.f.c.i.s.JdbcTableSchemaHistory - Creating Schema History table "public"."flyway_schema_history" ...
01:10:53.485 INFO  [main] o.f.core.internal.command.DbMigrate - Current version of schema "public": << Empty Schema >>
01:10:53.486 INFO  [main] o.f.core.internal.command.DbMigrate - Migrating schema "public" to version "1 - init"
01:10:53.489 INFO  [main] o.f.core.internal.command.DbMigrate - Migrating schema "public" to version "2 - schedule items"
01:10:53.490 INFO  [main] o.f.core.internal.command.DbMigrate - Migrating schema "public" to version "3 - subtype schedule defaults"
01:10:53.492 INFO  [main] o.f.core.internal.command.DbMigrate - Migrating schema "public" to version "4 - journal open item core"
01:10:53.493 INFO  [main] o.f.core.internal.command.DbMigrate - Migrating schema "public" to version "5 - open item concurrency and fks"
01:10:53.494 INFO  [main] o.f.core.internal.command.DbMigrate - Migrating schema "public" to version "6 - workflow run records"
01:10:53.495 INFO  [main] o.f.core.internal.command.DbMigrate - Migrating schema "public" to version "7 - workflow run status constraints"
01:10:53.495 INFO  [main] o.f.core.internal.command.DbMigrate - Migrating schema "public" to version "8 - approval audit records"
01:10:53.496 INFO  [main] o.f.core.internal.command.DbMigrate - Migrating schema "public" to version "45 - add budget category"
01:10:53.498 INFO  [main] o.f.core.internal.command.DbMigrate - Migrating schema "public" to version "46 - company user admin foundation"
01:10:53.500 INFO  [main] o.f.core.internal.command.DbMigrate - Migrating schema "public" to version "47 - accounting period and audit"
01:10:53.501 INFO  [main] o.f.core.internal.command.DbMigrate - Migrating schema "public" to version "48 - transaction corrections"
01:10:53.503 INFO  [main] o.f.core.internal.command.DbMigrate - Migrating schema "public" to version "49 - txn reconciliation protection"
01:10:53.504 INFO  [main] o.f.core.internal.command.DbMigrate - Migrating schema "public" to version "50 - budget plan and line"
01:10:53.506 INFO  [main] o.f.core.internal.command.DbMigrate - Migrating schema "public" to version "51 - bank import batch and statement line"
01:10:53.508 INFO  [main] o.f.core.internal.command.DbMigrate - Migrating schema "public" to version "52 - bank and configured bank account"
01:10:53.512 INFO  [main] o.f.core.internal.command.DbMigrate - Migrating schema "public" to version "53 - bank import review all rows"
01:10:53.513 INFO  [main] o.f.core.internal.command.DbMigrate - Migrating schema "public" to version "54 - txn split cleared state"
01:10:53.516 INFO  [main] o.f.core.internal.command.DbMigrate - Migrating schema "public" to version "55 - fixed assets and depreciation"
01:10:53.518 INFO  [main] o.f.core.internal.command.DbMigrate - Migrating schema "public" to version "56 - inventory items and movements"
01:10:53.519 INFO  [main] o.f.core.internal.command.DbMigrate - Migrating schema "public" to version "57 - bank reconciliation workspace"
01:10:53.521 INFO  [main] o.f.core.internal.command.DbMigrate - Migrating schema "public" to version "58 - txn supplemental lines"
01:10:53.522 INFO  [main] o.f.core.internal.command.DbMigrate - Migrating schema "public" to version "59 - company ui preferences and state"
01:10:53.523 INFO  [main] o.f.core.internal.command.DbMigrate - Migrating schema "public" to version "60 - period close ranges"
01:10:53.527 INFO  [main] o.f.core.internal.command.DbMigrate - Migrating schema "public" to version "61 - company ownership and interchange identity"
01:10:53.537 INFO  [main] o.f.core.internal.command.DbMigrate - Migrating schema "public" to version "62 - txn portable identity"
01:10:53.539 INFO  [main] o.f.core.internal.command.DbMigrate - Successfully applied 26 migrations to schema "public", now at version v62 (execution time 00:00.021s)
01:10:53.546 INFO  [main] org.flywaydb.core.FlywayExecutor - Database: jdbc:h2:mem:repo_test_44c80084-52b1-4187-966c-e5a34a9585b1 (H2 2.2)
01:10:53.550 INFO  [main] o.f.c.i.s.JdbcTableSchemaHistory - Schema history table "public"."flyway_schema_history" does not exist yet
01:10:53.550 INFO  [main] o.f.core.internal.command.DbValidate - Successfully validated 26 migrations (execution time 00:00.003s)
01:10:53.551 INFO  [main] o.f.c.i.s.JdbcTableSchemaHistory - Creating Schema History table "public"."flyway_schema_history" ...
01:10:53.552 INFO  [main] o.f.core.internal.command.DbMigrate - Current version of schema "public": << Empty Schema >>
01:10:53.554 INFO  [main] o.f.core.internal.command.DbMigrate - Migrating schema "public" to version "1 - init"
01:10:53.559 INFO  [main] o.f.core.internal.command.DbMigrate - Migrating schema "public" to version "2 - schedule items"
01:10:53.561 INFO  [main] o.f.core.internal.command.DbMigrate - Migrating schema "public" to version "3 - subtype schedule defaults"
01:10:53.562 INFO  [main] o.f.core.internal.command.DbMigrate - Migrating schema "public" to version "4 - journal open item core"
01:10:53.564 INFO  [main] o.f.core.internal.command.DbMigrate - Migrating schema "public" to version "5 - open item concurrency and fks"
01:10:53.565 INFO  [main] o.f.core.internal.command.DbMigrate - Migrating schema "public" to version "6 - workflow run records"
01:10:53.567 INFO  [main] o.f.core.internal.command.DbMigrate - Migrating schema "public" to version "7 - workflow run status constraints"
01:10:53.567 INFO  [main] o.f.core.internal.command.DbMigrate - Migrating schema "public" to version "8 - approval audit records"
01:10:53.568 INFO  [main] o.f.core.internal.command.DbMigrate - Migrating schema "public" to version "45 - add budget category"
01:10:53.571 INFO  [main] o.f.core.internal.command.DbMigrate - Migrating schema "public" to version "46 - company user admin foundation"
01:10:53.573 INFO  [main] o.f.core.internal.command.DbMigrate - Migrating schema "public" to version "47 - accounting period and audit"
01:10:53.574 INFO  [main] o.f.core.internal.command.DbMigrate - Migrating schema "public" to version "48 - transaction corrections"
01:10:53.577 INFO  [main] o.f.core.internal.command.DbMigrate - Migrating schema "public" to version "49 - txn reconciliation protection"
01:10:53.578 INFO  [main] o.f.core.internal.command.DbMigrate - Migrating schema "public" to version "50 - budget plan and line"
01:10:53.579 INFO  [main] o.f.core.internal.command.DbMigrate - Migrating schema "public" to version "51 - bank import batch and statement line"
01:10:53.583 INFO  [main] o.f.core.internal.command.DbMigrate - Migrating schema "public" to version "52 - bank and configured bank account"
01:10:53.590 INFO  [main] o.f.core.internal.command.DbMigrate - Migrating schema "public" to version "53 - bank import review all rows"
01:10:53.591 INFO  [main] o.f.core.internal.command.DbMigrate - Migrating schema "public" to version "54 - txn split cleared state"
01:10:53.595 INFO  [main] o.f.core.internal.command.DbMigrate - Migrating schema "public" to version "55 - fixed assets and depreciation"
01:10:53.596 INFO  [main] o.f.core.internal.command.DbMigrate - Migrating schema "public" to version "56 - inventory items and movements"
01:10:53.598 INFO  [main] o.f.core.internal.command.DbMigrate - Migrating schema "public" to version "57 - bank reconciliation workspace"
01:10:53.599 INFO  [main] o.f.core.internal.command.DbMigrate - Migrating schema "public" to version "58 - txn supplemental lines"
01:10:53.600 INFO  [main] o.f.core.internal.command.DbMigrate - Migrating schema "public" to version "59 - company ui preferences and state"
01:10:53.601 INFO  [main] o.f.core.internal.command.DbMigrate - Migrating schema "public" to version "60 - period close ranges"
01:10:53.605 INFO  [main] o.f.core.internal.command.DbMigrate - Migrating schema "public" to version "61 - company ownership and interchange identity"
01:10:53.615 INFO  [main] o.f.core.internal.command.DbMigrate - Migrating schema "public" to version "62 - txn portable identity"
01:10:53.616 INFO  [main] o.f.core.internal.command.DbMigrate - Successfully applied 26 migrations to schema "public", now at version v62 (execution time 00:00.024s)
01:10:53.623 INFO  [main] org.flywaydb.core.FlywayExecutor - Database: jdbc:h2:mem:repo_test_0512dea3-3cae-4598-8909-cf94dae86ae9 (H2 2.2)
01:10:53.626 INFO  [main] o.f.c.i.s.JdbcTableSchemaHistory - Schema history table "public"."flyway_schema_history" does not exist yet
01:10:53.626 INFO  [main] o.f.core.internal.command.DbValidate - Successfully validated 26 migrations (execution time 00:00.002s)
01:10:53.626 INFO  [main] o.f.c.i.s.JdbcTableSchemaHistory - Creating Schema History table "public"."flyway_schema_history" ...
01:10:53.627 INFO  [main] o.f.core.internal.command.DbMigrate - Current version of schema "public": << Empty Schema >>
01:10:53.628 INFO  [main] o.f.core.internal.command.DbMigrate - Migrating schema "public" to version "1 - init"
01:10:53.631 INFO  [main] o.f.core.internal.command.DbMigrate - Migrating schema "public" to version "2 - schedule items"
01:10:53.632 INFO  [main] o.f.core.internal.command.DbMigrate - Migrating schema "public" to version "3 - subtype schedule defaults"
01:10:53.633 INFO  [main] o.f.core.internal.command.DbMigrate - Migrating schema "public" to version "4 - journal open item core"
01:10:53.634 INFO  [main] o.f.core.internal.command.DbMigrate - Migrating schema "public" to version "5 - open item concurrency and fks"
01:10:53.635 INFO  [main] o.f.core.internal.command.DbMigrate - Migrating schema "public" to version "6 - workflow run records"
01:10:53.636 INFO  [main] o.f.core.internal.command.DbMigrate - Migrating schema "public" to version "7 - workflow run status constraints"
01:10:53.636 INFO  [main] o.f.core.internal.command.DbMigrate - Migrating schema "public" to version "8 - approval audit records"
01:10:53.637 INFO  [main] o.f.core.internal.command.DbMigrate - Migrating schema "public" to version "45 - add budget category"
01:10:53.639 INFO  [main] o.f.core.internal.command.DbMigrate - Migrating schema "public" to version "46 - company user admin foundation"
01:10:53.641 INFO  [main] o.f.core.internal.command.DbMigrate - Migrating schema "public" to version "47 - accounting period and audit"
01:10:53.642 INFO  [main] o.f.core.internal.command.DbMigrate - Migrating schema "public" to version "48 - transaction corrections"
01:10:53.645 INFO  [main] o.f.core.internal.command.DbMigrate - Migrating schema "public" to version "49 - txn reconciliation protection"
01:10:53.646 INFO  [main] o.f.core.internal.command.DbMigrate - Migrating schema "public" to version "50 - budget plan and line"
01:10:53.647 INFO  [main] o.f.core.internal.command.DbMigrate - Migrating schema "public" to version "51 - bank import batch and statement line"
01:10:53.650 INFO  [main] o.f.core.internal.command.DbMigrate - Migrating schema "public" to version "52 - bank and configured bank account"
01:10:53.654 INFO  [main] o.f.core.internal.command.DbMigrate - Migrating schema "public" to version "53 - bank import review all rows"
01:10:53.655 INFO  [main] o.f.core.internal.command.DbMigrate - Migrating schema "public" to version "54 - txn split cleared state"
01:10:53.658 INFO  [main] o.f.core.internal.command.DbMigrate - Migrating schema "public" to version "55 - fixed assets and depreciation"
01:10:53.659 INFO  [main] o.f.core.internal.command.DbMigrate - Migrating schema "public" to version "56 - inventory items and movements"
01:10:53.661 INFO  [main] o.f.core.internal.command.DbMigrate - Migrating schema "public" to version "57 - bank reconciliation workspace"
01:10:53.663 INFO  [main] o.f.core.internal.command.DbMigrate - Migrating schema "public" to version "58 - txn supplemental lines"
01:10:53.664 INFO  [main] o.f.core.internal.command.DbMigrate - Migrating schema "public" to version "59 - company ui preferences and state"
01:10:53.664 INFO  [main] o.f.core.internal.command.DbMigrate - Migrating schema "public" to version "60 - period close ranges"
01:10:53.677 INFO  [main] o.f.core.internal.command.DbMigrate - Migrating schema "public" to version "61 - company ownership and interchange identity"
01:10:53.692 INFO  [main] o.f.core.internal.command.DbMigrate - Migrating schema "public" to version "62 - txn portable identity"
01:10:53.694 INFO  [main] o.f.core.internal.command.DbMigrate - Successfully applied 26 migrations to schema "public", now at version v62 (execution time 00:00.026s)
[INFO] Tests run: 3, Failures: 0, Errors: 0, Skipped: 0, Time elapsed: 0.221 s -- in org.nonprofitbookkeeping.repository.JdbcReconciliationRunRepositoryTest
[INFO] Running org.nonprofitbookkeeping.repository.JdbcApprovalAuditRepositoryTest
01:10:53.701 INFO  [main] org.flywaydb.core.FlywayExecutor - Database: jdbc:h2:mem:repo_test_a9379847-f446-4000-8ae4-9bfc42900705 (H2 2.2)
01:10:53.705 INFO  [main] o.f.c.i.s.JdbcTableSchemaHistory - Schema history table "public"."flyway_schema_history" does not exist yet
01:10:53.705 INFO  [main] o.f.core.internal.command.DbValidate - Successfully validated 26 migrations (execution time 00:00.003s)
01:10:53.705 INFO  [main] o.f.c.i.s.JdbcTableSchemaHistory - Creating Schema History table "public"."flyway_schema_history" ...
01:10:53.706 INFO  [main] o.f.core.internal.command.DbMigrate - Current version of schema "public": << Empty Schema >>
01:10:53.708 INFO  [main] o.f.core.internal.command.DbMigrate - Migrating schema "public" to version "1 - init"
01:10:53.711 INFO  [main] o.f.core.internal.command.DbMigrate - Migrating schema "public" to version "2 - schedule items"
01:10:53.712 INFO  [main] o.f.core.internal.command.DbMigrate - Migrating schema "public" to version "3 - subtype schedule defaults"
01:10:53.713 INFO  [main] o.f.core.internal.command.DbMigrate - Migrating schema "public" to version "4 - journal open item core"
01:10:53.714 INFO  [main] o.f.core.internal.command.DbMigrate - Migrating schema "public" to version "5 - open item concurrency and fks"
01:10:53.715 INFO  [main] o.f.core.internal.command.DbMigrate - Migrating schema "public" to version "6 - workflow run records"
01:10:53.716 INFO  [main] o.f.core.internal.command.DbMigrate - Migrating schema "public" to version "7 - workflow run status constraints"
01:10:53.716 INFO  [main] o.f.core.internal.command.DbMigrate - Migrating schema "public" to version "8 - approval audit records"
01:10:53.717 INFO  [main] o.f.core.internal.command.DbMigrate - Migrating schema "public" to version "45 - add budget category"
01:10:53.719 INFO  [main] o.f.core.internal.command.DbMigrate - Migrating schema "public" to version "46 - company user admin foundation"
01:10:53.721 INFO  [main] o.f.core.internal.command.DbMigrate - Migrating schema "public" to version "47 - accounting period and audit"
01:10:53.722 INFO  [main] o.f.core.internal.command.DbMigrate - Migrating schema "public" to version "48 - transaction corrections"
01:10:53.724 INFO  [main] o.f.core.internal.command.DbMigrate - Migrating schema "public" to version "49 - txn reconciliation protection"
01:10:53.725 INFO  [main] o.f.core.internal.command.DbMigrate - Migrating schema "public" to version "50 - budget plan and line"
01:10:53.727 INFO  [main] o.f.core.internal.command.DbMigrate - Migrating schema "public" to version "51 - bank import batch and statement line"
01:10:53.729 INFO  [main] o.f.core.internal.command.DbMigrate - Migrating schema "public" to version "52 - bank and configured bank account"
01:10:53.733 INFO  [main] o.f.core.internal.command.DbMigrate - Migrating schema "public" to version "53 - bank import review all rows"
01:10:53.734 INFO  [main] o.f.core.internal.command.DbMigrate - Migrating schema "public" to version "54 - txn split cleared state"
01:10:53.737 INFO  [main] o.f.core.internal.command.DbMigrate - Migrating schema "public" to version "55 - fixed assets and depreciation"
01:10:53.739 INFO  [main] o.f.core.internal.command.DbMigrate - Migrating schema "public" to version "56 - inventory items and movements"
01:10:53.740 INFO  [main] o.f.core.internal.command.DbMigrate - Migrating schema "public" to version "57 - bank reconciliation workspace"
01:10:53.742 INFO  [main] o.f.core.internal.command.DbMigrate - Migrating schema "public" to version "58 - txn supplemental lines"
01:10:53.743 INFO  [main] o.f.core.internal.command.DbMigrate - Migrating schema "public" to version "59 - company ui preferences and state"
01:10:53.743 INFO  [main] o.f.core.internal.command.DbMigrate - Migrating schema "public" to version "60 - period close ranges"
01:10:53.747 INFO  [main] o.f.core.internal.command.DbMigrate - Migrating schema "public" to version "61 - company ownership and interchange identity"
01:10:53.757 INFO  [main] o.f.core.internal.command.DbMigrate - Migrating schema "public" to version "62 - txn portable identity"
01:10:53.758 INFO  [main] o.f.core.internal.command.DbMigrate - Successfully applied 26 migrations to schema "public", now at version v62 (execution time 00:00.020s)
01:10:53.765 INFO  [main] org.flywaydb.core.FlywayExecutor - Database: jdbc:h2:mem:repo_test_de42571a-e62a-46a3-a70f-0a8276c1f46c (H2 2.2)
01:10:53.768 INFO  [main] o.f.c.i.s.JdbcTableSchemaHistory - Schema history table "public"."flyway_schema_history" does not exist yet
01:10:53.769 INFO  [main] o.f.core.internal.command.DbValidate - Successfully validated 26 migrations (execution time 00:00.003s)
01:10:53.769 INFO  [main] o.f.c.i.s.JdbcTableSchemaHistory - Creating Schema History table "public"."flyway_schema_history" ...
01:10:53.770 INFO  [main] o.f.core.internal.command.DbMigrate - Current version of schema "public": << Empty Schema >>
01:10:53.772 INFO  [main] o.f.core.internal.command.DbMigrate - Migrating schema "public" to version "1 - init"
01:10:53.775 INFO  [main] o.f.core.internal.command.DbMigrate - Migrating schema "public" to version "2 - schedule items"
01:10:53.776 INFO  [main] o.f.core.internal.command.DbMigrate - Migrating schema "public" to version "3 - subtype schedule defaults"
01:10:53.777 INFO  [main] o.f.core.internal.command.DbMigrate - Migrating schema "public" to version "4 - journal open item core"
01:10:53.778 INFO  [main] o.f.core.internal.command.DbMigrate - Migrating schema "public" to version "5 - open item concurrency and fks"
01:10:53.779 INFO  [main] o.f.core.internal.command.DbMigrate - Migrating schema "public" to version "6 - workflow run records"
01:10:53.780 INFO  [main] o.f.core.internal.command.DbMigrate - Migrating schema "public" to version "7 - workflow run status constraints"
01:10:53.780 INFO  [main] o.f.core.internal.command.DbMigrate - Migrating schema "public" to version "8 - approval audit records"
01:10:53.781 INFO  [main] o.f.core.internal.command.DbMigrate - Migrating schema "public" to version "45 - add budget category"
01:10:53.783 INFO  [main] o.f.core.internal.command.DbMigrate - Migrating schema "public" to version "46 - company user admin foundation"
01:10:53.785 INFO  [main] o.f.core.internal.command.DbMigrate - Migrating schema "public" to version "47 - accounting period and audit"
01:10:53.786 INFO  [main] o.f.core.internal.command.DbMigrate - Migrating schema "public" to version "48 - transaction corrections"
01:10:53.788 INFO  [main] o.f.core.internal.command.DbMigrate - Migrating schema "public" to version "49 - txn reconciliation protection"
01:10:53.789 INFO  [main] o.f.core.internal.command.DbMigrate - Migrating schema "public" to version "50 - budget plan and line"
01:10:53.791 INFO  [main] o.f.core.internal.command.DbMigrate - Migrating schema "public" to version "51 - bank import batch and statement line"
01:10:53.793 INFO  [main] o.f.core.internal.command.DbMigrate - Migrating schema "public" to version "52 - bank and configured bank account"
01:10:53.798 INFO  [main] o.f.core.internal.command.DbMigrate - Migrating schema "public" to version "53 - bank import review all rows"
01:10:53.798 INFO  [main] o.f.core.internal.command.DbMigrate - Migrating schema "public" to version "54 - txn split cleared state"
01:10:53.801 INFO  [main] o.f.core.internal.command.DbMigrate - Migrating schema "public" to version "55 - fixed assets and depreciation"
01:10:53.803 INFO  [main] o.f.core.internal.command.DbMigrate - Migrating schema "public" to version "56 - inventory items and movements"
01:10:53.805 INFO  [main] o.f.core.internal.command.DbMigrate - Migrating schema "public" to version "57 - bank reconciliation workspace"
01:10:53.806 INFO  [main] o.f.core.internal.command.DbMigrate - Migrating schema "public" to version "58 - txn supplemental lines"
01:10:53.807 INFO  [main] o.f.core.internal.command.DbMigrate - Migrating schema "public" to version "59 - company ui preferences and state"
01:10:53.808 INFO  [main] o.f.core.internal.command.DbMigrate - Migrating schema "public" to version "60 - period close ranges"
01:10:53.812 INFO  [main] o.f.core.internal.command.DbMigrate - Migrating schema "public" to version "61 - company ownership and interchange identity"
01:10:53.821 INFO  [main] o.f.core.internal.command.DbMigrate - Migrating schema "public" to version "62 - txn portable identity"
01:10:53.823 INFO  [main] o.f.core.internal.command.DbMigrate - Successfully applied 26 migrations to schema "public", now at version v62 (execution time 00:00.020s)
[INFO] Tests run: 2, Failures: 0, Errors: 0, Skipped: 0, Time elapsed: 0.128 s -- in org.nonprofitbookkeeping.repository.JdbcApprovalAuditRepositoryTest
[INFO] Running org.nonprofitbookkeeping.repository.JdbcOpenItemSnapshotRepositoryTest
01:10:53.830 INFO  [main] org.flywaydb.core.FlywayExecutor - Database: jdbc:h2:mem:repo_test_903423f7-e8a0-4657-9fd2-66ba168e33bd (H2 2.2)
01:10:53.833 INFO  [main] o.f.c.i.s.JdbcTableSchemaHistory - Schema history table "public"."flyway_schema_history" does not exist yet
01:10:53.833 INFO  [main] o.f.core.internal.command.DbValidate - Successfully validated 26 migrations (execution time 00:00.002s)
01:10:53.834 INFO  [main] o.f.c.i.s.JdbcTableSchemaHistory - Creating Schema History table "public"."flyway_schema_history" ...
01:10:53.834 INFO  [main] o.f.core.internal.command.DbMigrate - Current version of schema "public": << Empty Schema >>
01:10:53.836 INFO  [main] o.f.core.internal.command.DbMigrate - Migrating schema "public" to version "1 - init"
01:10:53.839 INFO  [main] o.f.core.internal.command.DbMigrate - Migrating schema "public" to version "2 - schedule items"
01:10:53.840 INFO  [main] o.f.core.internal.command.DbMigrate - Migrating schema "public" to version "3 - subtype schedule defaults"
01:10:53.841 INFO  [main] o.f.core.internal.command.DbMigrate - Migrating schema "public" to version "4 - journal open item core"
01:10:53.842 INFO  [main] o.f.core.internal.command.DbMigrate - Migrating schema "public" to version "5 - open item concurrency and fks"
01:10:53.843 INFO  [main] o.f.core.internal.command.DbMigrate - Migrating schema "public" to version "6 - workflow run records"
01:10:53.844 INFO  [main] o.f.core.internal.command.DbMigrate - Migrating schema "public" to version "7 - workflow run status constraints"
01:10:53.844 INFO  [main] o.f.core.internal.command.DbMigrate - Migrating schema "public" to version "8 - approval audit records"
01:10:53.845 INFO  [main] o.f.core.internal.command.DbMigrate - Migrating schema "public" to version "45 - add budget category"
01:10:53.847 INFO  [main] o.f.core.internal.command.DbMigrate - Migrating schema "public" to version "46 - company user admin foundation"
01:10:53.849 INFO  [main] o.f.core.internal.command.DbMigrate - Migrating schema "public" to version "47 - accounting period and audit"
01:10:53.850 INFO  [main] o.f.core.internal.command.DbMigrate - Migrating schema "public" to version "48 - transaction corrections"
01:10:53.852 INFO  [main] o.f.core.internal.command.DbMigrate - Migrating schema "public" to version "49 - txn reconciliation protection"
01:10:53.853 INFO  [main] o.f.core.internal.command.DbMigrate - Migrating schema "public" to version "50 - budget plan and line"
01:10:53.855 INFO  [main] o.f.core.internal.command.DbMigrate - Migrating schema "public" to version "51 - bank import batch and statement line"
01:10:53.858 INFO  [main] o.f.core.internal.command.DbMigrate - Migrating schema "public" to version "52 - bank and configured bank account"
01:10:53.862 INFO  [main] o.f.core.internal.command.DbMigrate - Migrating schema "public" to version "53 - bank import review all rows"
01:10:53.863 INFO  [main] o.f.core.internal.command.DbMigrate - Migrating schema "public" to version "54 - txn split cleared state"
01:10:53.866 INFO  [main] o.f.core.internal.command.DbMigrate - Migrating schema "public" to version "55 - fixed assets and depreciation"
01:10:53.867 INFO  [main] o.f.core.internal.command.DbMigrate - Migrating schema "public" to version "56 - inventory items and movements"
01:10:53.869 INFO  [main] o.f.core.internal.command.DbMigrate - Migrating schema "public" to version "57 - bank reconciliation workspace"
01:10:53.870 INFO  [main] o.f.core.internal.command.DbMigrate - Migrating schema "public" to version "58 - txn supplemental lines"
01:10:53.871 INFO  [main] o.f.core.internal.command.DbMigrate - Migrating schema "public" to version "59 - company ui preferences and state"
01:10:53.872 INFO  [main] o.f.core.internal.command.DbMigrate - Migrating schema "public" to version "60 - period close ranges"
01:10:53.876 INFO  [main] o.f.core.internal.command.DbMigrate - Migrating schema "public" to version "61 - company ownership and interchange identity"
01:10:53.885 INFO  [main] o.f.core.internal.command.DbMigrate - Migrating schema "public" to version "62 - txn portable identity"
01:10:53.887 INFO  [main] o.f.core.internal.command.DbMigrate - Successfully applied 26 migrations to schema "public", now at version v62 (execution time 00:00.020s)
01:10:53.893 INFO  [main] org.flywaydb.core.FlywayExecutor - Database: jdbc:h2:mem:repo_test_6a20041f-feb0-46f9-a031-0a8b4dbfeb7e (H2 2.2)
01:10:53.895 INFO  [main] o.f.c.i.s.JdbcTableSchemaHistory - Schema history table "public"."flyway_schema_history" does not exist yet
01:10:53.895 INFO  [main] o.f.core.internal.command.DbValidate - Successfully validated 26 migrations (execution time 00:00.002s)
01:10:53.896 INFO  [main] o.f.c.i.s.JdbcTableSchemaHistory - Creating Schema History table "public"."flyway_schema_history" ...
01:10:53.896 INFO  [main] o.f.core.internal.command.DbMigrate - Current version of schema "public": << Empty Schema >>
01:10:53.898 INFO  [main] o.f.core.internal.command.DbMigrate - Migrating schema "public" to version "1 - init"
01:10:53.901 INFO  [main] o.f.core.internal.command.DbMigrate - Migrating schema "public" to version "2 - schedule items"
01:10:53.902 INFO  [main] o.f.core.internal.command.DbMigrate - Migrating schema "public" to version "3 - subtype schedule defaults"
01:10:53.903 INFO  [main] o.f.core.internal.command.DbMigrate - Migrating schema "public" to version "4 - journal open item core"
01:10:53.904 INFO  [main] o.f.core.internal.command.DbMigrate - Migrating schema "public" to version "5 - open item concurrency and fks"
01:10:53.905 INFO  [main] o.f.core.internal.command.DbMigrate - Migrating schema "public" to version "6 - workflow run records"
01:10:53.906 INFO  [main] o.f.core.internal.command.DbMigrate - Migrating schema "public" to version "7 - workflow run status constraints"
01:10:53.906 INFO  [main] o.f.core.internal.command.DbMigrate - Migrating schema "public" to version "8 - approval audit records"
01:10:53.907 INFO  [main] o.f.core.internal.command.DbMigrate - Migrating schema "public" to version "45 - add budget category"
01:10:53.909 INFO  [main] o.f.core.internal.command.DbMigrate - Migrating schema "public" to version "46 - company user admin foundation"
01:10:53.911 INFO  [main] o.f.core.internal.command.DbMigrate - Migrating schema "public" to version "47 - accounting period and audit"
01:10:53.912 INFO  [main] o.f.core.internal.command.DbMigrate - Migrating schema "public" to version "48 - transaction corrections"
01:10:53.914 INFO  [main] o.f.core.internal.command.DbMigrate - Migrating schema "public" to version "49 - txn reconciliation protection"
01:10:53.915 INFO  [main] o.f.core.internal.command.DbMigrate - Migrating schema "public" to version "50 - budget plan and line"
01:10:53.917 INFO  [main] o.f.core.internal.command.DbMigrate - Migrating schema "public" to version "51 - bank import batch and statement line"
01:10:53.919 INFO  [main] o.f.core.internal.command.DbMigrate - Migrating schema "public" to version "52 - bank and configured bank account"
01:10:53.923 INFO  [main] o.f.core.internal.command.DbMigrate - Migrating schema "public" to version "53 - bank import review all rows"
01:10:53.923 INFO  [main] o.f.core.internal.command.DbMigrate - Migrating schema "public" to version "54 - txn split cleared state"
01:10:53.926 INFO  [main] o.f.core.internal.command.DbMigrate - Migrating schema "public" to version "55 - fixed assets and depreciation"
01:10:53.928 INFO  [main] o.f.core.internal.command.DbMigrate - Migrating schema "public" to version "56 - inventory items and movements"
01:10:53.929 INFO  [main] o.f.core.internal.command.DbMigrate - Migrating schema "public" to version "57 - bank reconciliation workspace"
01:10:53.931 INFO  [main] o.f.core.internal.command.DbMigrate - Migrating schema "public" to version "58 - txn supplemental lines"
01:10:53.932 INFO  [main] o.f.core.internal.command.DbMigrate - Migrating schema "public" to version "59 - company ui preferences and state"
01:10:53.932 INFO  [main] o.f.core.internal.command.DbMigrate - Migrating schema "public" to version "60 - period close ranges"
01:10:53.936 INFO  [main] o.f.core.internal.command.DbMigrate - Migrating schema "public" to version "61 - company ownership and interchange identity"
01:10:53.945 INFO  [main] o.f.core.internal.command.DbMigrate - Migrating schema "public" to version "62 - txn portable identity"
01:10:53.947 INFO  [main] o.f.core.internal.command.DbMigrate - Successfully applied 26 migrations to schema "public", now at version v62 (execution time 00:00.018s)
01:10:53.952 INFO  [main] org.flywaydb.core.FlywayExecutor - Database: jdbc:h2:mem:repo_test_abd14e8b-b532-457e-b6d1-dfde9d030062 (H2 2.2)
01:10:53.955 INFO  [main] o.f.c.i.s.JdbcTableSchemaHistory - Schema history table "public"."flyway_schema_history" does not exist yet
01:10:53.955 INFO  [main] o.f.core.internal.command.DbValidate - Successfully validated 26 migrations (execution time 00:00.002s)
01:10:53.955 INFO  [main] o.f.c.i.s.JdbcTableSchemaHistory - Creating Schema History table "public"."flyway_schema_history" ...
01:10:53.956 INFO  [main] o.f.core.internal.command.DbMigrate - Current version of schema "public": << Empty Schema >>
01:10:53.957 INFO  [main] o.f.core.internal.command.DbMigrate - Migrating schema "public" to version "1 - init"
01:10:53.960 INFO  [main] o.f.core.internal.command.DbMigrate - Migrating schema "public" to version "2 - schedule items"
01:10:53.961 INFO  [main] o.f.core.internal.command.DbMigrate - Migrating schema "public" to version "3 - subtype schedule defaults"
01:10:53.962 INFO  [main] o.f.core.internal.command.DbMigrate - Migrating schema "public" to version "4 - journal open item core"
01:10:53.963 INFO  [main] o.f.core.internal.command.DbMigrate - Migrating schema "public" to version "5 - open item concurrency and fks"
01:10:53.964 INFO  [main] o.f.core.internal.command.DbMigrate - Migrating schema "public" to version "6 - workflow run records"
01:10:53.965 INFO  [main] o.f.core.internal.command.DbMigrate - Migrating schema "public" to version "7 - workflow run status constraints"
01:10:53.965 INFO  [main] o.f.core.internal.command.DbMigrate - Migrating schema "public" to version "8 - approval audit records"
01:10:53.966 INFO  [main] o.f.core.internal.command.DbMigrate - Migrating schema "public" to version "45 - add budget category"
01:10:53.968 INFO  [main] o.f.core.internal.command.DbMigrate - Migrating schema "public" to version "46 - company user admin foundation"
01:10:53.970 INFO  [main] o.f.core.internal.command.DbMigrate - Migrating schema "public" to version "47 - accounting period and audit"
01:10:53.971 INFO  [main] o.f.core.internal.command.DbMigrate - Migrating schema "public" to version "48 - transaction corrections"
01:10:53.973 INFO  [main] o.f.core.internal.command.DbMigrate - Migrating schema "public" to version "49 - txn reconciliation protection"
01:10:53.974 INFO  [main] o.f.core.internal.command.DbMigrate - Migrating schema "public" to version "50 - budget plan and line"
01:10:53.976 INFO  [main] o.f.core.internal.command.DbMigrate - Migrating schema "public" to version "51 - bank import batch and statement line"
01:10:53.978 INFO  [main] o.f.core.internal.command.DbMigrate - Migrating schema "public" to version "52 - bank and configured bank account"
01:10:53.982 INFO  [main] o.f.core.internal.command.DbMigrate - Migrating schema "public" to version "53 - bank import review all rows"
01:10:53.983 INFO  [main] o.f.core.internal.command.DbMigrate - Migrating schema "public" to version "54 - txn split cleared state"
01:10:53.986 INFO  [main] o.f.core.internal.command.DbMigrate - Migrating schema "public" to version "55 - fixed assets and depreciation"
01:10:53.988 INFO  [main] o.f.core.internal.command.DbMigrate - Migrating schema "public" to version "56 - inventory items and movements"
01:10:53.989 INFO  [main] o.f.core.internal.command.DbMigrate - Migrating schema "public" to version "57 - bank reconciliation workspace"
01:10:53.990 INFO  [main] o.f.core.internal.command.DbMigrate - Migrating schema "public" to version "58 - txn supplemental lines"
01:10:53.991 INFO  [main] o.f.core.internal.command.DbMigrate - Migrating schema "public" to version "59 - company ui preferences and state"
01:10:53.992 INFO  [main] o.f.core.internal.command.DbMigrate - Migrating schema "public" to version "60 - period close ranges"
01:10:53.996 INFO  [main] o.f.core.internal.command.DbMigrate - Migrating schema "public" to version "61 - company ownership and interchange identity"
01:10:54.006 INFO  [main] o.f.core.internal.command.DbMigrate - Migrating schema "public" to version "62 - txn portable identity"
01:10:54.008 INFO  [main] o.f.core.internal.command.DbMigrate - Successfully applied 26 migrations to schema "public", now at version v62 (execution time 00:00.021s)
01:10:54.013 INFO  [main] org.flywaydb.core.FlywayExecutor - Database: jdbc:h2:mem:repo_test_8aa15ee1-d31d-47c4-ad84-a10c2b62e27b (H2 2.2)
01:10:54.016 INFO  [main] o.f.c.i.s.JdbcTableSchemaHistory - Schema history table "public"."flyway_schema_history" does not exist yet
01:10:54.016 INFO  [main] o.f.core.internal.command.DbValidate - Successfully validated 26 migrations (execution time 00:00.002s)
01:10:54.016 INFO  [main] o.f.c.i.s.JdbcTableSchemaHistory - Creating Schema History table "public"."flyway_schema_history" ...
01:10:54.017 INFO  [main] o.f.core.internal.command.DbMigrate - Current version of schema "public": << Empty Schema >>
01:10:54.018 INFO  [main] o.f.core.internal.command.DbMigrate - Migrating schema "public" to version "1 - init"
01:10:54.021 INFO  [main] o.f.core.internal.command.DbMigrate - Migrating schema "public" to version "2 - schedule items"
01:10:54.022 INFO  [main] o.f.core.internal.command.DbMigrate - Migrating schema "public" to version "3 - subtype schedule defaults"
01:10:54.023 INFO  [main] o.f.core.internal.command.DbMigrate - Migrating schema "public" to version "4 - journal open item core"
01:10:54.024 INFO  [main] o.f.core.internal.command.DbMigrate - Migrating schema "public" to version "5 - open item concurrency and fks"
01:10:54.025 INFO  [main] o.f.core.internal.command.DbMigrate - Migrating schema "public" to version "6 - workflow run records"
01:10:54.025 INFO  [main] o.f.core.internal.command.DbMigrate - Migrating schema "public" to version "7 - workflow run status constraints"
01:10:54.026 INFO  [main] o.f.core.internal.command.DbMigrate - Migrating schema "public" to version "8 - approval audit records"
01:10:54.027 INFO  [main] o.f.core.internal.command.DbMigrate - Migrating schema "public" to version "45 - add budget category"
01:10:54.029 INFO  [main] o.f.core.internal.command.DbMigrate - Migrating schema "public" to version "46 - company user admin foundation"
01:10:54.030 INFO  [main] o.f.core.internal.command.DbMigrate - Migrating schema "public" to version "47 - accounting period and audit"
01:10:54.031 INFO  [main] o.f.core.internal.command.DbMigrate - Migrating schema "public" to version "48 - transaction corrections"
01:10:54.034 INFO  [main] o.f.core.internal.command.DbMigrate - Migrating schema "public" to version "49 - txn reconciliation protection"
01:10:54.035 INFO  [main] o.f.core.internal.command.DbMigrate - Migrating schema "public" to version "50 - budget plan and line"
01:10:54.037 INFO  [main] o.f.core.internal.command.DbMigrate - Migrating schema "public" to version "51 - bank import batch and statement line"
01:10:54.052 INFO  [main] o.f.core.internal.command.DbMigrate - Migrating schema "public" to version "52 - bank and configured bank account"
01:10:54.056 INFO  [main] o.f.core.internal.command.DbMigrate - Migrating schema "public" to version "53 - bank import review all rows"
01:10:54.057 INFO  [main] o.f.core.internal.command.DbMigrate - Migrating schema "public" to version "54 - txn split cleared state"
01:10:54.060 INFO  [main] o.f.core.internal.command.DbMigrate - Migrating schema "public" to version "55 - fixed assets and depreciation"
01:10:54.062 INFO  [main] o.f.core.internal.command.DbMigrate - Migrating schema "public" to version "56 - inventory items and movements"
01:10:54.064 INFO  [main] o.f.core.internal.command.DbMigrate - Migrating schema "public" to version "57 - bank reconciliation workspace"
01:10:54.065 INFO  [main] o.f.core.internal.command.DbMigrate - Migrating schema "public" to version "58 - txn supplemental lines"
01:10:54.066 INFO  [main] o.f.core.internal.command.DbMigrate - Migrating schema "public" to version "59 - company ui preferences and state"
01:10:54.067 INFO  [main] o.f.core.internal.command.DbMigrate - Migrating schema "public" to version "60 - period close ranges"
01:10:54.070 INFO  [main] o.f.core.internal.command.DbMigrate - Migrating schema "public" to version "61 - company ownership and interchange identity"
01:10:54.080 INFO  [main] o.f.core.internal.command.DbMigrate - Migrating schema "public" to version "62 - txn portable identity"
01:10:54.082 INFO  [main] o.f.core.internal.command.DbMigrate - Successfully applied 26 migrations to schema "public", now at version v62 (execution time 00:00.032s)
01:10:54.087 INFO  [main] org.flywaydb.core.FlywayExecutor - Database: jdbc:h2:mem:repo_test_df0acfb0-a2fc-4b96-9c71-7befd976bbc8 (H2 2.2)
01:10:54.090 INFO  [main] o.f.c.i.s.JdbcTableSchemaHistory - Schema history table "public"."flyway_schema_history" does not exist yet
01:10:54.090 INFO  [main] o.f.core.internal.command.DbValidate - Successfully validated 26 migrations (execution time 00:00.002s)
01:10:54.090 INFO  [main] o.f.c.i.s.JdbcTableSchemaHistory - Creating Schema History table "public"."flyway_schema_history" ...
01:10:54.091 INFO  [main] o.f.core.internal.command.DbMigrate - Current version of schema "public": << Empty Schema >>
01:10:54.092 INFO  [main] o.f.core.internal.command.DbMigrate - Migrating schema "public" to version "1 - init"
01:10:54.095 INFO  [main] o.f.core.internal.command.DbMigrate - Migrating schema "public" to version "2 - schedule items"
01:10:54.096 INFO  [main] o.f.core.internal.command.DbMigrate - Migrating schema "public" to version "3 - subtype schedule defaults"
01:10:54.097 INFO  [main] o.f.core.internal.command.DbMigrate - Migrating schema "public" to version "4 - journal open item core"
01:10:54.098 INFO  [main] o.f.core.internal.command.DbMigrate - Migrating schema "public" to version "5 - open item concurrency and fks"
01:10:54.099 INFO  [main] o.f.core.internal.command.DbMigrate - Migrating schema "public" to version "6 - workflow run records"
01:10:54.100 INFO  [main] o.f.core.internal.command.DbMigrate - Migrating schema "public" to version "7 - workflow run status constraints"
01:10:54.100 INFO  [main] o.f.core.internal.command.DbMigrate - Migrating schema "public" to version "8 - approval audit records"
01:10:54.101 INFO  [main] o.f.core.internal.command.DbMigrate - Migrating schema "public" to version "45 - add budget category"
01:10:54.103 INFO  [main] o.f.core.internal.command.DbMigrate - Migrating schema "public" to version "46 - company user admin foundation"
01:10:54.105 INFO  [main] o.f.core.internal.command.DbMigrate - Migrating schema "public" to version "47 - accounting period and audit"
01:10:54.106 INFO  [main] o.f.core.internal.command.DbMigrate - Migrating schema "public" to version "48 - transaction corrections"
01:10:54.108 INFO  [main] o.f.core.internal.command.DbMigrate - Migrating schema "public" to version "49 - txn reconciliation protection"
01:10:54.109 INFO  [main] o.f.core.internal.command.DbMigrate - Migrating schema "public" to version "50 - budget plan and line"
01:10:54.111 INFO  [main] o.f.core.internal.command.DbMigrate - Migrating schema "public" to version "51 - bank import batch and statement line"
01:10:54.113 INFO  [main] o.f.core.internal.command.DbMigrate - Migrating schema "public" to version "52 - bank and configured bank account"
01:10:54.117 INFO  [main] o.f.core.internal.command.DbMigrate - Migrating schema "public" to version "53 - bank import review all rows"
01:10:54.118 INFO  [main] o.f.core.internal.command.DbMigrate - Migrating schema "public" to version "54 - txn split cleared state"
01:10:54.121 INFO  [main] o.f.core.internal.command.DbMigrate - Migrating schema "public" to version "55 - fixed assets and depreciation"
01:10:54.123 INFO  [main] o.f.core.internal.command.DbMigrate - Migrating schema "public" to version "56 - inventory items and movements"
01:10:54.125 INFO  [main] o.f.core.internal.command.DbMigrate - Migrating schema "public" to version "57 - bank reconciliation workspace"
01:10:54.126 INFO  [main] o.f.core.internal.command.DbMigrate - Migrating schema "public" to version "58 - txn supplemental lines"
01:10:54.127 INFO  [main] o.f.core.internal.command.DbMigrate - Migrating schema "public" to version "59 - company ui preferences and state"
01:10:54.128 INFO  [main] o.f.core.internal.command.DbMigrate - Migrating schema "public" to version "60 - period close ranges"
01:10:54.132 INFO  [main] o.f.core.internal.command.DbMigrate - Migrating schema "public" to version "61 - company ownership and interchange identity"
01:10:54.141 INFO  [main] o.f.core.internal.command.DbMigrate - Migrating schema "public" to version "62 - txn portable identity"
01:10:54.143 INFO  [main] o.f.core.internal.command.DbMigrate - Successfully applied 26 migrations to schema "public", now at version v62 (execution time 00:00.020s)
01:10:54.150 INFO  [main] org.flywaydb.core.FlywayExecutor - Database: jdbc:h2:mem:repo_test_afae724e-8d0a-423c-a311-79c36c401b18 (H2 2.2)
01:10:54.153 INFO  [main] o.f.c.i.s.JdbcTableSchemaHistory - Schema history table "public"."flyway_schema_history" does not exist yet
01:10:54.153 INFO  [main] o.f.core.internal.command.DbValidate - Successfully validated 26 migrations (execution time 00:00.002s)
01:10:54.153 INFO  [main] o.f.c.i.s.JdbcTableSchemaHistory - Creating Schema History table "public"."flyway_schema_history" ...
01:10:54.154 INFO  [main] o.f.core.internal.command.DbMigrate - Current version of schema "public": << Empty Schema >>
01:10:54.156 INFO  [main] o.f.core.internal.command.DbMigrate - Migrating schema "public" to version "1 - init"
01:10:54.158 INFO  [main] o.f.core.internal.command.DbMigrate - Migrating schema "public" to version "2 - schedule items"
01:10:54.159 INFO  [main] o.f.core.internal.command.DbMigrate - Migrating schema "public" to version "3 - subtype schedule defaults"
01:10:54.160 INFO  [main] o.f.core.internal.command.DbMigrate - Migrating schema "public" to version "4 - journal open item core"
01:10:54.161 INFO  [main] o.f.core.internal.command.DbMigrate - Migrating schema "public" to version "5 - open item concurrency and fks"
01:10:54.162 INFO  [main] o.f.core.internal.command.DbMigrate - Migrating schema "public" to version "6 - workflow run records"
01:10:54.163 INFO  [main] o.f.core.internal.command.DbMigrate - Migrating schema "public" to version "7 - workflow run status constraints"
01:10:54.164 INFO  [main] o.f.core.internal.command.DbMigrate - Migrating schema "public" to version "8 - approval audit records"
01:10:54.164 INFO  [main] o.f.core.internal.command.DbMigrate - Migrating schema "public" to version "45 - add budget category"
01:10:54.167 INFO  [main] o.f.core.internal.command.DbMigrate - Migrating schema "public" to version "46 - company user admin foundation"
01:10:54.169 INFO  [main] o.f.core.internal.command.DbMigrate - Migrating schema "public" to version "47 - accounting period and audit"
01:10:54.170 INFO  [main] o.f.core.internal.command.DbMigrate - Migrating schema "public" to version "48 - transaction corrections"
01:10:54.172 INFO  [main] o.f.core.internal.command.DbMigrate - Migrating schema "public" to version "49 - txn reconciliation protection"
01:10:54.173 INFO  [main] o.f.core.internal.command.DbMigrate - Migrating schema "public" to version "50 - budget plan and line"
01:10:54.175 INFO  [main] o.f.core.internal.command.DbMigrate - Migrating schema "public" to version "51 - bank import batch and statement line"
01:10:54.177 INFO  [main] o.f.core.internal.command.DbMigrate - Migrating schema "public" to version "52 - bank and configured bank account"
01:10:54.181 INFO  [main] o.f.core.internal.command.DbMigrate - Migrating schema "public" to version "53 - bank import review all rows"
01:10:54.182 INFO  [main] o.f.core.internal.command.DbMigrate - Migrating schema "public" to version "54 - txn split cleared state"
01:10:54.185 INFO  [main] o.f.core.internal.command.DbMigrate - Migrating schema "public" to version "55 - fixed assets and depreciation"
01:10:54.187 INFO  [main] o.f.core.internal.command.DbMigrate - Migrating schema "public" to version "56 - inventory items and movements"
01:10:54.189 INFO  [main] o.f.core.internal.command.DbMigrate - Migrating schema "public" to version "57 - bank reconciliation workspace"
01:10:54.190 INFO  [main] o.f.core.internal.command.DbMigrate - Migrating schema "public" to version "58 - txn supplemental lines"
01:10:54.191 INFO  [main] o.f.core.internal.command.DbMigrate - Migrating schema "public" to version "59 - company ui preferences and state"
01:10:54.192 INFO  [main] o.f.core.internal.command.DbMigrate - Migrating schema "public" to version "60 - period close ranges"
01:10:54.196 INFO  [main] o.f.core.internal.command.DbMigrate - Migrating schema "public" to version "61 - company ownership and interchange identity"
01:10:54.205 INFO  [main] o.f.core.internal.command.DbMigrate - Migrating schema "public" to version "62 - txn portable identity"
01:10:54.207 INFO  [main] o.f.core.internal.command.DbMigrate - Successfully applied 26 migrations to schema "public", now at version v62 (execution time 00:00.020s)
01:10:54.212 INFO  [main] org.flywaydb.core.FlywayExecutor - Database: jdbc:h2:mem:repo_test_5ee9cac7-a3b5-4de1-baa6-012534c9dcf4 (H2 2.2)
01:10:54.215 INFO  [main] o.f.c.i.s.JdbcTableSchemaHistory - Schema history table "public"."flyway_schema_history" does not exist yet
01:10:54.215 INFO  [main] o.f.core.internal.command.DbValidate - Successfully validated 26 migrations (execution time 00:00.002s)
01:10:54.215 INFO  [main] o.f.c.i.s.JdbcTableSchemaHistory - Creating Schema History table "public"."flyway_schema_history" ...
01:10:54.216 INFO  [main] o.f.core.internal.command.DbMigrate - Current version of schema "public": << Empty Schema >>
01:10:54.218 INFO  [main] o.f.core.internal.command.DbMigrate - Migrating schema "public" to version "1 - init"
01:10:54.221 INFO  [main] o.f.core.internal.command.DbMigrate - Migrating schema "public" to version "2 - schedule items"
01:10:54.222 INFO  [main] o.f.core.internal.command.DbMigrate - Migrating schema "public" to version "3 - subtype schedule defaults"
01:10:54.223 INFO  [main] o.f.core.internal.command.DbMigrate - Migrating schema "public" to version "4 - journal open item core"
01:10:54.224 INFO  [main] o.f.core.internal.command.DbMigrate - Migrating schema "public" to version "5 - open item concurrency and fks"
01:10:54.225 INFO  [main] o.f.core.internal.command.DbMigrate - Migrating schema "public" to version "6 - workflow run records"
01:10:54.226 INFO  [main] o.f.core.internal.command.DbMigrate - Migrating schema "public" to version "7 - workflow run status constraints"
01:10:54.226 INFO  [main] o.f.core.internal.command.DbMigrate - Migrating schema "public" to version "8 - approval audit records"
01:10:54.227 INFO  [main] o.f.core.internal.command.DbMigrate - Migrating schema "public" to version "45 - add budget category"
01:10:54.229 INFO  [main] o.f.core.internal.command.DbMigrate - Migrating schema "public" to version "46 - company user admin foundation"
01:10:54.231 INFO  [main] o.f.core.internal.command.DbMigrate - Migrating schema "public" to version "47 - accounting period and audit"
01:10:54.232 INFO  [main] o.f.core.internal.command.DbMigrate - Migrating schema "public" to version "48 - transaction corrections"
01:10:54.234 INFO  [main] o.f.core.internal.command.DbMigrate - Migrating schema "public" to version "49 - txn reconciliation protection"
01:10:54.235 INFO  [main] o.f.core.internal.command.DbMigrate - Migrating schema "public" to version "50 - budget plan and line"
01:10:54.237 INFO  [main] o.f.core.internal.command.DbMigrate - Migrating schema "public" to version "51 - bank import batch and statement line"
01:10:54.239 INFO  [main] o.f.core.internal.command.DbMigrate - Migrating schema "public" to version "52 - bank and configured bank account"
01:10:54.243 INFO  [main] o.f.core.internal.command.DbMigrate - Migrating schema "public" to version "53 - bank import review all rows"
01:10:54.243 INFO  [main] o.f.core.internal.command.DbMigrate - Migrating schema "public" to version "54 - txn split cleared state"
01:10:54.246 INFO  [main] o.f.core.internal.command.DbMigrate - Migrating schema "public" to version "55 - fixed assets and depreciation"
01:10:54.248 INFO  [main] o.f.core.internal.command.DbMigrate - Migrating schema "public" to version "56 - inventory items and movements"
01:10:54.249 INFO  [main] o.f.core.internal.command.DbMigrate - Migrating schema "public" to version "57 - bank reconciliation workspace"
01:10:54.250 INFO  [main] o.f.core.internal.command.DbMigrate - Migrating schema "public" to version "58 - txn supplemental lines"
01:10:54.251 INFO  [main] o.f.core.internal.command.DbMigrate - Migrating schema "public" to version "59 - company ui preferences and state"
01:10:54.252 INFO  [main] o.f.core.internal.command.DbMigrate - Migrating schema "public" to version "60 - period close ranges"
01:10:54.256 INFO  [main] o.f.core.internal.command.DbMigrate - Migrating schema "public" to version "61 - company ownership and interchange identity"
01:10:54.265 INFO  [main] o.f.core.internal.command.DbMigrate - Migrating schema "public" to version "62 - txn portable identity"
01:10:54.266 INFO  [main] o.f.core.internal.command.DbMigrate - Successfully applied 26 migrations to schema "public", now at version v62 (execution time 00:00.018s)
01:10:54.271 INFO  [main] org.flywaydb.core.FlywayExecutor - Database: jdbc:h2:mem:repo_test_e1b38190-4bc2-4ef7-b5b5-095b3d7ad037 (H2 2.2)
01:10:54.274 INFO  [main] o.f.c.i.s.JdbcTableSchemaHistory - Schema history table "public"."flyway_schema_history" does not exist yet
01:10:54.274 INFO  [main] o.f.core.internal.command.DbValidate - Successfully validated 26 migrations (execution time 00:00.002s)
01:10:54.274 INFO  [main] o.f.c.i.s.JdbcTableSchemaHistory - Creating Schema History table "public"."flyway_schema_history" ...
01:10:54.275 INFO  [main] o.f.core.internal.command.DbMigrate - Current version of schema "public": << Empty Schema >>
01:10:54.276 INFO  [main] o.f.core.internal.command.DbMigrate - Migrating schema "public" to version "1 - init"
01:10:54.279 INFO  [main] o.f.core.internal.command.DbMigrate - Migrating schema "public" to version "2 - schedule items"
01:10:54.280 INFO  [main] o.f.core.internal.command.DbMigrate - Migrating schema "public" to version "3 - subtype schedule defaults"
01:10:54.281 INFO  [main] o.f.core.internal.command.DbMigrate - Migrating schema "public" to version "4 - journal open item core"
01:10:54.282 INFO  [main] o.f.core.internal.command.DbMigrate - Migrating schema "public" to version "5 - open item concurrency and fks"
01:10:54.283 INFO  [main] o.f.core.internal.command.DbMigrate - Migrating schema "public" to version "6 - workflow run records"
01:10:54.284 INFO  [main] o.f.core.internal.command.DbMigrate - Migrating schema "public" to version "7 - workflow run status constraints"
01:10:54.284 INFO  [main] o.f.core.internal.command.DbMigrate - Migrating schema "public" to version "8 - approval audit records"
01:10:54.285 INFO  [main] o.f.core.internal.command.DbMigrate - Migrating schema "public" to version "45 - add budget category"
01:10:54.287 INFO  [main] o.f.core.internal.command.DbMigrate - Migrating schema "public" to version "46 - company user admin foundation"
01:10:54.289 INFO  [main] o.f.core.internal.command.DbMigrate - Migrating schema "public" to version "47 - accounting period and audit"
01:10:54.290 INFO  [main] o.f.core.internal.command.DbMigrate - Migrating schema "public" to version "48 - transaction corrections"
01:10:54.292 INFO  [main] o.f.core.internal.command.DbMigrate - Migrating schema "public" to version "49 - txn reconciliation protection"
01:10:54.293 INFO  [main] o.f.core.internal.command.DbMigrate - Migrating schema "public" to version "50 - budget plan and line"
01:10:54.295 INFO  [main] o.f.core.internal.command.DbMigrate - Migrating schema "public" to version "51 - bank import batch and statement line"
01:10:54.297 INFO  [main] o.f.core.internal.command.DbMigrate - Migrating schema "public" to version "52 - bank and configured bank account"
01:10:54.302 INFO  [main] o.f.core.internal.command.DbMigrate - Migrating schema "public" to version "53 - bank import review all rows"
01:10:54.302 INFO  [main] o.f.core.internal.command.DbMigrate - Migrating schema "public" to version "54 - txn split cleared state"
01:10:54.305 INFO  [main] o.f.core.internal.command.DbMigrate - Migrating schema "public" to version "55 - fixed assets and depreciation"
01:10:54.307 INFO  [main] o.f.core.internal.command.DbMigrate - Migrating schema "public" to version "56 - inventory items and movements"
01:10:54.309 INFO  [main] o.f.core.internal.command.DbMigrate - Migrating schema "public" to version "57 - bank reconciliation workspace"
01:10:54.310 INFO  [main] o.f.core.internal.command.DbMigrate - Migrating schema "public" to version "58 - txn supplemental lines"
01:10:54.311 INFO  [main] o.f.core.internal.command.DbMigrate - Migrating schema "public" to version "59 - company ui preferences and state"
01:10:54.312 INFO  [main] o.f.core.internal.command.DbMigrate - Migrating schema "public" to version "60 - period close ranges"
01:10:54.316 INFO  [main] o.f.core.internal.command.DbMigrate - Migrating schema "public" to version "61 - company ownership and interchange identity"
01:10:54.325 INFO  [main] o.f.core.internal.command.DbMigrate - Migrating schema "public" to version "62 - txn portable identity"
01:10:54.327 INFO  [main] o.f.core.internal.command.DbMigrate - Successfully applied 26 migrations to schema "public", now at version v62 (execution time 00:00.019s)
01:10:54.332 INFO  [main] org.flywaydb.core.FlywayExecutor - Database: jdbc:h2:mem:repo_test_0ea6ebcc-c1fb-474b-95fb-b86f976bf125 (H2 2.2)
01:10:54.336 INFO  [main] o.f.c.i.s.JdbcTableSchemaHistory - Schema history table "public"."flyway_schema_history" does not exist yet
01:10:54.336 INFO  [main] o.f.core.internal.command.DbValidate - Successfully validated 26 migrations (execution time 00:00.002s)
01:10:54.336 INFO  [main] o.f.c.i.s.JdbcTableSchemaHistory - Creating Schema History table "public"."flyway_schema_history" ...
01:10:54.337 INFO  [main] o.f.core.internal.command.DbMigrate - Current version of schema "public": << Empty Schema >>
01:10:54.338 INFO  [main] o.f.core.internal.command.DbMigrate - Migrating schema "public" to version "1 - init"
01:10:54.341 INFO  [main] o.f.core.internal.command.DbMigrate - Migrating schema "public" to version "2 - schedule items"
01:10:54.342 INFO  [main] o.f.core.internal.command.DbMigrate - Migrating schema "public" to version "3 - subtype schedule defaults"
01:10:54.343 INFO  [main] o.f.core.internal.command.DbMigrate - Migrating schema "public" to version "4 - journal open item core"
01:10:54.344 INFO  [main] o.f.core.internal.command.DbMigrate - Migrating schema "public" to version "5 - open item concurrency and fks"
01:10:54.345 INFO  [main] o.f.core.internal.command.DbMigrate - Migrating schema "public" to version "6 - workflow run records"
01:10:54.346 INFO  [main] o.f.core.internal.command.DbMigrate - Migrating schema "public" to version "7 - workflow run status constraints"
01:10:54.346 INFO  [main] o.f.core.internal.command.DbMigrate - Migrating schema "public" to version "8 - approval audit records"
01:10:54.347 INFO  [main] o.f.core.internal.command.DbMigrate - Migrating schema "public" to version "45 - add budget category"
01:10:54.349 INFO  [main] o.f.core.internal.command.DbMigrate - Migrating schema "public" to version "46 - company user admin foundation"
01:10:54.351 INFO  [main] o.f.core.internal.command.DbMigrate - Migrating schema "public" to version "47 - accounting period and audit"
01:10:54.351 INFO  [main] o.f.core.internal.command.DbMigrate - Migrating schema "public" to version "48 - transaction corrections"
01:10:54.354 INFO  [main] o.f.core.internal.command.DbMigrate - Migrating schema "public" to version "49 - txn reconciliation protection"
01:10:54.355 INFO  [main] o.f.core.internal.command.DbMigrate - Migrating schema "public" to version "50 - budget plan and line"
01:10:54.357 INFO  [main] o.f.core.internal.command.DbMigrate - Migrating schema "public" to version "51 - bank import batch and statement line"
01:10:54.359 INFO  [main] o.f.core.internal.command.DbMigrate - Migrating schema "public" to version "52 - bank and configured bank account"
01:10:54.363 INFO  [main] o.f.core.internal.command.DbMigrate - Migrating schema "public" to version "53 - bank import review all rows"
01:10:54.364 INFO  [main] o.f.core.internal.command.DbMigrate - Migrating schema "public" to version "54 - txn split cleared state"
01:10:54.367 INFO  [main] o.f.core.internal.command.DbMigrate - Migrating schema "public" to version "55 - fixed assets and depreciation"
01:10:54.369 INFO  [main] o.f.core.internal.command.DbMigrate - Migrating schema "public" to version "56 - inventory items and movements"
01:10:54.370 INFO  [main] o.f.core.internal.command.DbMigrate - Migrating schema "public" to version "57 - bank reconciliation workspace"
01:10:54.371 INFO  [main] o.f.core.internal.command.DbMigrate - Migrating schema "public" to version "58 - txn supplemental lines"
01:10:54.372 INFO  [main] o.f.core.internal.command.DbMigrate - Migrating schema "public" to version "59 - company ui preferences and state"
01:10:54.373 INFO  [main] o.f.core.internal.command.DbMigrate - Migrating schema "public" to version "60 - period close ranges"
01:10:54.377 INFO  [main] o.f.core.internal.command.DbMigrate - Migrating schema "public" to version "61 - company ownership and interchange identity"
01:10:54.402 INFO  [main] o.f.core.internal.command.DbMigrate - Migrating schema "public" to version "62 - txn portable identity"
01:10:54.404 INFO  [main] o.f.core.internal.command.DbMigrate - Successfully applied 26 migrations to schema "public", now at version v62 (execution time 00:00.035s)
01:10:54.410 INFO  [main] org.flywaydb.core.FlywayExecutor - Database: jdbc:h2:mem:repo_test_67ccb131-a784-4ea4-8a4b-a620e483225f (H2 2.2)
01:10:54.413 INFO  [main] o.f.c.i.s.JdbcTableSchemaHistory - Schema history table "public"."flyway_schema_history" does not exist yet
01:10:54.413 INFO  [main] o.f.core.internal.command.DbValidate - Successfully validated 26 migrations (execution time 00:00.002s)
01:10:54.413 INFO  [main] o.f.c.i.s.JdbcTableSchemaHistory - Creating Schema History table "public"."flyway_schema_history" ...
01:10:54.414 INFO  [main] o.f.core.internal.command.DbMigrate - Current version of schema "public": << Empty Schema >>
01:10:54.415 INFO  [main] o.f.core.internal.command.DbMigrate - Migrating schema "public" to version "1 - init"
01:10:54.418 INFO  [main] o.f.core.internal.command.DbMigrate - Migrating schema "public" to version "2 - schedule items"
01:10:54.419 INFO  [main] o.f.core.internal.command.DbMigrate - Migrating schema "public" to version "3 - subtype schedule defaults"
01:10:54.420 INFO  [main] o.f.core.internal.command.DbMigrate - Migrating schema "public" to version "4 - journal open item core"
01:10:54.421 INFO  [main] o.f.core.internal.command.DbMigrate - Migrating schema "public" to version "5 - open item concurrency and fks"
01:10:54.422 INFO  [main] o.f.core.internal.command.DbMigrate - Migrating schema "public" to version "6 - workflow run records"
01:10:54.423 INFO  [main] o.f.core.internal.command.DbMigrate - Migrating schema "public" to version "7 - workflow run status constraints"
01:10:54.423 INFO  [main] o.f.core.internal.command.DbMigrate - Migrating schema "public" to version "8 - approval audit records"
01:10:54.424 INFO  [main] o.f.core.internal.command.DbMigrate - Migrating schema "public" to version "45 - add budget category"
01:10:54.426 INFO  [main] o.f.core.internal.command.DbMigrate - Migrating schema "public" to version "46 - company user admin foundation"
01:10:54.428 INFO  [main] o.f.core.internal.command.DbMigrate - Migrating schema "public" to version "47 - accounting period and audit"
01:10:54.429 INFO  [main] o.f.core.internal.command.DbMigrate - Migrating schema "public" to version "48 - transaction corrections"
01:10:54.431 INFO  [main] o.f.core.internal.command.DbMigrate - Migrating schema "public" to version "49 - txn reconciliation protection"
01:10:54.432 INFO  [main] o.f.core.internal.command.DbMigrate - Migrating schema "public" to version "50 - budget plan and line"
01:10:54.434 INFO  [main] o.f.core.internal.command.DbMigrate - Migrating schema "public" to version "51 - bank import batch and statement line"
01:10:54.436 INFO  [main] o.f.core.internal.command.DbMigrate - Migrating schema "public" to version "52 - bank and configured bank account"
01:10:54.440 INFO  [main] o.f.core.internal.command.DbMigrate - Migrating schema "public" to version "53 - bank import review all rows"
01:10:54.440 INFO  [main] o.f.core.internal.command.DbMigrate - Migrating schema "public" to version "54 - txn split cleared state"
01:10:54.443 INFO  [main] o.f.core.internal.command.DbMigrate - Migrating schema "public" to version "55 - fixed assets and depreciation"
01:10:54.445 INFO  [main] o.f.core.internal.command.DbMigrate - Migrating schema "public" to version "56 - inventory items and movements"
01:10:54.446 INFO  [main] o.f.core.internal.command.DbMigrate - Migrating schema "public" to version "57 - bank reconciliation workspace"
01:10:54.447 INFO  [main] o.f.core.internal.command.DbMigrate - Migrating schema "public" to version "58 - txn supplemental lines"
01:10:54.448 INFO  [main] o.f.core.internal.command.DbMigrate - Migrating schema "public" to version "59 - company ui preferences and state"
01:10:54.449 INFO  [main] o.f.core.internal.command.DbMigrate - Migrating schema "public" to version "60 - period close ranges"
01:10:54.453 INFO  [main] o.f.core.internal.command.DbMigrate - Migrating schema "public" to version "61 - company ownership and interchange identity"
01:10:54.462 INFO  [main] o.f.core.internal.command.DbMigrate - Migrating schema "public" to version "62 - txn portable identity"
01:10:54.464 INFO  [main] o.f.core.internal.command.DbMigrate - Successfully applied 26 migrations to schema "public", now at version v62 (execution time 00:00.019s)
[INFO] Tests run: 10, Failures: 0, Errors: 0, Skipped: 0, Time elapsed: 0.642 s -- in org.nonprofitbookkeeping.repository.JdbcOpenItemSnapshotRepositoryTest
[INFO] Running org.nonprofitbookkeeping.repository.JdbcJournalTransactionRepositoryTest
01:10:54.472 INFO  [main] org.flywaydb.core.FlywayExecutor - Database: jdbc:h2:mem:repo_test_cbc48e79-803f-4941-abf8-88e321e0b910 (H2 2.2)
01:10:54.475 INFO  [main] o.f.c.i.s.JdbcTableSchemaHistory - Schema history table "public"."flyway_schema_history" does not exist yet
01:10:54.475 INFO  [main] o.f.core.internal.command.DbValidate - Successfully validated 26 migrations (execution time 00:00.002s)
01:10:54.476 INFO  [main] o.f.c.i.s.JdbcTableSchemaHistory - Creating Schema History table "public"."flyway_schema_history" ...
01:10:54.476 INFO  [main] o.f.core.internal.command.DbMigrate - Current version of schema "public": << Empty Schema >>
01:10:54.478 INFO  [main] o.f.core.internal.command.DbMigrate - Migrating schema "public" to version "1 - init"
01:10:54.480 INFO  [main] o.f.core.internal.command.DbMigrate - Migrating schema "public" to version "2 - schedule items"
01:10:54.481 INFO  [main] o.f.core.internal.command.DbMigrate - Migrating schema "public" to version "3 - subtype schedule defaults"
01:10:54.482 INFO  [main] o.f.core.internal.command.DbMigrate - Migrating schema "public" to version "4 - journal open item core"
01:10:54.483 INFO  [main] o.f.core.internal.command.DbMigrate - Migrating schema "public" to version "5 - open item concurrency and fks"
01:10:54.484 INFO  [main] o.f.core.internal.command.DbMigrate - Migrating schema "public" to version "6 - workflow run records"
01:10:54.485 INFO  [main] o.f.core.internal.command.DbMigrate - Migrating schema "public" to version "7 - workflow run status constraints"
01:10:54.485 INFO  [main] o.f.core.internal.command.DbMigrate - Migrating schema "public" to version "8 - approval audit records"
01:10:54.486 INFO  [main] o.f.core.internal.command.DbMigrate - Migrating schema "public" to version "45 - add budget category"
01:10:54.488 INFO  [main] o.f.core.internal.command.DbMigrate - Migrating schema "public" to version "46 - company user admin foundation"
01:10:54.490 INFO  [main] o.f.core.internal.command.DbMigrate - Migrating schema "public" to version "47 - accounting period and audit"
01:10:54.491 INFO  [main] o.f.core.internal.command.DbMigrate - Migrating schema "public" to version "48 - transaction corrections"
01:10:54.493 INFO  [main] o.f.core.internal.command.DbMigrate - Migrating schema "public" to version "49 - txn reconciliation protection"
01:10:54.494 INFO  [main] o.f.core.internal.command.DbMigrate - Migrating schema "public" to version "50 - budget plan and line"
01:10:54.496 INFO  [main] o.f.core.internal.command.DbMigrate - Migrating schema "public" to version "51 - bank import batch and statement line"
01:10:54.498 INFO  [main] o.f.core.internal.command.DbMigrate - Migrating schema "public" to version "52 - bank and configured bank account"
01:10:54.502 INFO  [main] o.f.core.internal.command.DbMigrate - Migrating schema "public" to version "53 - bank import review all rows"
01:10:54.503 INFO  [main] o.f.core.internal.command.DbMigrate - Migrating schema "public" to version "54 - txn split cleared state"
01:10:54.505 INFO  [main] o.f.core.internal.command.DbMigrate - Migrating schema "public" to version "55 - fixed assets and depreciation"
01:10:54.507 INFO  [main] o.f.core.internal.command.DbMigrate - Migrating schema "public" to version "56 - inventory items and movements"
01:10:54.508 INFO  [main] o.f.core.internal.command.DbMigrate - Migrating schema "public" to version "57 - bank reconciliation workspace"
01:10:54.510 INFO  [main] o.f.core.internal.command.DbMigrate - Migrating schema "public" to version "58 - txn supplemental lines"
01:10:54.511 INFO  [main] o.f.core.internal.command.DbMigrate - Migrating schema "public" to version "59 - company ui preferences and state"
01:10:54.511 INFO  [main] o.f.core.internal.command.DbMigrate - Migrating schema "public" to version "60 - period close ranges"
01:10:54.515 INFO  [main] o.f.core.internal.command.DbMigrate - Migrating schema "public" to version "61 - company ownership and interchange identity"
01:10:54.524 INFO  [main] o.f.core.internal.command.DbMigrate - Migrating schema "public" to version "62 - txn portable identity"
01:10:54.526 INFO  [main] o.f.core.internal.command.DbMigrate - Successfully applied 26 migrations to schema "public", now at version v62 (execution time 00:00.018s)
01:10:54.532 INFO  [main] org.flywaydb.core.FlywayExecutor - Database: jdbc:h2:mem:repo_test_45b93483-b26a-45ac-bcee-7114a8cf526c (H2 2.2)
01:10:54.535 INFO  [main] o.f.c.i.s.JdbcTableSchemaHistory - Schema history table "public"."flyway_schema_history" does not exist yet
01:10:54.535 INFO  [main] o.f.core.internal.command.DbValidate - Successfully validated 26 migrations (execution time 00:00.002s)
01:10:54.535 INFO  [main] o.f.c.i.s.JdbcTableSchemaHistory - Creating Schema History table "public"."flyway_schema_history" ...
01:10:54.536 INFO  [main] o.f.core.internal.command.DbMigrate - Current version of schema "public": << Empty Schema >>
01:10:54.537 INFO  [main] o.f.core.internal.command.DbMigrate - Migrating schema "public" to version "1 - init"
01:10:54.540 INFO  [main] o.f.core.internal.command.DbMigrate - Migrating schema "public" to version "2 - schedule items"
01:10:54.541 INFO  [main] o.f.core.internal.command.DbMigrate - Migrating schema "public" to version "3 - subtype schedule defaults"
01:10:54.542 INFO  [main] o.f.core.internal.command.DbMigrate - Migrating schema "public" to version "4 - journal open item core"
01:10:54.543 INFO  [main] o.f.core.internal.command.DbMigrate - Migrating schema "public" to version "5 - open item concurrency and fks"
01:10:54.544 INFO  [main] o.f.core.internal.command.DbMigrate - Migrating schema "public" to version "6 - workflow run records"
01:10:54.545 INFO  [main] o.f.core.internal.command.DbMigrate - Migrating schema "public" to version "7 - workflow run status constraints"
01:10:54.545 INFO  [main] o.f.core.internal.command.DbMigrate - Migrating schema "public" to version "8 - approval audit records"
01:10:54.546 INFO  [main] o.f.core.internal.command.DbMigrate - Migrating schema "public" to version "45 - add budget category"
01:10:54.548 INFO  [main] o.f.core.internal.command.DbMigrate - Migrating schema "public" to version "46 - company user admin foundation"
01:10:54.550 INFO  [main] o.f.core.internal.command.DbMigrate - Migrating schema "public" to version "47 - accounting period and audit"
01:10:54.551 INFO  [main] o.f.core.internal.command.DbMigrate - Migrating schema "public" to version "48 - transaction corrections"
01:10:54.553 INFO  [main] o.f.core.internal.command.DbMigrate - Migrating schema "public" to version "49 - txn reconciliation protection"
01:10:54.554 INFO  [main] o.f.core.internal.command.DbMigrate - Migrating schema "public" to version "50 - budget plan and line"
01:10:54.556 INFO  [main] o.f.core.internal.command.DbMigrate - Migrating schema "public" to version "51 - bank import batch and statement line"
01:10:54.557 INFO  [main] o.f.core.internal.command.DbMigrate - Migrating schema "public" to version "52 - bank and configured bank account"
01:10:54.562 INFO  [main] o.f.core.internal.command.DbMigrate - Migrating schema "public" to version "53 - bank import review all rows"
01:10:54.562 INFO  [main] o.f.core.internal.command.DbMigrate - Migrating schema "public" to version "54 - txn split cleared state"
01:10:54.565 INFO  [main] o.f.core.internal.command.DbMigrate - Migrating schema "public" to version "55 - fixed assets and depreciation"
01:10:54.567 INFO  [main] o.f.core.internal.command.DbMigrate - Migrating schema "public" to version "56 - inventory items and movements"
01:10:54.568 INFO  [main] o.f.core.internal.command.DbMigrate - Migrating schema "public" to version "57 - bank reconciliation workspace"
01:10:54.569 INFO  [main] o.f.core.internal.command.DbMigrate - Migrating schema "public" to version "58 - txn supplemental lines"
01:10:54.570 INFO  [main] o.f.core.internal.command.DbMigrate - Migrating schema "public" to version "59 - company ui preferences and state"
01:10:54.571 INFO  [main] o.f.core.internal.command.DbMigrate - Migrating schema "public" to version "60 - period close ranges"
01:10:54.575 INFO  [main] o.f.core.internal.command.DbMigrate - Migrating schema "public" to version "61 - company ownership and interchange identity"
01:10:54.585 INFO  [main] o.f.core.internal.command.DbMigrate - Migrating schema "public" to version "62 - txn portable identity"
01:10:54.586 INFO  [main] o.f.core.internal.command.DbMigrate - Successfully applied 26 migrations to schema "public", now at version v62 (execution time 00:00.017s)
[INFO] Tests run: 2, Failures: 0, Errors: 0, Skipped: 0, Time elapsed: 0.120 s -- in org.nonprofitbookkeeping.repository.JdbcJournalTransactionRepositoryTest
[INFO] Running org.nonprofitbookkeeping.repository.JdbcPeriodCloseRunRepositoryTest
01:10:54.593 INFO  [main] org.flywaydb.core.FlywayExecutor - Database: jdbc:h2:mem:repo_test_a382c19f-1ab1-44ba-b98b-c754ffef009f (H2 2.2)
01:10:54.597 INFO  [main] o.f.c.i.s.JdbcTableSchemaHistory - Schema history table "public"."flyway_schema_history" does not exist yet
01:10:54.597 INFO  [main] o.f.core.internal.command.DbValidate - Successfully validated 26 migrations (execution time 00:00.003s)
01:10:54.597 INFO  [main] o.f.c.i.s.JdbcTableSchemaHistory - Creating Schema History table "public"."flyway_schema_history" ...
01:10:54.598 INFO  [main] o.f.core.internal.command.DbMigrate - Current version of schema "public": << Empty Schema >>
01:10:54.601 INFO  [main] o.f.core.internal.command.DbMigrate - Migrating schema "public" to version "1 - init"
01:10:54.605 INFO  [main] o.f.core.internal.command.DbMigrate - Migrating schema "public" to version "2 - schedule items"
01:10:54.607 INFO  [main] o.f.core.internal.command.DbMigrate - Migrating schema "public" to version "3 - subtype schedule defaults"
01:10:54.608 INFO  [main] o.f.core.internal.command.DbMigrate - Migrating schema "public" to version "4 - journal open item core"
01:10:54.609 INFO  [main] o.f.core.internal.command.DbMigrate - Migrating schema "public" to version "5 - open item concurrency and fks"
01:10:54.610 INFO  [main] o.f.core.internal.command.DbMigrate - Migrating schema "public" to version "6 - workflow run records"
01:10:54.611 INFO  [main] o.f.core.internal.command.DbMigrate - Migrating schema "public" to version "7 - workflow run status constraints"
01:10:54.611 INFO  [main] o.f.core.internal.command.DbMigrate - Migrating schema "public" to version "8 - approval audit records"
01:10:54.612 INFO  [main] o.f.core.internal.command.DbMigrate - Migrating schema "public" to version "45 - add budget category"
01:10:54.614 INFO  [main] o.f.core.internal.command.DbMigrate - Migrating schema "public" to version "46 - company user admin foundation"
01:10:54.616 INFO  [main] o.f.core.internal.command.DbMigrate - Migrating schema "public" to version "47 - accounting period and audit"
01:10:54.617 INFO  [main] o.f.core.internal.command.DbMigrate - Migrating schema "public" to version "48 - transaction corrections"
01:10:54.619 INFO  [main] o.f.core.internal.command.DbMigrate - Migrating schema "public" to version "49 - txn reconciliation protection"
01:10:54.620 INFO  [main] o.f.core.internal.command.DbMigrate - Migrating schema "public" to version "50 - budget plan and line"
01:10:54.622 INFO  [main] o.f.core.internal.command.DbMigrate - Migrating schema "public" to version "51 - bank import batch and statement line"
01:10:54.624 INFO  [main] o.f.core.internal.command.DbMigrate - Migrating schema "public" to version "52 - bank and configured bank account"
01:10:54.627 INFO  [main] o.f.core.internal.command.DbMigrate - Migrating schema "public" to version "53 - bank import review all rows"
01:10:54.628 INFO  [main] o.f.core.internal.command.DbMigrate - Migrating schema "public" to version "54 - txn split cleared state"
01:10:54.631 INFO  [main] o.f.core.internal.command.DbMigrate - Migrating schema "public" to version "55 - fixed assets and depreciation"
01:10:54.632 INFO  [main] o.f.core.internal.command.DbMigrate - Migrating schema "public" to version "56 - inventory items and movements"
01:10:54.634 INFO  [main] o.f.core.internal.command.DbMigrate - Migrating schema "public" to version "57 - bank reconciliation workspace"
01:10:54.635 INFO  [main] o.f.core.internal.command.DbMigrate - Migrating schema "public" to version "58 - txn supplemental lines"
01:10:54.636 INFO  [main] o.f.core.internal.command.DbMigrate - Migrating schema "public" to version "59 - company ui preferences and state"
01:10:54.637 INFO  [main] o.f.core.internal.command.DbMigrate - Migrating schema "public" to version "60 - period close ranges"
01:10:54.641 INFO  [main] o.f.core.internal.command.DbMigrate - Migrating schema "public" to version "61 - company ownership and interchange identity"
01:10:54.649 INFO  [main] o.f.core.internal.command.DbMigrate - Migrating schema "public" to version "62 - txn portable identity"
01:10:54.651 INFO  [main] o.f.core.internal.command.DbMigrate - Successfully applied 26 migrations to schema "public", now at version v62 (execution time 00:00.019s)
01:10:54.656 INFO  [main] org.flywaydb.core.FlywayExecutor - Database: jdbc:h2:mem:repo_test_478f5c72-a171-4a93-b6c5-08a1d2e5d24f (H2 2.2)
01:10:54.659 INFO  [main] o.f.c.i.s.JdbcTableSchemaHistory - Schema history table "public"."flyway_schema_history" does not exist yet
01:10:54.659 INFO  [main] o.f.core.internal.command.DbValidate - Successfully validated 26 migrations (execution time 00:00.002s)
01:10:54.659 INFO  [main] o.f.c.i.s.JdbcTableSchemaHistory - Creating Schema History table "public"."flyway_schema_history" ...
01:10:54.660 INFO  [main] o.f.core.internal.command.DbMigrate - Current version of schema "public": << Empty Schema >>
01:10:54.661 INFO  [main] o.f.core.internal.command.DbMigrate - Migrating schema "public" to version "1 - init"
01:10:54.664 INFO  [main] o.f.core.internal.command.DbMigrate - Migrating schema "public" to version "2 - schedule items"
01:10:54.665 INFO  [main] o.f.core.internal.command.DbMigrate - Migrating schema "public" to version "3 - subtype schedule defaults"
01:10:54.666 INFO  [main] o.f.core.internal.command.DbMigrate - Migrating schema "public" to version "4 - journal open item core"
01:10:54.667 INFO  [main] o.f.core.internal.command.DbMigrate - Migrating schema "public" to version "5 - open item concurrency and fks"
01:10:54.668 INFO  [main] o.f.core.internal.command.DbMigrate - Migrating schema "public" to version "6 - workflow run records"
01:10:54.668 INFO  [main] o.f.core.internal.command.DbMigrate - Migrating schema "public" to version "7 - workflow run status constraints"
01:10:54.669 INFO  [main] o.f.core.internal.command.DbMigrate - Migrating schema "public" to version "8 - approval audit records"
01:10:54.669 INFO  [main] o.f.core.internal.command.DbMigrate - Migrating schema "public" to version "45 - add budget category"
01:10:54.671 INFO  [main] o.f.core.internal.command.DbMigrate - Migrating schema "public" to version "46 - company user admin foundation"
01:10:54.673 INFO  [main] o.f.core.internal.command.DbMigrate - Migrating schema "public" to version "47 - accounting period and audit"
01:10:54.674 INFO  [main] o.f.core.internal.command.DbMigrate - Migrating schema "public" to version "48 - transaction corrections"
01:10:54.676 INFO  [main] o.f.core.internal.command.DbMigrate - Migrating schema "public" to version "49 - txn reconciliation protection"
01:10:54.677 INFO  [main] o.f.core.internal.command.DbMigrate - Migrating schema "public" to version "50 - budget plan and line"
01:10:54.679 INFO  [main] o.f.core.internal.command.DbMigrate - Migrating schema "public" to version "51 - bank import batch and statement line"
01:10:54.681 INFO  [main] o.f.core.internal.command.DbMigrate - Migrating schema "public" to version "52 - bank and configured bank account"
01:10:54.685 INFO  [main] o.f.core.internal.command.DbMigrate - Migrating schema "public" to version "53 - bank import review all rows"
01:10:54.686 INFO  [main] o.f.core.internal.command.DbMigrate - Migrating schema "public" to version "54 - txn split cleared state"
01:10:54.688 INFO  [main] o.f.core.internal.command.DbMigrate - Migrating schema "public" to version "55 - fixed assets and depreciation"
01:10:54.690 INFO  [main] o.f.core.internal.command.DbMigrate - Migrating schema "public" to version "56 - inventory items and movements"
01:10:54.692 INFO  [main] o.f.core.internal.command.DbMigrate - Migrating schema "public" to version "57 - bank reconciliation workspace"
01:10:54.693 INFO  [main] o.f.core.internal.command.DbMigrate - Migrating schema "public" to version "58 - txn supplemental lines"
01:10:54.694 INFO  [main] o.f.core.internal.command.DbMigrate - Migrating schema "public" to version "59 - company ui preferences and state"
01:10:54.694 INFO  [main] o.f.core.internal.command.DbMigrate - Migrating schema "public" to version "60 - period close ranges"
01:10:54.698 INFO  [main] o.f.core.internal.command.DbMigrate - Migrating schema "public" to version "61 - company ownership and interchange identity"
01:10:54.707 INFO  [main] o.f.core.internal.command.DbMigrate - Migrating schema "public" to version "62 - txn portable identity"
01:10:54.709 INFO  [main] o.f.core.internal.command.DbMigrate - Successfully applied 26 migrations to schema "public", now at version v62 (execution time 00:00.016s)
01:10:54.715 INFO  [main] org.flywaydb.core.FlywayExecutor - Database: jdbc:h2:mem:repo_test_a6dbe96f-849e-4dc9-a3aa-625268479fc7 (H2 2.2)
01:10:54.739 INFO  [main] o.f.c.i.s.JdbcTableSchemaHistory - Schema history table "public"."flyway_schema_history" does not exist yet
01:10:54.739 INFO  [main] o.f.core.internal.command.DbValidate - Successfully validated 26 migrations (execution time 00:00.023s)
01:10:54.740 INFO  [main] o.f.c.i.s.JdbcTableSchemaHistory - Creating Schema History table "public"."flyway_schema_history" ...
01:10:54.741 INFO  [main] o.f.core.internal.command.DbMigrate - Current version of schema "public": << Empty Schema >>
01:10:54.743 INFO  [main] o.f.core.internal.command.DbMigrate - Migrating schema "public" to version "1 - init"
01:10:54.747 INFO  [main] o.f.core.internal.command.DbMigrate - Migrating schema "public" to version "2 - schedule items"
01:10:54.749 INFO  [main] o.f.core.internal.command.DbMigrate - Migrating schema "public" to version "3 - subtype schedule defaults"
01:10:54.750 INFO  [main] o.f.core.internal.command.DbMigrate - Migrating schema "public" to version "4 - journal open item core"
01:10:54.751 INFO  [main] o.f.core.internal.command.DbMigrate - Migrating schema "public" to version "5 - open item concurrency and fks"
01:10:54.753 INFO  [main] o.f.core.internal.command.DbMigrate - Migrating schema "public" to version "6 - workflow run records"
01:10:54.754 INFO  [main] o.f.core.internal.command.DbMigrate - Migrating schema "public" to version "7 - workflow run status constraints"
01:10:54.755 INFO  [main] o.f.core.internal.command.DbMigrate - Migrating schema "public" to version "8 - approval audit records"
01:10:54.756 INFO  [main] o.f.core.internal.command.DbMigrate - Migrating schema "public" to version "45 - add budget category"
01:10:54.759 INFO  [main] o.f.core.internal.command.DbMigrate - Migrating schema "public" to version "46 - company user admin foundation"
01:10:54.762 INFO  [main] o.f.core.internal.command.DbMigrate - Migrating schema "public" to version "47 - accounting period and audit"
01:10:54.763 INFO  [main] o.f.core.internal.command.DbMigrate - Migrating schema "public" to version "48 - transaction corrections"
01:10:54.767 INFO  [main] o.f.core.internal.command.DbMigrate - Migrating schema "public" to version "49 - txn reconciliation protection"
01:10:54.768 INFO  [main] o.f.core.internal.command.DbMigrate - Migrating schema "public" to version "50 - budget plan and line"
01:10:54.771 INFO  [main] o.f.core.internal.command.DbMigrate - Migrating schema "public" to version "51 - bank import batch and statement line"
01:10:54.774 INFO  [main] o.f.core.internal.command.DbMigrate - Migrating schema "public" to version "52 - bank and configured bank account"
01:10:54.780 INFO  [main] o.f.core.internal.command.DbMigrate - Migrating schema "public" to version "53 - bank import review all rows"
01:10:54.781 INFO  [main] o.f.core.internal.command.DbMigrate - Migrating schema "public" to version "54 - txn split cleared state"
01:10:54.785 INFO  [main] o.f.core.internal.command.DbMigrate - Migrating schema "public" to version "55 - fixed assets and depreciation"
01:10:54.787 INFO  [main] o.f.core.internal.command.DbMigrate - Migrating schema "public" to version "56 - inventory items and movements"
01:10:54.788 INFO  [main] o.f.core.internal.command.DbMigrate - Migrating schema "public" to version "57 - bank reconciliation workspace"
01:10:54.790 INFO  [main] o.f.core.internal.command.DbMigrate - Migrating schema "public" to version "58 - txn supplemental lines"
01:10:54.791 INFO  [main] o.f.core.internal.command.DbMigrate - Migrating schema "public" to version "59 - company ui preferences and state"
01:10:54.792 INFO  [main] o.f.core.internal.command.DbMigrate - Migrating schema "public" to version "60 - period close ranges"
01:10:54.796 INFO  [main] o.f.core.internal.command.DbMigrate - Migrating schema "public" to version "61 - company ownership and interchange identity"
01:10:54.805 INFO  [main] o.f.core.internal.command.DbMigrate - Migrating schema "public" to version "62 - txn portable identity"
01:10:54.806 INFO  [main] o.f.core.internal.command.DbMigrate - Successfully applied 26 migrations to schema "public", now at version v62 (execution time 00:00.024s)
[INFO] Tests run: 3, Failures: 0, Errors: 0, Skipped: 0, Time elapsed: 0.219 s -- in org.nonprofitbookkeeping.repository.JdbcPeriodCloseRunRepositoryTest
[INFO] Running org.nonprofitbookkeeping.report.ReportRequestTest
[INFO] Tests run: 5, Failures: 0, Errors: 0, Skipped: 0, Time elapsed: 0.004 s -- in org.nonprofitbookkeeping.report.ReportRequestTest
[INFO] Running org.nonprofitbookkeeping.report.ReportExecutionServiceIntegrationTest
[NPBK] Preparing database: /tmp/junit6201667609811698641/report-execution
[NPBK] Flyway migration starting.
[NPBK] JDBC URL: jdbc:h2:file:/tmp/junit6201667609811698641/report-execution;MODE=PostgreSQL;DATABASE_TO_LOWER=TRUE;DEFAULT_NULL_ORDERING=HIGH;INIT=CREATE SCHEMA IF NOT EXISTS PUBLIC\;SET SCHEMA PUBLIC
01:10:54.825 INFO  [main] org.flywaydb.core.FlywayExecutor - Database: jdbc:h2:file:/tmp/junit6201667609811698641/report-execution (H2 2.2)
01:10:54.829 INFO  [main] o.f.c.i.s.JdbcTableSchemaHistory - Schema history table "public"."flyway_schema_history" does not exist yet
01:10:54.829 INFO  [main] o.f.core.internal.command.DbValidate - Successfully validated 26 migrations (execution time 00:00.002s)
01:10:54.829 INFO  [main] o.f.c.i.s.JdbcTableSchemaHistory - Creating Schema History table "public"."flyway_schema_history" ...
01:10:54.830 INFO  [main] o.f.core.internal.command.DbMigrate - Current version of schema "public": << Empty Schema >>
01:10:54.832 INFO  [main] o.f.core.internal.command.DbMigrate - Migrating schema "public" to version "1 - init"
01:10:54.834 INFO  [main] o.f.core.internal.command.DbMigrate - Migrating schema "public" to version "2 - schedule items"
01:10:54.835 INFO  [main] o.f.core.internal.command.DbMigrate - Migrating schema "public" to version "3 - subtype schedule defaults"
01:10:54.836 INFO  [main] o.f.core.internal.command.DbMigrate - Migrating schema "public" to version "4 - journal open item core"
01:10:54.837 INFO  [main] o.f.core.internal.command.DbMigrate - Migrating schema "public" to version "5 - open item concurrency and fks"
01:10:54.838 INFO  [main] o.f.core.internal.command.DbMigrate - Migrating schema "public" to version "6 - workflow run records"
01:10:54.839 INFO  [main] o.f.core.internal.command.DbMigrate - Migrating schema "public" to version "7 - workflow run status constraints"
01:10:54.839 INFO  [main] o.f.core.internal.command.DbMigrate - Migrating schema "public" to version "8 - approval audit records"
01:10:54.840 INFO  [main] o.f.core.internal.command.DbMigrate - Migrating schema "public" to version "45 - add budget category"
01:10:54.842 INFO  [main] o.f.core.internal.command.DbMigrate - Migrating schema "public" to version "46 - company user admin foundation"
01:10:54.844 INFO  [main] o.f.core.internal.command.DbMigrate - Migrating schema "public" to version "47 - accounting period and audit"
01:10:54.845 INFO  [main] o.f.core.internal.command.DbMigrate - Migrating schema "public" to version "48 - transaction corrections"
01:10:54.847 INFO  [main] o.f.core.internal.command.DbMigrate - Migrating schema "public" to version "49 - txn reconciliation protection"
01:10:54.848 INFO  [main] o.f.core.internal.command.DbMigrate - Migrating schema "public" to version "50 - budget plan and line"
01:10:54.849 INFO  [main] o.f.core.internal.command.DbMigrate - Migrating schema "public" to version "51 - bank import batch and statement line"
01:10:54.851 INFO  [main] o.f.core.internal.command.DbMigrate - Migrating schema "public" to version "52 - bank and configured bank account"
01:10:54.855 INFO  [main] o.f.core.internal.command.DbMigrate - Migrating schema "public" to version "53 - bank import review all rows"
01:10:54.856 INFO  [main] o.f.core.internal.command.DbMigrate - Migrating schema "public" to version "54 - txn split cleared state"
01:10:54.859 INFO  [main] o.f.core.internal.command.DbMigrate - Migrating schema "public" to version "55 - fixed assets and depreciation"
01:10:54.861 INFO  [main] o.f.core.internal.command.DbMigrate - Migrating schema "public" to version "56 - inventory items and movements"
01:10:54.862 INFO  [main] o.f.core.internal.command.DbMigrate - Migrating schema "public" to version "57 - bank reconciliation workspace"
01:10:54.863 INFO  [main] o.f.core.internal.command.DbMigrate - Migrating schema "public" to version "58 - txn supplemental lines"
01:10:54.864 INFO  [main] o.f.core.internal.command.DbMigrate - Migrating schema "public" to version "59 - company ui preferences and state"
01:10:54.865 INFO  [main] o.f.core.internal.command.DbMigrate - Migrating schema "public" to version "60 - period close ranges"
01:10:54.869 INFO  [main] o.f.core.internal.command.DbMigrate - Migrating schema "public" to version "61 - company ownership and interchange identity"
01:10:54.881 INFO  [main] o.f.core.internal.command.DbMigrate - Migrating schema "public" to version "62 - txn portable identity"
01:10:54.884 INFO  [main] o.f.core.internal.command.DbMigrate - Successfully applied 26 migrations to schema "public", now at version v62 (execution time 00:00.021s)
[NPBK] Flyway migration complete.
[NPBK] Creating JPA EntityManagerFactory for selected database.
01:10:54.943 INFO  [main] com.zaxxer.hikari.HikariDataSource - HikariPool-92 - Starting...
01:10:54.954 INFO  [main] com.zaxxer.hikari.HikariDataSource - HikariPool-92 - Start completed.
[NPBK] JPA EntityManagerFactory created for selected database.
01:10:55.085 INFO  [main] com.zaxxer.hikari.HikariDataSource - HikariPool-92 - Shutdown initiated...
01:10:55.089 INFO  [main] com.zaxxer.hikari.HikariDataSource - HikariPool-92 - Shutdown completed.
[INFO] Tests run: 1, Failures: 0, Errors: 0, Skipped: 0, Time elapsed: 0.278 s -- in org.nonprofitbookkeeping.report.ReportExecutionServiceIntegrationTest
[INFO] Running org.nonprofitbookkeeping.feature.CapabilityCoverageCatalogTest
[INFO] Tests run: 2, Failures: 0, Errors: 0, Skipped: 0, Time elapsed: 0.003 s -- in org.nonprofitbookkeeping.feature.CapabilityCoverageCatalogTest
[INFO] 
[INFO] Results:
[INFO] 
[WARNING] Tests run: 410, Failures: 0, Errors: 0, Skipped: 24
[INFO] 
[INFO] 
[INFO] --- jar:3.5.0:jar (default-jar) @ sca-ledger-h2-jakarta ---
[INFO] Building jar: /home/runner/work/sca-jakarta-h2/sca-jakarta-h2/target/sca-ledger-h2-jakarta-0.2.0-SNAPSHOT.jar
[INFO] ------------------------------------------------------------------------
[INFO] BUILD SUCCESS
[INFO] ------------------------------------------------------------------------
[INFO] Total time:  01:03 min
[INFO] Finished at: 2026-07-27T01:10:55Z
[INFO] ------------------------------------------------------------------------
MAVEN_EXIT_CODE=0
